atto_group,doc_type,category,subcategory,oggetto,numero_atto,data_atto,importo_max,importo_sum,cig,cup,beneficiario,accounting_relevant,missing_amount_expected,anomalie
Avviso_101__5228_DeterminaGenerica_Copia_101_2026,Determinazione,Contabilità,Bando,Approvazione Avviso pubblico di manifestazione di interesse per la costituzione di una Short List di Guide Turistiche abilitate.,5.0,13/02/2026,,0.0,,,,True,True,
Avviso_101__5228_Domanda_short_list_SCHEMA,Avviso,Cultura e Turismo,Bando,Domanda di inserimento nella Short List di Guide Turistiche abilitate. Il/La sottoscritto/a __________________________________________ nato/a a ____________________________ (_____) il ___/___/______ residente in _________________________________________________ Codice Fiscale/ P.Iva ________________________________________________ recapito telefonico ____________________________________________ indirizzo e-mail ________________________________________________ PEC (se in possesso) ___________________________________________ CHIEDE COMUNE DI AVELLA PROV. DI AVELLINO CITTA’ D’ARTE SERVIZIO TURISMO E PROMOZIONE DEL TERRITORIO di essere inserito/a nella Short List istituita dal Comune di Avella in qualità di Guida Turistica abilitata. A TAL FINE DICHIARA (Consapevole delle responsabilità penali previste dall’art. 76 del D.P.R. 445/2000 in caso di dichiarazioni mendaci) o di essere in possesso dei requisiti professionali previsti dalla normativa vigente per lo svolgimento dell’attività; o di non trovarsi in condizioni che comportino l’incapacità di contrarre con la Pubblica Amministrazione; o di non essere destinatario/a di provvedimenti che comportino l’interdizione o la sospensione dall’esercizio dell’attività professionale; o di non trovarsi in situazioni di conflitto di interesse con il Comune di Avella; o di essere in possesso dei requisiti morali richiesti dalla normativa vigente; o di accettare integralmente le condizioni previste dall’Avviso pubblico. ALLEGA: ☐ Curriculum v...,,,,0.0,,,,False,False,
Avviso_101__5228_short_list_SCHEMA_DI_MANIFESTAZIONE,Avviso,Contabilità,Liquidazione,,,,250.0,400.0,,,,True,False,
Avviso_195__5388_DeterminaaContrarre_Copia_195_2026,Determinazione,Regolamenti,Bando,"Avvio della procedura per l'affidamento diretto, ai sensi dell'art. 50, comma 1, lett. b), del D.Lgs. 36/2023, mediante stipula di accordo quadro ex art. 59, comma 1, del medesimo Decreto, dei servizi di supporto tecnico-amministrativo al RUP per la programmazione, gestione, attuazione, monitoraggio e rendicontazione degli interventi PNRR - Approvazione dell'Avviso pubblico di manifestazione di interesse e relativi allegati",132.0,17/03/2026,140000.0,422832.0,,J27G22000110006,DIVERSI,True,False,
Avviso_195__5388_VistoContabile,VistoContabile,Contabilità,,,480.0,26/04/2024,71462.0,95252.0,,J27G22000110006,DIVERSI,True,False,
Avviso_198__5394_DeterminaGenerica_Copia_198_2026,Determinazione,Contabilità,Concorso,"Avvio dell’indagine di mercato e della procedura di affidamento diretto ex art. 50, comma 1, lett. a) del D.Lgs. 36/2023, per la fornitura e posa in opera di arredi in legno massello, rivestimento del soppalco a sbalzo e predisposizione canali per il cablaggio dell’impianto di illuminazione, destinati alla Biblioteca Comunale in fase di allestimento - Approvazione Avviso di Manifestazione di Interesse, Capitolato Speciale d’Appalto",133.0,17/03/2026,97600.0,257740.0,RICHIAMATO,J23G23000020004,,True,False,
Avviso_198__5394_VistoContabile,VistoContabile,Contabilità,,,,,,0.0,,,,True,False,
Avviso_1__5084_AttestazionePubblicazione,AttestazionePubblicazione,Regolamenti,Bando,OGGETTO: Avviso pubblico “INSIEME SI VINCE” della Presidenza del Consiglio dei Ministri – Dipartimento per le Politiche della Famiglia. Approvazione del progetto ammesso a finanziamento e del relativo quadro economico.,1.0,13/01/2026,,0.0,,,,False,False,
Avviso_1__5084_DeliberadiGiunta_Copia_1_2026,Delibera,Regolamenti,Bando,"OGGETTO: Avviso pubblico “INSIEME SI VINCE” della Presidenza del Consiglio dei Ministri – Dipartimento per le Politiche della Famiglia. Approvazione del progetto ammesso a finanziamento e del relativo quadro economico. Nominativo Ruolo Presente Assente Da remoto BIANCARDI VINCENZO SINDACO Presente ALAIA ANNA VICESINDACO Presente BIANCARDI LUIGI ASSESSORE Presente BIANCARDI GIOVANNI ASSESSORE Presente CERBONE SANTINA ASSESSORE Presente Tot. 5 Tot. 0 COPIA Piazza Municipio n. 1, C.A.P: 83021 - Avella (AV); P. IVA 00248800641; Tel/Fax 081.8259343; PEC: comune.avella@cert.irpinianet.eu; http://www.comune.avella.av.it.",56.0,15/04/2025,,0.0,,,,True,True,
Avviso_1__5084_Modello_A_Avella_1,Avviso,Regolamenti,Bando,,,,40000.0,145592.564,,,CENTRO SUPPORTO FAMIGLIE - AVELLA Indirizzo,True,False,
Avviso_232__5050_DOMANDA_VOUCHER_TRASPORTO_SCHEMAA2025,Avviso,Regolamenti,,"Richiesta voucher/contributo per il trasporto degli alunni con disabilità, frequentanti la scuola dell’infanzia, primaria e secondaria di 1° grado (anno 2025). Generalità del genitore o della persona esercitante la potestà genitoriale NOME COGNOME LUOGO E DATA DI NASCITA CELL CODICE FISCALE IBAN Generalità dell’alunno, dichiarazione di frequenza e dati istituto NOME COGNOME LUOGO E DATA DI NASCITA CODICE FISCALE GRADO DI SCUOLA FREQUENTATA (infanzia, primaria, secondaria 1° grado) DENOMINAZIONE DELL’ISTITUTO VIA/PIAZZA N. CIVICO COMUNE PROVINCIA CLASSE FREQUENTATA NELL’A.S. 2025-2026 Residenza anagrafica del nucleo familiare VIA/PIAZZA N. CIVICO COMUNE PROVINCIA Numero di telefono Indirizzo e-mail C H I E D E il voucher/contributo per il trasporto degli alunni con disabilità frequentanti la scuola dell’infanzia, primaria e secondaria di 1° grado (anno 2025) per il suddetto minore con disabilità. A tal fine, consapevole delle conseguenze amministrative e penali derivanti dal rilasciare dichiarazioni false o mendaci, non corrispondenti a verità, nonché della possibilità di controlli diretti ad accertare le informazioni fornite e che la non veridicità delle dichiarazioni comporterà la decadenza del beneficio, ai sensi del D.P.R. 445/2000 artt. 3, 46, 47, 76 dichiara di effettuare la richiesta in osservanza delle disposizioni sulle responsabilità genitoriale di cui agli artt. 316, 337 ter e 337 quater del codice civile, che richiedono il consenso di entrambi i genitori D I C H I ...",,,,0.0,,,,False,False,
Avviso_232__5050_DeterminadiImpegno_Copia_759_2025,Determinazione,Regolamenti,Bando,"Contributi/voucher alle famiglie con figli disabili frequentanti la scuola dell’infanzia, primaria e/o secondaria di 1° grado finalizzati al potenziamento del trasporto degli alunni con disabilità (anno 2025) - Obiettivi di servizio e riparto del contributo di cui all’articolo 1, comma 449, lettera d-octies), della legge 11 dicembre 2016, n. 232, per",108.0,29/12/2025,18000.0,33000.0,,,DIVERSI CITTADINI,True,False,Partita IVA 00000234558 formalmente errata (Checksum fallito)
Avviso_232__5050_VistoContabile,VistoContabile,Contabilità,Bando,,,,18000.0,18000.0,,,DIVERSI CITTADINI,True,False,Partita IVA 00000234558 formalmente errata (Checksum fallito)
Avviso_232__5050_schema_di_AVVISO_PUBBLICO_A_2025,Avviso,Contabilità,Liquidazione,,,,,0.0,,,,True,True,
Avviso_2__Vai,Avviso,Personale,Bando,"“ISTANZA RELATIVA ALLA SELEZIONE INTERNA PER LA PROGRESSIONE VERTICALE “IN DEROGA” DEL PERSONALE DIPENDENTE A TEMPO INDETERMINATO PER LA COPERTURA DI N. 2 DI POSTI APPARTENENTI ALL’AREA DEI FUNZIONARI E DELL’ELEVATA QUALIFICAZIONE (EX CAT. D) - PROFILO PROFESSIONALE “FUNZIONARIO AMMINISTRATIVO” E/O “FUNZIONARIO CONTABILE”, (si deve precisare il profilo professionale scelto Amministrativo o Contabile e farà fede la data e l’ora del protocollo, nel caso di utilizzo del protocollo interno ovvero la data e l’ora della notifica dell’avvenuta consegna del messaggio pec). 3. Il Segretario Generale non assume alcuna responsabilità per dispersioni di domande o per ritardi o disguidi nella trasmissione delle stesse non imputabili direttamente all’Ente; COMUNE DI AVELLA - ACL8JP1 - REG_UFF_PROT - 0006738 - Interno - 25/06/2025 - 09:25 COMUNE DI AVELLA (Provincia di Avellino) Citta’ d’Arte 5 4. Alla domanda dovranno essere allegati: ▪ la copia fotostatica di un valido documento di identità del sottoscrittore; ▪ il curriculum vitae professionale; ▪ gli attestati dei corsi di formazione conseguiti negli ultimi tre anni (3 anni), le certificazioni linguistiche, informatiche e le abilitazioni professionali. Art. 9 - MOTIVI DI ESCLUSIONE. Saranno escluse dalla procedura le domande di partecipazione: a) pervenute oltre il termine di scadenza fissato nel presente avviso; b) pervenute con modalità diverse da quelle indicate all’art. 8 del presente avviso; c) non sottoscritte e non corredate da c...",,,,0.0,,,,True,True,
Avviso_362023__5641_Carta_intestata_Avviso_Appalto_1778764496,Avviso,Ambiente,,"Artt. 62 e ss. del Decreto Legislativo n. 36/2023. Stazione Unica Appaltante della Provincia di Avellino. “PROCEDURA APERTA PER L'AFFIDAMENTO MEDIANTE PARTENARIATO PUBBLICO PRIVATO, AI SENSI DELL'ART. 193, COMMA 3, E DELLART. 176 E SS. DEL D.LGS. N. 36/2023, DELLA CONCESSIONE DEGLI INTERVENTI DI EFFICIENTAMENTO ENERGETICO E DELLA GESTIONE INTEGRATA DEI SERVIZI ENERGETICI DELLE SCUOLE DI PROPRIETÀ DEL COMUNE DI AVELLA”. CUP J24D2500200007 IG B8EDD74FEB Il sottoscritto arch. Pasquale Gerardo Maiella, Responsabile Unico del Progetto, Richiamata Decisione a contrarre adottata con Determinazione R.G. n. 499 del 10/09/2025 (R.S. n. 231 del 03/09/2025) resa dal Responsabile del Servizio Ambiante - UTC del Comune di Avella – Amministrazione delegante, con cui si è avviato il procedimento per l’affidamento della “CONCESSIONE DEGLI INTERVENTI DI EFFICIENTAMENTO ENERGETICO E DELLA GESTIONE INTEGRATA DEI SERVIZI ENERGETICI DELLE SCUOLE DI PROPRIETÀ DEL COMUNE DI AVELLA”, ai sensi del combinato disposto di cui agli artt. 193, comma 3, e 176 e ss. del Decreto Legislativo n. 36/2023, con un metodo di scelta del contraente mediante “procedura aperta” da aggiudicarsi con il “criterio dell’offerta economicamente più vantaggiosa” per l’importo complessivo a base di concessione pari a € 400.000,00, IVA inclusa, ovvero per un canone annuo a base di gara pari ad € 80.000,00, iva compresa e rivalutazione annua, composto da un canone di disponibilità pari ad € 10.000,00 e un canone di servizi pari a...",499.0,10/09/2025,1117481.37,20090.0,,,,True,False,
Avviso_383__5694_DeterminaGenerica_Copia_383_2026,Determinazione,Contabilità,Bando,Approvazione avviso pubblico e schema di domanda per manifestazione di interesse finalizzata alla partecipazione ai Centri Estivi Comunali 2026.,64.0,29/05/2026,,0.0,,,,True,True,
Avviso_383__5694_domanda_centri_estivi,Avviso,Cultura e Turismo,,,,,,0.0,,,,False,False,
Avviso_383__5694_manifestazione_di_interesse_centri_estivi,Avviso,Servizi Demografici,Bando,,,,,0.0,,,,False,False,
Avviso_40__5425_AttestazionePubblicazione,AttestazionePubblicazione,Pubblicazione e Trasparenza,Bando,Atto di indirizzo per la partecipazione all’Avviso pubblico della Regione Campania per il riconoscimento delle Destination Management Organization (DMO) e per la costituzione del Comitato promotore,40.0,24/03/2026,,0.0,,,,False,False,
Avviso_40__5425_DeliberadiGiunta_Copia_40_2026,Delibera,Cultura e Turismo,Bando,"Atto di indirizzo per la partecipazione all’Avviso pubblico della Regione Campania per il riconoscimento delle Destination Management Organization (DMO) e per la costituzione del Comitato promotore Nominativo Ruolo Presente Assente Da remoto BIANCARDI VINCENZO SINDACO Presente ALAIA ANNA VICESINDACO Presente BIANCARDI LUIGI ASSESSORE Presente BIANCARDI GIOVANNI ASSESSORE Presente CERBONE SANTINA ASSESSORE Presente Tot. 5 Tot. 0 COPIA Piazza Municipio n. 1, C.A.P: 83021 - Avella (AV); P. IVA 00248800641; Tel/Fax 081.8259343; PEC: comune.avella@cert.irpinianet.eu; http://www.comune.avella.av.it.",,,,0.0,,,,False,False,
Avviso_50__5480_AttestazionePubblicazione,AttestazionePubblicazione,Commercio,Bando,"Candidatura del Distretto Diffuso del Commercio del Baianese (C.F. 92119800644) all’Avviso Pubblico della Regione Campania per il finanziamento di progetti dei Distretti del Commercio – Presa d’atto degli atti del Distretto, della proposta progettuale e del quadro economico – Individuazione della struttura organizzativa competente e nomina del Responsabile Unico del Progetto.",50.0,10/04/2026,,0.0,,,,False,False,
Avviso_50__5480_DeliberadiGiunta_Copia_50_2026,Delibera,Commercio,Bando,"Candidatura del Distretto Diffuso del Commercio del Baianese (C.F. 92119800644) all’Avviso Pubblico della Regione Campania per il finanziamento di progetti dei Distretti del Commercio – Presa d’atto degli atti del Distretto, della proposta progettuale e del quadro economico – Individuazione della struttura organizzativa competente e nomina del Responsabile Unico del Progetto. Nominativo Ruolo Presente Assente Da remoto BIANCARDI VINCENZO SINDACO Presente ALAIA ANNA VICESINDACO Presente BIANCARDI LUIGI ASSESSORE Presente BIANCARDI GIOVANNI ASSESSORE Presente CERBONE SANTINA ASSESSORE Presente Tot. 5 Tot. 0 COPIA Piazza Municipio n. 1, C.A.P: 83021 - Avella (AV); P. IVA 00248800641; Tel/Fax 081.8259343; PEC: comune.avella@cert.irpinianet.eu; http://www.comune.avella.av.it.",95.0,14/11/2025,,0.0,,,,True,True,
Avviso_5__5413_DeterminaGenerica_Copia_212_2026,Determinazione,Regolamenti,Bando,Approvazione elenco (Short List) di guide turistiche abilitate. Avviso pubblico approvato con D.D. n. 5 del 13.02.2026.,10.0,24/03/2026,,0.0,,,,True,True,
Avviso_5__5496_DeterminaGenerica_Copia_255_2026,Determinazione,Affari Generali,Bando,Aggiornamento elenco (Short List) di guide turistiche abilitate. Avviso pubblico approvato con D.D. n. 5 del 13.02.2026.,16.0,17/04/2026,,0.0,,,,True,True,
Avviso_70__5602_Avviso_Ambito_A6_Marcato_Marca_1778065691,Avviso,Servizi Sociali,Liquidazione,,70.0,22/02/2024,288453.97,310255.17,,,,True,False,
Avviso_70__5602_allegato_a_modello_di_domanda__1778065691,Avviso,Servizi Sociali,Liquidazione,,,,700.0,1651.2,,,,True,False,
Avviso_752__5034_DeterminaGenerica_Copia_752_2025,Determinazione,Personale,Concorso,"Selezione interna per le progressioni economiche all’interno delle aree, riservata al personale dipendente a tempo indeterminato, inquadrato nelle Aree degli Operatori, degli Operatori Esperti, degli Istruttori, dei Funzionari ed E.Q., del C.C.N.L. del personale non dirigente del Comparto Funzioni Locali. Annualità 2025 – Approvazione schema di Avviso.",67.0,24/12/2025,12800.0,12800.0,,,,True,False,
Avviso_752__5034_VistoContabile,VistoContabile,Contabilità,,,,,,0.0,,,,True,False,
Avviso_758__5041_DeterminadiLiquidazione_Copia_758_2025,Determinazione,Contabilità,Liquidazione,Elezioni Regionali del 23 e 24 novembre 2025. Liquidazione fattura Poste Italiane S.p.A. per servizio di spedizione cartoline–avviso agli elettori residenti all’estero.,110.0,29/12/2025,14398.0,17270.54,,,DIVERSI,True,False,Partita IVA 00023452517 formalmente errata (Checksum fallito)
Avviso_758__5041_VistoContabile,VistoContabile,Contabilità,Liquidazione,,,,14398.0,14398.0,,,DIVERSI,True,False,Partita IVA 00023452517 formalmente errata (Checksum fallito)
Avviso_802021__Vai,Avviso,Personale,Bando,APPROVAZIONE SCHEMA AVVISO PROCEDURA DI INTERPELLO A SEGUITO DI ACCORDO PER LA GESTIONE ASSOCIATA DELLA FORMAZIONE DI ELENCHI DI IDONEI PER LE ASSUNZIONI DI PERSONALE DI CUI ALL’ARTICOLO 3 BIS DEL D.L. N. 80/2021 – ISTRUTTORE COMUNICAZIONE (AREA DEGLI ISTRUTTORI) EX PROFILO DI “ISTRUTTORE COMUNICAZIONE” (EX CAT. C1).,17.0,23/04/2025,,0.0,,,,True,True,
Avviso___4960_Avviso_Consultazione_Pubblica__1765276741,Avviso,Affari Generali,,,,,,0.0,,,,False,False,
Avviso___4996_AVVISO_AI_BENEFICIARI_DEI_PACC_1766056659,Avviso,Servizi Demografici,,,,,,0.0,,,,False,False,
Avviso___5005_ALLEGATO_A_Marcato_1766392541,Avviso,Ambiente,Bando,"AVVISO PUBBLICO PER LA PRESENTAZIONE DELLE CANDITATURE PER LA NOMINA DEI COMPONENTI DELLA COMMISSIONE LOCALE PER IL PAESAGGIO. Il/La sottoscritto/a _________________________________________________________ Nato/a a _________________________________ (____) il _________________________ Cod. Fisc. _______________________, residente in _________________________ (____) alla via/piazza __________________________________________________ nr. ________telefono/cellulare _________________________ e-mail ____________________________pec ____________________________________, Con riferimento all'avviso pubblico per la presentazione delle candidature per la nomina di cinque figure professionali esperte in materia di tutela dell'ambiente/paesaggio, quali componenti della Commissione Locale per il Paesaggio, CHIEDE di partecipare all'Avviso per la nomina dei membri della Commissione Locale per il Paesaggio del Comune di Roccarainola. Dichiara, ai sensi degli articoli 46, 47 e 77-bis del d.P.R. 28 dicembre 2000, n. 445, sotto la propria responsabilità ai fini della partecipazione al presente avviso:  di avere la cittadinanza (in almeno uno degli stati appartenenti all’UE);  di godere dei diritti civili e politici;  di essere in possesso del seguente titolo di studio: Laurea in _________________________________ conseguita in data ____/____/____ presso ___________________________________ con votazione___________;  di essere iscritto presso l'Ordine\Collegio\Albo ______________________________...",,,,0.0,,,,False,False,
Avviso___5233_ElencoNonDiciottenni_2026_5_40_1771057964,Elenco,Servizi Demografici,,,5.0,12/02/2026,,0.0,,,,False,False,
Avviso___5233_ManifestoArticolo33_400620_1771057964,Avviso,Servizi Demografici,,,,,,0.0,,,,False,False,
Avviso___5252_Prot_Par_0000839_del_18-02-202_1771489015,Avviso,Lavori Pubblici,Liquidazione,,,,,0.0,,,,True,True,
Avviso___5252_Prot_Par_0000839_del_18-02-202_1771489016,Avviso,Regolamenti,Nomina,,,,9335000.0,9335000.0,,,,True,False,
Avviso___5252_Prot_Par_0000839_del_18-02-202_1771489017,Avviso,Regolamenti,,,,,,0.0,,,,False,False,
Avviso___5369_Avviso_pubblico_Piano_Anticorr_1773228091,Avviso,Regolamenti,Bando,,,,,0.0,,,,False,False,
Avviso___5369_Modulo_osservazioni_per_i_citt_1773228091,Avviso,Regolamenti,,"“Procedura aperta alla consultazione per l’aggiornamento del piano triennale di prevenzione della corruzione e della trasparenza (P.T.P.C.T.) 2026/2028 del Comune di Avella (AV)”. Il sottoscritto (cognome e nome) ______________________________________ nato a _________________ il __________, residente a _______________________ in via/corso/piazza _________________________________________________ eventuali recapiti: tel ____________, email __________________________, P.E.C.__________________________, in qualità di _____________________________________________ (specificare la tipologia del soggetto portatore di interesse e la categoria di appartenenza: ad esempio organizzazioni sindacali, rappresentative, enti o associazioni, ...), ai fini dell’aggiornamento del Piano Triennale di Prevenzione della Corruzione e della Trasparenza 2025-2027, come approvato con deliberazione di G.C. n. 37/2025 del Comune di Avella (AV), formula i seguenti SUGGERIMENTI/PROPOSTE/OSSERVAZIONI ________________________________________________________________________________ ________________________________________________________________________________ ________________________________________________________________________________ ________________________________________________________________________________ ________________________________________________________________________________ Informativa per il trattamento dei dati personali Il sottoscritto è informato che i dati personali forniti con la...",,,,0.0,,,,False,False,
Avviso___5530_Copia_con_segnatura_Prot-N-000_1777270980,Avviso,Lavori Pubblici,Bando,AVVISO PUBBLICO PER LA PRESENTAZIONE DELLE CANDIDATURE PER LA NOMINA DEI COMPONENTI DELLA COMMISSIONE LOCALE PER IL PAESAGGIO – RIAPERTURA TERMINI.,,,20.0,20.0,,,,True,False,
Avviso___5695_domanda_centri_estivi_Marcato_1780052066,Avviso,Cultura e Turismo,,,,,,0.0,,,,False,False,
Avviso___5695_manifestazione_di_interesse_ce_1780052066,Avviso,Servizi Demografici,Bando,,,,,0.0,,,,False,False,
Avviso___Vai,Avviso,Regolamenti,Bando,"MANIFESTAZIONE DI INTERESSE PAR GOL. Pubblicità Il Presente Avviso viene pubblicato all’ Albo pretorio On-line. Avella lì, 29/10/2025",25.0,29/02/2024,2900.0,4907.0,,,Banco Alimentare Campania ONLUS,True,True,
Avviso___allegato1767355975,Avviso,Contabilità,,,,,,0.0,,,,False,False,
Avviso___allegato1767356020,Avviso,Servizi Demografici,,,,,,0.0,,,,False,False,
Avviso___allegato1777975763,Avviso,Contabilità,,,10963.0,08/10/2025,,0.0,,,,False,False,
Avviso___allegato1778056201,Avviso,Contabilità,,,8659.0,13/08/2025,,0.0,,,,False,False,
Avviso___allegato1779875584,Avviso,Contabilità,,,5292.0,06/05/2026,,0.0,,,,False,False,
Avviso___allegato1780049626,Avviso,Contabilità,,,5256.0,05/05/2026,,0.0,,,,False,False,
Avviso___allegato1780571098,Avviso,Contabilità,,,5558.0,12/05/2026,,0.0,,,,True,True,
Bando_10__5150_AttestazionePubblicazione,AttestazionePubblicazione,Pubblicazione e Trasparenza,Bando,Bando “Musei archivi biblioteche 2026-2028”,10.0,27/01/2026,,0.0,,,,False,False,
Bando_10__5150_DeliberadiGiunta_Copia_10_2026,Delibera,Servizi Sociali,Bando,"Bando “Musei archivi biblioteche 2026-2028” Nominativo Ruolo Presente Assente Da remoto BIANCARDI VINCENZO SINDACO Presente ALAIA ANNA VICESINDACO Presente BIANCARDI LUIGI ASSESSORE Presente BIANCARDI GIOVANNI ASSESSORE Presente CERBONE SANTINA ASSESSORE Presente Tot. 5 Tot. 0 COPIA Piazza Municipio n. 1, C.A.P: 83021 - Avella (AV); P. IVA 00248800641; Tel/Fax 081.8259343; PEC: comune.avella@cert.irpinianet.eu; http://www.comune.avella.av.it.",,,,0.0,,,,False,False,
Bando_178__Vai,Bando,Urbanistica,Approvazione Progetto,"Piano di Sviluppo per il recupero Urbano e Paesaggistico dell'area Sportiva, Naturalistica e Culturale del Fusaro. Partecipazione al bando emanato dalla Presidenza del Consiglio dei Ministri “Bando per la selezione di piani di sviluppo in aree dismesse o in disuso (articolo 1, comma 146 e seguenti, della Legge N. 178 Del 2020)” e Approvazione Progetto Esecutivo. Cup J27D25000050006 Nominativo Ruolo Presente Assente Da remoto BIANCARDI VINCENZO SINDACO Si ALAIA ANNA VICESINDACO Si BIANCARDI LUIGI ASSESSORE Si BIANCARDI GIOVANNI ASSESSORE Si CERBONE SANTINA ASSESSORE Si Tot. 5 Tot. 0 COPIA Piazza Municipio n. 1, C.A.P: 83021 - Avella (AV); P. IVA 00248800641; Tel/Fax 081.8259343; PEC: comune.avella@cert.irpinianet.eu; http://www.comune.avella.av.it. pubblico per la selezione di Piani di Sviluppo in aree dismesse o in disuso, di cui all’articolo 1, commi 146 e seguenti, della Legge n. 178 del 2020. DI DARE ATTO: CHE il codice CUP del progetto è il seguente: J27D25000050006; DI DISPORRE, per l’effetto, con espressa indicazione ai responsabili della programmazione di settore ed economico finanziaria, l’inserimento della predetta opera nel DUP e programma Triennale delle OO.PP. del periodo di riferimento; DI DICHIARARE la presente",52.0,03/04/2025,4518910.41,9037820.82,,J27D25000050006,,True,True,
Bando_294__5567_DeterminaaContrarre_Copia_294_2026,Determinazione,Contabilità,Liquidazione,"Affidamento diretto dei servizi socio-psico-educativi previsti dal progetto “LEGAMI SICURI - Rafforzare la Protezione, Educare alla Consapevolezza e Riparare la Genitorialità nel Territorio di Avella (AV)”, finanziato dalla Presidenza del Consiglio dei Ministri – Dipartimento per le Politiche della Famiglia (bando “Insieme si Vince”). Impegno di spesa di 37.206.00 € (IVA e oneri inclusi).",52.0,28/04/2026,750000.0,222206.0,BB643CA1EA,J21J25002210001,PEDAGO DREAMS SOCIETA’ A RESPONSABILITA LIMITATA P.IVA,True,False,
Bando_294__5567_VistoContabile,VistoContabile,Contabilità,Bando,,,,37206.0,37206.0,BB643CA1EA,J21J25002210001,PEDAGO DREAMS SOCIETA’ A RESPONSABILITA LIMITATA P.IVA,True,False,
Bando_44__Vai,Bando,Contabilità,Bando,"Il Comune di Avella promuove la partecipazione al Campus Estivo 2025, rivolto a bambini e ragazzi residenti nel Comune, di età compresa tra i 3 e i 17 anni compiuti. Art. 2 – Periodo di svolgimento: Il Campus si terrà nel periodo compreso tra il 30 giugno 2025 e il 25 luglio 2025 ( lunedi – venerdi, ore 9.00 – 13.00). Le attività saranno organizzate su base settimanale o quindicinale, secondo un programma che verrà successivamente definito. Art. 3 – Numero di posti disponibili: Sono disponibili n. 25 posti complessivi. Nel caso in cui il numero delle domande superi i posti disponibili, l’Amministrazione potrà suddividere i partecipanti in due gruppi: - 1° turno: 30 giugno – 11 luglio - 2° turno: 14 – 25 luglio. Art. 4 – Preferenza per i turni: I partecipanti dovranno indicare nella domanda la preferenza tra il primo o il secondo turno. La preferenza sarà utilizzata esclusivamente in caso di eccedenza rispetto ai posti disponibili. Art. 5 – Inclusione: La partecipazione è gratuita. È favorita l’inclusione sociale. Le eventuali esigenze specifiche possono essere indicate nel modulo di iscrizione e saranno oggetto di valutazione da parte degli uffici. Art. 6 – Modalità e scadenza per la presentazione delle domande: Le domande di partecipazione dovranno essere redatte sull’apposito modulo predisposto dall’Ente e presentate entro e non oltre il 25 giugno 2025 ore 12.00 tramite: COMUNE DI AVELLA - ACL8JP1 - REG_UFF_PROT - 0006203 - Uscita - 12/06/2025 - 16:06 COMUNE DI AVELLA Provi...",,,,0.0,,,,False,False,
Bando_8__5126_AttestazionePubblicazione,AttestazionePubblicazione,Pubblicazione e Trasparenza,Bando,"Bando “Ecosistemi Culturali al Sud – Italia 2025” promosso dalla Fondazione CDP – Cassa Depositi e Prestiti, per la valorizzazione del patrimonio artistico, culturale e paesaggistico comunale. Atto di indirizzo.",8.0,22/01/2026,,0.0,,,,False,False,
Bando_8__5126_DeliberadiGiunta_Copia_8_2026,Delibera,Contenzioso,Bando,"Bando “Ecosistemi Culturali al Sud – Italia 2025” promosso dalla Fondazione CDP – Cassa Depositi e Prestiti, per la valorizzazione del patrimonio artistico, culturale e paesaggistico comunale. Atto di indirizzo. Nominativo Ruolo Presente Assente Da remoto BIANCARDI VINCENZO SINDACO Presente ALAIA ANNA VICESINDACO Presente BIANCARDI LUIGI ASSESSORE Presente BIANCARDI GIOVANNI ASSESSORE Presente CERBONE SANTINA ASSESSORE Presente Tot. 5 Tot. 0 COPIA Piazza Municipio n. 1, C.A.P: 83021 - Avella (AV); P. IVA 00248800641; Tel/Fax 081.8259343; PEC: comune.avella@cert.irpinianet.eu; http://www.comune.avella.av.it.",,,,0.0,,,,True,True,
Bando_8__5132_DeterminaGenerica_Copia_49_2026,Determinazione,Regolamenti,Bando,Bando “Ecosistemi culturali al Sud Italia 2025” Fondazione CDP. Deliberazione di Giunta Comunale n. 8 del 22/01/2026 (atto di indirizzo). Approvazione Avviso pubblico di Manifestazione di interesse per l’individuazione di un Ente del Terzo Settore (ETS) iscritto al RUNTS quale soggetto proponente/capofila e partner del Comune di Avella per la riqualificazione e valorizzazione della Chiesa di San Filippo Neri (“Chiesetta dell’Orfanotrofio”) e relativi allegati.,1.0,26/01/2026,,0.0,,,,True,True,
Bando_8__5132_Manifestazione_Interesse_Ecosistemiella,Bando,Cultura e Turismo,Bando,"“Manifestazione di interesse – Partner ETS RUNTS – Bando Ecosistemi culturali al Sud Italia 2025 – Chiesa San Filippo Neri”. Comune di Avella (AV) Città D’Arte Servizio Turismo e Promozione del Territorio E Servizio Patrimonio ART. 12 – DOCUMENTAZIONE DA ALLEGARE (OBBLIGATORIA) I soggetti interessati dovranno allegare: 1) Domanda/Manifestazione di interesse (Allegato A) firmata dal legale rappresentante; 2) Atto costitutivo e Statuto; 3) Attestazione/visura iscrizione RUNTS; 4) Proposta progettuale di massima (utilizzo dello spazio, attività, gestione e sostenibilità); 5) Relazione sulle attività svolte negli ultimi 2 anni (con riferimenti a eventi/progetti realizzati); 6) Curriculum/portfolio dell’ente; 7) Copia documento d’identità del legale rappresentante; 8) Eventuali lettere di collaborazione/reti/partnership (facoltative). ART. 13 – RESPONSABILE DEL PROCEDIMENTO Responsabile del procedimento: Andrea VITALE (Responsabile Servizio Turismo e Promozione del Territorio), ART. 14 – TRATTAMENTO DEI DATI PERSONALI Ai sensi del Regolamento (UE) 2016/679 (GDPR) e della normativa vigente, i dati personali saranno trattati esclusivamente per le finalità connesse alla presente procedura. ART. 15 – PUBBLICAZIONE Il presente Avviso è pubblicato all’Albo Pretorio on-line del Comune di Avella e sul sito istituzionale dell’Ente, nella sezione “Avvisi / Bandi / Amministrazione Trasparente”.",,,,0.0,,,,False,False,
Bando_8__5132_allegato_B,Bando,Regolamenti,Bando,,,,,0.0,,,,True,True,
Bando_8__5132_allegato_a_manifestazione,Bando,Regolamenti,Bando,,,,,0.0,,,,False,False,
Bando_8__5168_DeterminaGenerica_Copia_74_2026,Determinazione,Cultura e Turismo,Bando,Bando “ECOSISTEMI CULTURALI AL SUD ITALIA 2025” Fondazione CDP. Deliberazione di Giunta Comunale n. 8 del 22/01/2026 (atto di indirizzo). Presa d’atto della definizione dell’Avviso pubblico di Manifestazione di interesse per l’individuazione di un Ente del Terzo Settore (ETS) iscritto al RUNTS quale soggetto proponente/capofila e partner del Comune di Avella per la riqualificazione e valorizzazione della Chiesa di San Filippo Neri (“Chiesetta dell’Orfanotrofio”).,3.0,30/01/2026,,0.0,,,,True,True,
Bando___Vai,Bando,Regolamenti,Bando,"BUONI LIBRO A.S. 2025/2026 – Scadenza domanda 26/09/2025. l sottoscritt nat a prov. il residente nel Comune di alla via n. telefono/cellulare , C.F. : nella sua qualità di: - genitore - esercente la patria potestà - studente maggiorenne C H I E D E l’assegnazione del BUONO libro A.S. 2025/2026 per: (DATI ALUNNO) Cognome e Nome _________________________________________________________________ Luogo e data di nascita _____________________________________________________________ Scuola e Classe __________________________________________________________________ Ai fini della presente domanda, consapevole che sui dati dichiarati potranno essere effettuati controlli ai sensi dell’Art.71 del DPR 445/2000, consapevole delle responsabilità penali e delle sanzioni cui posso andare incontro in caso di non veridicità del contenuto della presente dichiarazione, di dichiarazione mendace o di formazione di atti falsi, ai sensi degli Artt.75 e 76 del DPR 445/2000, sotto la propria responsabilità D I C H I A R A di avere un ISEE in corso di validità ai sensi del DPCM del valore di € ___________________ di essere a conoscenza dei seguenti motivi di esclusione: Alunno ripetente Omessa sottoscrizione dell’istanza Documento di riconoscimento non allegato Certificato ISEE non allegato Mancata dichiarazione (all. B in caso di ISEE pari a zero) Valore ISEE superiore ad € 13.300,00 ISEE difforme Allega alla presente, a pena di esclusione, la seguente documentazione: o Copia di un valido documento di ...",61.0,08/09/2025,13300.0,82432.02,,,,True,False,
Delibera_105__Vai,Delibera,Lavori Pubblici,,PROGETTO COMPLETAMENTO EX CASA COMUNALE –,222.0,27/06/2025,920939.4,4604697.0,,J24J25000320002,,True,False,
Delibera_107__Vai,Delibera,Regolamenti,,Comunicazione della,29.0,23/09/2025,,0.0,,,,False,False,
Delibera_10__5340_AttestazionePubblicazione,AttestazionePubblicazione,Pubblicazione e Trasparenza,,SOSTITUZIONE DI UN MEMBRO DI MAGGIORANZA DELLA PRIMA COMMISSIONE CONSILIARE PERMANENTE E DI UN MEMBRO DI MAGGIORANZA DELLA TERZA COMMISSIONE CONSILIARE PERMANENTE. PROVVEDIMENTI.,10.0,03/03/2026,,0.0,,,,False,False,
Delibera_10__5340_DeliberadiConsiglio_Copia_10_2026,Delibera,Cultura e Turismo,,"SOSTITUZIONE DI UN MEMBRO DI MAGGIORANZA DELLA PRIMA COMMISSIONE CONSILIARE PERMANENTE E DI UN MEMBRO DI MAGGIORANZA DELLA TERZA COMMISSIONE CONSILIARE PERMANENTE. PROVVEDIMENTI. Nominativo Ruolo Presente Assente Da remoto BIANCARDI VINCENZO SINDACO Presente ALAIA ANNA VICE SINDACO Presente BIANCARDI DOMENICO CONSIGLIERE Presente BIANCARDI GIOVANNI CONSIGLIERE Presente CARUSO ANTONIA CONSIGLIERE Assente BIANCARDI LUIGI CONSIGLIERE Presente LONGOBARDI NICOLETTA PRESIDENTE DEL CONSIGLIO Presente CERBONE SANTINA CONSIGLIERE Presente D'AVANZO MARIA ROSARIA CONSIGLIERE Presente CACACE CHIARA CONSIGLIERE Presente MAIETTA FATIMA CONSIGLIERE Presente X Pellegrino Vittoria CONSIGLIERE Presente SALAPETE MICHELE CONSIGLIERE Presente Tot. 12 Tot. 1 COPIA Piazza Municipio n. 1, C.A.P: 83021 - Avella (AV); P. IVA 00248800641; Tel/Fax 081.8259343; PEC: comune.avella@cert.irpinianet.eu; http://www.comune.avella.av.it.",,,,0.0,,,,True,True,
Delibera_113__Vai,Delibera,Regolamenti,,"ART. 175, COMMA 4, DEL D.LGS. 267/2000",30.0,23/09/2025,,0.0,,,,True,True,
Delibera_1182011__5485_AttestazionePubblicazione,AttestazionePubblicazione,Contabilità,,"RIACCERTAMENTO ORDINARIO DEI RESIDUI ATTIVI E PASSIVI AL 31/12/2025 AI SENSI DELL'ART.3, COMMA 4, DEL PRINCIPIO CONTABILE APPLICATO ALLEGATO 4/2 PUNTO 9.1 DEL D.Lgs. N.118/2011, PROPEDEUTICO ALLA PREDISPOSIZIONE DEL RENDICONTO DI GESTIONE DELL'ESERCIZIO 2025",49.0,09/04/2026,,0.0,,,,False,False,
Delibera_1182011__5485_DeliberadiGiunta_Copia_49_2026,Delibera,Contabilità,Nomina,"RIACCERTAMENTO ORDINARIO DEI RESIDUI ATTIVI E PASSIVI AL 31/12/2025 AI SENSI DELL'ART.3, COMMA 4, DEL PRINCIPIO CONTABILE APPLICATO ALLEGATO 4/2 PUNTO 9.1 DEL D.Lgs. N.118/2011, PROPEDEUTICO ALLA PREDISPOSIZIONE DEL RENDICONTO DI GESTIONE DELL'ESERCIZIO 2025 Nominativo Ruolo Presente Assente Da remoto BIANCARDI VINCENZO SINDACO Presente ALAIA ANNA VICESINDACO Presente BIANCARDI LUIGI ASSESSORE Assente BIANCARDI GIOVANNI ASSESSORE Assente CERBONE SANTINA ASSESSORE Presente Tot. 3 Tot. 2 COPIA Piazza Municipio n. 1, C.A.P: 83021 - Avella (AV); P. IVA 00248800641; Tel/Fax 081.8259343; PEC: comune.avella@cert.irpinianet.eu; http://www.comune.avella.av.it.",3872.0,31/03/2026,,0.0,,,,True,True,
Delibera_1182011__5485_Stampa_elenco_analitico_residui_att4160,Elenco,Contabilità,Liquidazione,,262.0,16/12/2022,,0.0,,,,False,False,
Delibera_1182011__5485_Stampa_elenco_analitico_residui_pas4139,Elenco,Contabilità,Liquidazione,,229.0,29/04/2025,600000.0,1391958.0,Z98312CD68,J22E24000190004,,False,False,
Delibera_1182011__5485_Stampa_elenco_analitico_rettifiche_4140,Elenco,Contabilità,Liquidazione,,,,,0.0,,J24H23000140001,,False,False,
Delibera_1182011__5485_Stampa_elenco_analitico_rettifiche_4159,Elenco,Contabilità,,,,,37420.75,37420.75,,,,False,False,
Delibera_1182011__5485_Stampa_elenco_analitico_rettifiche_4170,Elenco,Contabilità,,,,,,0.0,,,,False,False,
Delibera_1182011__5485_Stampa_elenco_analitico_rettifiche_4185,Elenco,Contabilità,Liquidazione,,,,,0.0,,,,False,False,
Delibera_1182011__5485_parere_revisore,Delibera,Contabilità,Nomina,Parere sul riaccertamento ordinario dei residui al 31.12.2025 Ricevuto la proposta di,4.0,31/03/2026,13655233.06,11923398.45,,,,True,False,
Delibera_11__5151_AttestazionePubblicazione,AttestazionePubblicazione,Pubblicazione e Trasparenza,,"UTILIZZO MEDIANTE SCAVALCO CONDIVISO (12 ORE) E SCAVALCO DI ECCEDENZA (6 ORE) DEL DIPENDENTE ISTRUTTORE DIRETTIVO DI VIGILANZA, DOTT. FRANCESCO TAVASSO IN FORZA AL COMUNE DI BAIANO. PROVVEDIMENTI.",11.0,27/01/2026,,0.0,,,,False,False,
Delibera_11__5151_DeliberadiGiunta_Copia_11_2026,Delibera,Contenzioso,Concorso,"UTILIZZO MEDIANTE SCAVALCO CONDIVISO (12 ORE) E SCAVALCO DI ECCEDENZA (6 ORE) DEL DIPENDENTE ISTRUTTORE DIRETTIVO DI VIGILANZA, DOTT. FRANCESCO TAVASSO IN FORZA AL COMUNE DI BAIANO. PROVVEDIMENTI. Nominativo Ruolo Presente Assente Da remoto BIANCARDI VINCENZO SINDACO Presente ALAIA ANNA VICESINDACO Presente BIANCARDI LUIGI ASSESSORE Presente BIANCARDI GIOVANNI ASSESSORE Presente CERBONE SANTINA ASSESSORE Presente Tot. 5 Tot. 0 COPIA Piazza Municipio n. 1, C.A.P: 83021 - Avella (AV); P. IVA 00248800641; Tel/Fax 081.8259343; PEC: comune.avella@cert.irpinianet.eu; http://www.comune.avella.av.it.",,,,0.0,,,,True,True,
Delibera_11__5417_AttestazionePubblicazione,AttestazionePubblicazione,Regolamenti,,LETTURA E APPROVAZIONE DEI VERBALI DELLA SEDUTA PRECEDENTE DI CONSIGLIO COMUNALE DEL 03.03.2026.,11.0,24/03/2026,,0.0,,,,False,False,
Delibera_11__5417_Comunicazione_Consigliera_dott-ssa_uso,Delibera,Personale,,"Comunicazione La sottoscritta, D.ssa Antonia Caruso, consigliera di codesto Comune, comunica in data odierna e in sede di Consiglio Comunale sua uscita dalla maggioranza. Nel particolare espone le motivazioni in seguito: Nel tempo sono emerse divergenze sempre pit profonde, non soltanto su singoli provvedimenti, ma sul metodo, sul rispetto dei ruoli e sulla visione politica complessiva. A queste sié purtroppo aggiunta, in pit occasioni, una mancanza di rispetto nei confronti della mia figura istituzionale e personale, che non posso né ignorare né accettare. Forse questa scelta avrei dovuto compierla prima. Ne sono consapevole. Tuttavia, il senso di responsabilita, la coerenza e l’educazione che mi contraddistinguono mi hanno portato a rimanere, nella convinzione che il dialogo e il confronto potessero ancora rappresentare una strada percorribile. Ho scelto di non alimentare tensioni, di rispettare il lavoro comune e di onorare fino in fondo Pimpegno assunto. Oggi, pero, ritengo che non vi siano pid le condizioni per proseguire questo percorso. Quando viene meno il rispetto, viene meno anche quella base imprescindibile su cui costruire qualsiasi collaborazione politica seria e credibile. Comunico inoltre che, a seguito di questa decisione, formalmente costituird un gruppo indipendente collocandomi al di fuori della maggioranza, nel pieno rispetto delle prerogative democratiche e regolamentari. Colgo inoltre questa occasione per porre una questione che riguarda il pieno eserciz...",,,,0.0,,,,False,False,
Delibera_11__5417_DeliberadiConsiglio_Copia_11_2026,Delibera,Regolamenti,,"LETTURA E APPROVAZIONE DEI VERBALI DELLA SEDUTA PRECEDENTE DI CONSIGLIO COMUNALE DEL 03.03.2026. Nominativo Ruolo Presente Assente Da remoto BIANCARDI VINCENZO SINDACO Presente ALAIA ANNA VICE SINDACO Presente BIANCARDI DOMENICO CONSIGLIERE Presente BIANCARDI GIOVANNI CONSIGLIERE Presente CARUSO ANTONIA CONSIGLIERE Presente BIANCARDI LUIGI CONSIGLIERE Presente LONGOBARDI NICOLETTA PRESIDENTE DEL CONSIGLIO Presente CERBONE SANTINA CONSIGLIERE Presente D'AVANZO MARIA ROSARIA CONSIGLIERE Presente CACACE CHIARA CONSIGLIERE Presente MAIETTA FATIMA CONSIGLIERE Presente X Pellegrino Vittoria CONSIGLIERE Presente SALAPETE MICHELE CONSIGLIERE Assente Tot. 12 Tot. 1 COPIA Piazza Municipio n. 1, C.A.P: 83021 - Avella (AV); P. IVA 00248800641; Tel/Fax 081.8259343; PEC: comune.avella@cert.irpinianet.eu; http://www.comune.avella.av.it. OGGETTO: LETTURA E APPROVAZIONE DEI VERBALI DELLA SEDUTA PRECEDENTE DI CONSIGLIO COMUNALE Il Presidente procede ad esaminare la proposta al 1° punto all’ordine del giorno ad oggetto: “Approvazione Verbali della seduta precedente del 03.03.2026 dal nr. 1/2026 al nr. 10/2026”; Il Presidente, procede: di seguito dà lettura dell’oggetto dei Verbali della seduta precedente dal nr. 1/2026 al nr. 10/2026”; lascia la parola ai Signori Consiglieri per gli eventuali interventi e/o ai Capigruppo per le eventuali Dichiarazioni di Voto;",,,,0.0,,,,False,False,
Delibera_123__4976_AttestazionePubblicazione,AttestazionePubblicazione,Pubblicazione e Trasparenza,,Adeguamento strutturale e tecnologico per la realizzazione della biblioteca Comunale nel Convento dei Frati Minori. - II Lotto. Rettifica,146.0,09/12/2025,,0.0,,J23G23000020004,,False,False,
Delibera_123__4976_DeliberadiGiunta_Copia_146_2025,Delibera,Servizi Sociali,,Adeguamento strutturale e tecnologico per la realizzazione della biblioteca Comunale nel Convento dei Frati Minori. - II Lotto. Rettifica,123.0,02/10/2025,,0.0,,J23G23000020004,,True,True,
Delibera_134__4951_AttestazionePubblicazione,AttestazionePubblicazione,Pubblicazione e Trasparenza,,"Art. 175, comma 4, del D. Lgs. 267/2000",38.0,02/12/2025,,0.0,,,,False,False,
Delibera_134__4951_DeliberadiConsiglio_Copia_38_2025,Delibera,Regolamenti,,"Art. 175, comma 4, del D. Lgs. 267/2000",134.0,31/10/2025,,0.0,,,,True,True,
Delibera_134__4951_DeliberadiGiunta_Copia_134_2025,Delibera,Servizi Sociali,Variazione di Bilancio,"Variazione di bilancio 2025/2027 ai sensi dell'art. 175, comma 4, del D.lgs. n. 267/2000. Nominativo Ruolo Presente Assente Da remoto BIANCARDI VINCENZO SINDACO Presente ALAIA ANNA VICESINDACO Presente BIANCARDI LUIGI ASSESSORE Presente BIANCARDI GIOVANNI ASSESSORE Presente CERBONE SANTINA ASSESSORE Presente Tot. 5 Tot. 0 COPIA Piazza Municipio n. 1, C.A.P: 83021 - Avella (AV); P. IVA 00248800641; Tel/Fax 081.8259343; PEC: comune.avella@cert.irpinianet.eu; http://www.comune.avella.av.it. 1. Di approvare la variazione, ai sensi dall’art.175, comma 4, del D.Lgs. n. 267/2000, le cui risultanze sono riportate nel prospetto “Allegato 8/1” parte integrante e sostanziale della presente proposta; 2. Di provvedere, ai sensi dell’art. 175, comma 4, del D.Lgs. n. 267/2000, a sottoporre alla ratifica del Consiglio Comunale il presente deliberato entro sessanta giorni dalla sua adozione; COPIA Piazza Municipio n. 1, C.A.P: 83021 - Avella (AV); P. IVA 00248800641; Tel/Fax 081.8259343; PEC: comune.avella@cert.irpinianet.eu; http://www.comune.avella.av.it. PROPOSTA DI DELIBERAZIONE DELLA GIUNTA COMUNALE OGGETTO: Variazione di bilancio 2025/2027 ai sensi dell'art. 175, comma 4, del D.Lgs. 267/2000 Vista la",248.0,24/09/2025,8326621.32,8326621.32,,,,True,False,
Delibera_134__4951_Stampa_allegato_8_1_2025_296081,Delibera,Contabilità,,,,,,0.0,,,,False,False,
Delibera_148__5032_AttestazionePubblicazione,AttestazionePubblicazione,Pubblicazione e Trasparenza,,Adesione del Comune di Avella alla campagna nazionale contro la violenza sulle donne “Mai più bandiera bianca” promossa da ANCI e dal Dipartimento per le Pari Opportunità. Adozione del kit di comunicazione istituzionale..,148.0,22/12/2025,,0.0,,,,False,False,
Delibera_148__5032_DeliberadiGiunta_Copia_148_2025,Delibera,Servizi Sociali,,"Adesione del Comune di Avella alla campagna nazionale contro la violenza sulle donne “Mai più bandiera bianca” promossa da ANCI e dal Dipartimento per le Pari Opportunità. Adozione del kit di comunicazione istituzionale.. Nominativo Ruolo Presente Assente Da remoto BIANCARDI VINCENZO SINDACO Presente ALAIA ANNA VICESINDACO Presente BIANCARDI LUIGI ASSESSORE Presente BIANCARDI GIOVANNI ASSESSORE Presente CERBONE SANTINA ASSESSORE Presente Tot. 5 Tot. 0 COPIA Piazza Municipio n. 1, C.A.P: 83021 - Avella (AV); P. IVA 00248800641; Tel/Fax 081.8259343; PEC: comune.avella@cert.irpinianet.eu; http://www.comune.avella.av.it.",,,,0.0,,,,False,False,
Delibera_149__5081_AttestazionePubblicazione,AttestazionePubblicazione,Regolamenti,,APPROVAZIONE “PIANO TRIENNALE PER L’INFORMATICA NELLA PUBBLICA AMMINISTRAZIONE - EDIZIONE 2024-2026” - Aggiornamento 2026.,149.0,22/12/2025,,0.0,,,,False,False,
Delibera_149__5081_DeliberadiGiunta_Copia_149_2025,Delibera,Regolamenti,,"APPROVAZIONE “PIANO TRIENNALE PER L’INFORMATICA NELLA PUBBLICA AMMINISTRAZIONE - EDIZIONE 2024-2026” - Aggiornamento 2026. Nominativo Ruolo Presente Assente Da remoto BIANCARDI VINCENZO SINDACO Presente ALAIA ANNA VICESINDACO Presente BIANCARDI LUIGI ASSESSORE Presente BIANCARDI GIOVANNI ASSESSORE Presente CERBONE SANTINA ASSESSORE Presente Tot. 5 Tot. 0 COPIA Piazza Municipio n. 1, C.A.P: 83021 - Avella (AV); P. IVA 00248800641; Tel/Fax 081.8259343; PEC: comune.avella@cert.irpinianet.eu; http://www.comune.avella.av.it.",,,,0.0,,,,False,False,
Delibera_149__5081_Piano_Triennale_Informatica_-_aggioleto,Delibera,Lavori Pubblici,Liquidazione,"la descrizione dell’azione da compiere o della richiesta specifica indicata da AGID/MiD Periodo / Periodo di riferimento: la data ufficiale di partenza o di fine (scadenza) del progetto/attività descritta del campo oggetto. Descrizione / Azione dell’Ente: campo descrittivo che indica come l’ente ha raggiunto, sta raggiungendo o raggiungerà l’obiettivo. Tempi/Tempistiche di realizzazione e deadline: Contiene la programmazione dell’ente rispetto la linea d’azione specificata. Budget previsto e budget speso: Il budget che l'ente aveva previsto per l'attività e quello realmente speso (facoltativo). Capitoli di spesa: i riferimenti specifici di bilancio dove i budget sono stati collocati (facoltativi). Percentuale di completamento/avanzamento: è la percentuale di avanzamento della specifica azione rispetto alle scadenze o alla pianificazione dell'ente (facoltativa). Strutture responsabili e attori coinvolte / Responsabilità: Eventuali strutture interne o esterne coinvolte nel completamento della linea d'azione 35 Legenda dei simboli sulle linee d'azione dell'ente. Ogni linea d'azione può essere catalogata secondo il seguente schema: Linea d’azione completata Linea d’azione avviata Linea d’azione programmata Linea d’azione da valutare Linea d’azione non completata 36 PARTE PRIMA - Componenti strategiche per la trasformazione digitale Descrizione PARTE PRIMA Componenti strategiche per la trasformazione digitale: è articolata in 2 capitoli che descrivono le leve strategiche su cui in...",20.0,29/09/2022,121992.0,366324.1,,,,True,False,
Delibera_14__5198_AttestazionePubblicazione,AttestazionePubblicazione,Servizi Sociali,,Indirizzo per la concessione del Teatro Comunale “Biancardi” per rassegna culturale – Applicazione tariffa agevolata ai sensi del Regolamento comunale e patrocinio,14.0,05/02/2026,,0.0,,,,False,False,
Delibera_14__5198_DeliberadiGiunta_Copia_14_2026,Delibera,Regolamenti,,"Indirizzo per la concessione del Teatro Comunale “Biancardi” per rassegna culturale – Applicazione tariffa agevolata ai sensi del Regolamento comunale e patrocinio. Nominativo Ruolo Presente Assente Da remoto BIANCARDI VINCENZO SINDACO Presente ALAIA ANNA VICESINDACO Presente BIANCARDI LUIGI ASSESSORE Presente BIANCARDI GIOVANNI ASSESSORE Presente CERBONE SANTINA ASSESSORE Presente Tot. 5 Tot. 0 Piazza Municipio n. 1, C.A.P: 83021 - Avella (AV); P. IVA 00248800641; Tel/Fax 081.8259343; PEC: comune.avella@cert.irpinianet.eu; http://www.comune.avella.av.it. 3. di applicare una tariffa agevolata rispetto alla tariffa ordinaria prevista per la concessione in uso del Teatro Comunale; 4. di stabilire che restano a carico del soggetto organizzatore tutti gli oneri previsti dal Regolamento comunale, ed in particolare quelli relativi a SIAE, ENPALS/INPS, allestimenti tecnici aggiuntivi, promozione e sicurezza, come previsto dall’art. 14, comma 2; 5. di demandare ai Responsabili dei Servizi competente l’adozione di eventuali atti consequenziali; 6. di dichiarare la presente deliberazione immediatamente eseguibile, ai sensi di legge, al fine di consentire la programmazione della rassegna. 7. di concedere il patrocinio alla manifestazione , con uso del logo dell’ente. Piazza Municipio n. 1, C.A.P: 83021 - Avella (AV); P. IVA 00248800641; Tel/Fax 081.8259343; PEC: comune.avella@cert.irpinianet.eu; http://www.comune.avella.av.it. PROPOSTA DI DELIBERAZIONE DELLA GIUNTA COMUNALE OGGETTO: Ind...",,,,0.0,,,,True,True,
Delibera_14__5420_AttestazionePubblicazione,AttestazionePubblicazione,Regolamenti,,ESAME E APPROVAZIONE DEL REGOLAMENTO PER IL FUNZIONAMENTO DELLE COMMISSIONI CONSILIARI. PROVVEDIMENTI.,14.0,24/03/2026,,0.0,,,,False,False,
Delibera_14__5420_DeliberadiConsiglio_Copia_14_2026,Delibera,Regolamenti,,"ESAME E APPROVAZIONE DEL REGOLAMENTO PER IL FUNZIONAMENTO DELLE COMMISSIONI CONSILIARI. PROVVEDIMENTI. Nominativo Ruolo Presente Assente Da remoto BIANCARDI VINCENZO SINDACO Presente ALAIA ANNA VICE SINDACO Presente BIANCARDI DOMENICO CONSIGLIERE Presente BIANCARDI GIOVANNI CONSIGLIERE Presente CARUSO ANTONIA CONSIGLIERE Presente BIANCARDI LUIGI CONSIGLIERE Presente LONGOBARDI NICOLETTA PRESIDENTE DEL CONSIGLIO Presente CERBONE SANTINA CONSIGLIERE Presente D'AVANZO MARIA ROSARIA CONSIGLIERE Presente CACACE CHIARA CONSIGLIERE Presente MAIETTA FATIMA CONSIGLIERE Presente X Pellegrino Vittoria CONSIGLIERE Presente SALAPETE MICHELE CONSIGLIERE Assente Tot. 12 Tot. 1 COPIA Piazza Municipio n. 1, C.A.P: 83021 - Avella (AV); P. IVA 00248800641; Tel/Fax 081.8259343; PEC: comune.avella@cert.irpinianet.eu; http://www.comune.avella.av.it.",,,,0.0,,,,True,True,
Delibera_14__5420_REGOLAMENTO_PER_IL_FUNZIONAMENTO_DEIARI,Delibera,Regolamenti,Nomina,,,,,0.0,,,,True,True,
Delibera_15__5421_AttestazionePubblicazione,AttestazionePubblicazione,Regolamenti,,Esame e approvazione del “Regolamento comunale per l’istituzione del Garante delle persone con disabilità”.,15.0,24/03/2026,,0.0,,,,False,False,
Delibera_15__5421_DeliberadiConsiglio_Copia_15_2026,Delibera,Regolamenti,Bando,"Esame e approvazione del “Regolamento comunale per l’istituzione del Garante delle persone con disabilità”. Nominativo Ruolo Presente Assente Da remoto BIANCARDI VINCENZO SINDACO Presente ALAIA ANNA VICE SINDACO Presente BIANCARDI DOMENICO CONSIGLIERE Presente BIANCARDI GIOVANNI CONSIGLIERE Presente CARUSO ANTONIA CONSIGLIERE Presente BIANCARDI LUIGI CONSIGLIERE Presente LONGOBARDI NICOLETTA PRESIDENTE DEL CONSIGLIO Presente CERBONE SANTINA CONSIGLIERE Presente D'AVANZO MARIA ROSARIA CONSIGLIERE Presente CACACE CHIARA CONSIGLIERE Presente MAIETTA FATIMA CONSIGLIERE Presente X Pellegrino Vittoria CONSIGLIERE Presente SALAPETE MICHELE CONSIGLIERE Assente Tot. 12 Tot. 1 COPIA Piazza Municipio n. 1, C.A.P: 83021 - Avella (AV); P. IVA 00248800641; Tel/Fax 081.8259343; PEC: comune.avella@cert.irpinianet.eu; http://www.comune.avella.av.it.",,,,0.0,,,,False,False,
Delibera_15__5421_regolamento_Garante_persone_con_disema1,Delibera,Regolamenti,Bando,,,,,0.0,,,,False,False,
Delibera_16402026__5216_AttestazionePubblicazione,AttestazionePubblicazione,Contenzioso,,Concessione del patrocinio morale – Nota prot. n. 1640/2026,16.0,10/02/2026,,0.0,,,,False,False,
Delibera_16402026__5216_DeliberadiGiunta_Copia_16_2026,Delibera,Contenzioso,,"Concessione del patrocinio morale –“Sulle orme dello YAC”. Nominativo Ruolo Presente Assente Da remoto BIANCARDI VINCENZO SINDACO Presente ALAIA ANNA VICESINDACO Presente BIANCARDI LUIGI ASSESSORE Presente BIANCARDI GIOVANNI ASSESSORE Presente CERBONE SANTINA ASSESSORE Presente Tot. 5 Tot. 0 COPIA Piazza Municipio n. 1, C.A.P: 83021 - Avella (AV); P. IVA 00248800641; Tel/Fax 081.8259343; PEC: comune.avella@cert.irpinianet.eu; http://www.comune.avella.av.it.",,,,0.0,,,,True,True,
Delibera_1652001__5430_AttestazionePubblicazione,AttestazionePubblicazione,Personale,,OGGETTO: PIANO TRIENNALE DEL FABBISOGNO DI PERSONALE 2026/2028 E CONSISTENZA QUALI-QUANTITATIVA DELLA DOTAZIONE ORGANICA AI SENSI DELL’ARTICOLO 6 DEL D.LGS. N. 165/2001. AGGIORNAMENTO E VARIAZIONE. PROVVEDIMENTI.,42.0,24/03/2026,,0.0,,,,False,False,
Delibera_1652001__5430_DeliberadiGiunta_Copia_42_2026,Delibera,Personale,Concorso,"OGGETTO: PIANO TRIENNALE DEL FABBISOGNO DI PERSONALE 2026/2028 E CONSISTENZA QUALI-QUANTITATIVA DELLA DOTAZIONE ORGANICA AI SENSI DELL’ARTICOLO 6 DEL D.LGS. N. 165/2001. AGGIORNAMENTO E VARIAZIONE. PROVVEDIMENTI. Nominativo Ruolo Presente Assente Da remoto BIANCARDI VINCENZO SINDACO Presente ALAIA ANNA VICESINDACO Presente BIANCARDI LUIGI ASSESSORE Presente BIANCARDI GIOVANNI ASSESSORE Presente CERBONE SANTINA ASSESSORE Presente Tot. 5 Tot. 0 COPIA Piazza Municipio n. 1, C.A.P: 83021 - Avella (AV); P. IVA 00248800641; Tel/Fax 081.8259343; PEC: comune.avella@cert.irpinianet.eu; http://www.comune.avella.av.it.",,,29753.2,54704.87,,,,True,False,
Delibera_1652001__5430_VERBALE_N-_3_DEL_17-03-2026_dellOrg2028,Delibera,Personale,Concorso,PARERE SU PROPOSTA DI DELIBERAZIONE DELLA GIUNTA COMUNALE - PIANO TRIENNALE DEL FABBISOGNO DI PERSONALE 2026/2028 E CONSISTENZA QUALI- QUANTITATIVA DELLA DOTAZIONE ORGANICA AI SENSI DELL’ARTICOLO 6 DEL D. LGS. N. 165/2001. AGGIORNAMENTO E VARIAZIONE. PROVVEDIMENTI.,3.0,17/03/2026,,0.0,,,,True,True,
Delibera_16__5422_AttestazionePubblicazione,AttestazionePubblicazione,Regolamenti,,Esame e approvazione del “Regolamento comunale per la concessione del patrocinio comunale”.,16.0,24/03/2026,,0.0,,,,False,False,
Delibera_16__5422_DeliberadiConsiglio_Copia_16_2026,Delibera,Regolamenti,,"Esame e approvazione del “Regolamento comunale per la concessione del patrocinio comunale”. Nominativo Ruolo Presente Assente Da remoto BIANCARDI VINCENZO SINDACO Presente ALAIA ANNA VICE SINDACO Presente BIANCARDI DOMENICO CONSIGLIERE Presente BIANCARDI GIOVANNI CONSIGLIERE Presente CARUSO ANTONIA CONSIGLIERE Presente BIANCARDI LUIGI CONSIGLIERE Presente LONGOBARDI NICOLETTA PRESIDENTE DEL CONSIGLIO Presente CERBONE SANTINA CONSIGLIERE Presente D'AVANZO MARIA ROSARIA CONSIGLIERE Presente CACACE CHIARA CONSIGLIERE Presente MAIETTA FATIMA CONSIGLIERE Presente X Pellegrino Vittoria CONSIGLIERE Presente SALAPETE MICHELE CONSIGLIERE Assente Tot. 12 Tot. 1 COPIA Piazza Municipio n. 1, C.A.P: 83021 - Avella (AV); P. IVA 00248800641; Tel/Fax 081.8259343; PEC: comune.avella@cert.irpinianet.eu; http://www.comune.avella.av.it.",,,,0.0,,,,False,False,
Delibera_16__5422_regolamento_patrocinio,Delibera,Regolamenti,,,,,,0.0,,,,True,True,
Delibera_175__4954_AttestazionePubblicazione,AttestazionePubblicazione,Pubblicazione e Trasparenza,,RICOGNIZIONE ORDINARIA DELLE PARTECIPAZIONI SOCIETARIE AI SENSI DELL'ART. 20 DEL D.LGS. N. 175 E SS.M.II.,41.0,02/12/2025,,0.0,,,,False,False,
Delibera_175__4954_DeliberadiConsiglio_Copia_41_2025,Delibera,Regolamenti,Liquidazione,"RICOGNIZIONE ORDINARIA DELLE PARTECIPAZIONI SOCIETARIE AI SENSI DELL'ART. 20 DEL D.LGS. N. 175 E SS.M.II. Nominativo Ruolo Presente Assente Da remoto BIANCARDI VINCENZO SINDACO Presente ALAIA ANNA VICE SINDACO Presente BIANCARDI DOMENICO CONSIGLIERE Presente BIANCARDI GIOVANNI CONSIGLIERE Presente CARUSO ANTONIA CONSIGLIERE Assente BIANCARDI LUIGI CONSIGLIERE Presente LONGOBARDI NICOLETTA PRESIDENTE DEL CONSIGLIO Presente CERBONE SANTINA CONSIGLIERE Presente D'AVANZO MARIA ROSARIA CONSIGLIERE Presente CACACE CHIARA CONSIGLIERE Presente MAIETTA FATIMA CONSIGLIERE Presente X Pellegrino Vittoria CONSIGLIERE Presente SALAPETE MICHELE CONSIGLIERE Assente Tot. 11 Tot. 2 COPIA Piazza Municipio n. 1, C.A.P: 83021 - Avella (AV); P. IVA 00248800641; Tel/Fax 081.8259343; PEC: comune.avella@cert.irpinianet.eu; http://www.comune.avella.av.it.",,,,0.0,,,,True,True,
Delibera_17__5217_AttestazionePubblicazione,AttestazionePubblicazione,Pubblicazione e Trasparenza,,"Concessione del patrocinio morale al Comitato Festa Patronale 2026, soggetto proponente, in collaborazione con il Forum dei Giovani di Avella, per la realizzazione dell’evento denominato “Carnevale Avellano”, previsto per il giorno 17 febbraio 2026 presso Piazza Convento.",17.0,10/02/2026,,0.0,,,,False,False,
Delibera_17__5217_DeliberadiGiunta_Copia_17_2026,Delibera,Regolamenti,,"Concessione del patrocinio morale al Comitato Festa Patronale 2026, soggetto proponente, in collaborazione con il Forum dei Giovani di Avella, per la realizzazione dell’evento denominato “Carnevale Avellano”, previsto per il giorno 17 febbraio 2026 presso Piazza Convento. Nominativo Ruolo Presente Assente Da remoto BIANCARDI VINCENZO SINDACO Presente ALAIA ANNA VICESINDACO Presente BIANCARDI LUIGI ASSESSORE Presente BIANCARDI GIOVANNI ASSESSORE Presente CERBONE SANTINA ASSESSORE Presente Tot. 5 Tot. 0 COPIA Piazza Municipio n. 1, C.A.P: 83021 - Avella (AV); P. IVA 00248800641; Tel/Fax 081.8259343; PEC: comune.avella@cert.irpinianet.eu; http://www.comune.avella.av.it.",,,,0.0,,,,True,True,
Delibera_17__5423_AttestazionePubblicazione,AttestazionePubblicazione,Regolamenti,,INTEGRAZAIONE ALLA DELIBERAZIOE DI CONSIGLIO COMUNALE N° 3 DEL 03.03.2026 AD OGETTO “APPROVAZIONE PIANO ECONOMICO FINAZIARIO IDRICO 2026”,17.0,24/03/2026,,0.0,,,,False,False,
Delibera_17__5423_DeliberadiConsiglio_Copia_17_2026,Delibera,Regolamenti,,"INTEGRAZAIONE ALLA DELIBERAZIOE DI CONSIGLIO COMUNALE N° 3 DEL 03.03.2026 AD OGETTO “APPROVAZIONE PIANO ECONOMICO FINAZIARIO IDRICO 2026” Nominativo Ruolo Presente Assente Da remoto BIANCARDI VINCENZO SINDACO Presente ALAIA ANNA VICE SINDACO Presente BIANCARDI DOMENICO CONSIGLIERE Presente BIANCARDI GIOVANNI CONSIGLIERE Presente CARUSO ANTONIA CONSIGLIERE Presente BIANCARDI LUIGI CONSIGLIERE Presente LONGOBARDI NICOLETTA PRESIDENTE DEL CONSIGLIO Presente CERBONE SANTINA CONSIGLIERE Presente D'AVANZO MARIA ROSARIA CONSIGLIERE Presente CACACE CHIARA CONSIGLIERE Presente MAIETTA FATIMA CONSIGLIERE Presente X Pellegrino Vittoria CONSIGLIERE Presente SALAPETE MICHELE CONSIGLIERE Assente Tot. 12 Tot. 1 COPIA Piazza Municipio n. 1, C.A.P: 83021 - Avella (AV); P. IVA 00248800641; Tel/Fax 081.8259343; PEC: comune.avella@cert.irpinianet.eu; http://www.comune.avella.av.it.",,,,0.0,,,,True,True,
Delibera_18__5424_AttestazionePubblicazione,AttestazionePubblicazione,Pubblicazione e Trasparenza,,Proposta di PPP tramite Finanza di Progetto nella forma di EPC per la realizzazione di interventi di riqualificazione energetica e valorizzazione degli immobili di proprietà del Comune. Efficientamento Conto termico 3.0,18.0,24/03/2026,,0.0,,,,False,False,
Delibera_18__5424_DeliberadiConsiglio_Copia_18_2026,Delibera,Regolamenti,Liquidazione,"Proposta di PPP tramite Finanza di Progetto nella forma di EPC per la realizzazione di interventi di riqualificazione energetica e valorizzazione degli immobili di proprietà del Comune. Efficientamento Conto termico 3.0 Nominativo Ruolo Presente Assente Da remoto BIANCARDI VINCENZO SINDACO Presente ALAIA ANNA VICE SINDACO Presente BIANCARDI DOMENICO CONSIGLIERE Presente BIANCARDI GIOVANNI CONSIGLIERE Presente CARUSO ANTONIA CONSIGLIERE Presente BIANCARDI LUIGI CONSIGLIERE Presente LONGOBARDI NICOLETTA PRESIDENTE DEL CONSIGLIO Presente CERBONE SANTINA CONSIGLIERE Presente D'AVANZO MARIA ROSARIA CONSIGLIERE Presente CACACE CHIARA CONSIGLIERE Presente MAIETTA FATIMA CONSIGLIERE Presente X Pellegrino Vittoria CONSIGLIERE Presente SALAPETE MICHELE CONSIGLIERE Assente Tot. 12 Tot. 1 COPIA Piazza Municipio n. 1, C.A.P: 83021 - Avella (AV); P. IVA 00248800641; Tel/Fax 081.8259343; PEC: comune.avella@cert.irpinianet.eu; http://www.comune.avella.av.it. Interviene",,,,0.0,,,,True,True,
Delibera_19__5666_AttestazionePubblicazione,AttestazionePubblicazione,Regolamenti,,LETTURA E APPROVAZIONE DEI VERBALI DELLA SEDUTA PRECEDENTE.,19.0,21/05/2026,,0.0,,,,False,False,
Delibera_19__5666_DeliberadiConsiglio_Copia_19_2026,Delibera,Regolamenti,,"LETTURA E APPROVAZIONE DEI VERBALI DELLA SEDUTA PRECEDENTE. Nominativo Ruolo Presente Assente Da remoto BIANCARDI VINCENZO SINDACO Presente ALAIA ANNA VICE SINDACO Presente BIANCARDI DOMENICO CONSIGLIERE Presente BIANCARDI GIOVANNI CONSIGLIERE Presente CARUSO ANTONIA CONSIGLIERE Presente BIANCARDI LUIGI CONSIGLIERE Presente LONGOBARDI NICOLETTA PRESIDENTE DEL CONSIGLIO Presente CERBONE SANTINA CONSIGLIERE Presente D'AVANZO MARIA ROSARIA CONSIGLIERE Presente CACACE CHIARA CONSIGLIERE Assente MAIETTA FATIMA CONSIGLIERE Assente Pellegrino Vittoria CONSIGLIERE Presente SALAPETE MICHELE CONSIGLIERE Assente Tot. 10 Tot. 3 COPIA Piazza Municipio n. 1, C.A.P: 83021 - Avella (AV); P. IVA 00248800641; Tel/Fax 081.8259343; PEC: comune.avella@cert.irpinianet.eu; http://www.comune.avella.av.it. Prende la parola",,,,0.0,,,,False,False,
Delibera_1__5331_AttestazionePubblicazione,AttestazionePubblicazione,Regolamenti,,LETTURA E APPROVAZIONE DEI VERBALI DELLA SEDUTA PRECEDENTE DI CONSIGLIO COMUNALE,1.0,03/03/2026,,0.0,,,,False,False,
Delibera_1__5331_DeliberadiConsiglio_Copia_1_2026,Delibera,Regolamenti,,"LETTURA E APPROVAZIONE DEI VERBALI DELLA SEDUTA PRECEDENTE DI CONSIGLIO COMUNALE Nominativo Ruolo Presente Assente Da remoto BIANCARDI VINCENZO SINDACO Presente ALAIA ANNA VICE SINDACO Presente BIANCARDI DOMENICO CONSIGLIERE Presente BIANCARDI GIOVANNI CONSIGLIERE Presente CARUSO ANTONIA CONSIGLIERE Assente BIANCARDI LUIGI CONSIGLIERE Presente LONGOBARDI NICOLETTA PRESIDENTE DEL CONSIGLIO Presente CERBONE SANTINA CONSIGLIERE Presente D'AVANZO MARIA ROSARIA CONSIGLIERE Presente CACACE CHIARA CONSIGLIERE Presente MAIETTA FATIMA CONSIGLIERE Presente X Pellegrino Vittoria CONSIGLIERE Presente SALAPETE MICHELE CONSIGLIERE Presente Tot. 12 Tot. 1 COPIA Piazza Municipio n. 1, C.A.P: 83021 - Avella (AV); P. IVA 00248800641; Tel/Fax 081.8259343; PEC: comune.avella@cert.irpinianet.eu; http://www.comune.avella.av.it. OGGETTO: LETTURA E APPROVAZIONE DEI VERBALI DELLA SEDUTA PRECEDENTE DI CONSIGLIO COMUNALE Il Presidente procede ad esaminare la proposta al 1° punto all’ordine del giorno ad oggetto: “Approvazione Verbali della seduta precedente del 22.12.2025 dal nr. 44/2025 al nr. 49/2025”; Il Presidente, procede: di seguito dà lettura dell’oggetto dei Verbali della seduta precedente dal nr. 44/2025 al nr. 49/2025”; lascia la parola ai Signori Consiglieri per gli eventuali interventi e/o ai Capigruppo per le eventuali Dichiarazioni di Voto;",,,,0.0,,,,False,False,
Delibera_20__5222_AttestazionePubblicazione,AttestazionePubblicazione,Regolamenti,,SERVIZIO IDRICO INTEGRATO - APPROVAZIONE PIANO INDUSTRIALE E REGIME TARIFFARIO ANNO 2026. PROVVEDIMENTI,20.0,10/02/2026,,0.0,,,,False,False,
Delibera_20__5222_DeliberadiGiunta_Copia_20_2026,Delibera,Regolamenti,,"SERVIZIO IDRICO INTEGRATO - APPROVAZIONE PIANO INDUSTRIALE E REGIME TARIFFARIO ANNO 2026. PROVVEDIMENTI Nominativo Ruolo Presente Assente Da remoto BIANCARDI VINCENZO SINDACO Presente ALAIA ANNA VICESINDACO Presente BIANCARDI LUIGI ASSESSORE Presente BIANCARDI GIOVANNI ASSESSORE Presente CERBONE SANTINA ASSESSORE Presente Tot. 5 Tot. 0 Piazza Municipio n. 1, C.A.P: 83021 - Avella (AV); P. IVA 00248800641; Tel/Fax 081.8259343; PEC: comune.avella@cert.irpinianet.eu; http://www.comune.avella.av.it. 4. Approvare l’adeguamento Tariffario piano tariffario per 1'anno 2026, articolato in funzione delle fasce convenzionali di consumo (€/mc) riferite alle categorie di uso Domestico, Industriale, Commerciale, Agricolo, di seguito riportato: Numero d' ordine DESCRIZIONE PER OGNI MC DI ACQUA EROGATA QUOTA FISSA €/Mc FOGNATURA DEPURAZIONE €. €. 1 USO DOMESTICO Tariffa da 0 a 160 mc 1.28 0.2339 0.310423 1.83 Tariffa da 161 a 500 mc 2.16 0.2339 0.310423 2.70 Tariffa da 501 a 600 mc 2.92 0.2339 0.310423 3.46 30 Tariffa da 601 a 850 mc 3.38 0.2339 0.310423 3.93 Tariffa da 851 a 9999999999 3.91 0.2339 0.310423 4.45 2 USO INDUSTRIALE Piazza Municipio n. 1, C.A.P: 83021 - Avella (AV); P. IVA 00248800641; Tel/Fax 081.8259343; PEC: comune.avella@cert.irpinianet.eu; http://www.comune.avella.av.it. Tariffa da 0 a 73 mc 2.74 0.2339 0.310423 3.28 Tariffa da 74 a 146 mc 3.26 0.2339 0.310423 3.81 Tariffa da 147 a 219 mc 3.91 0.2339 0.310423 4.45 90 Tariffa da 220 a 292 mc 4.31 0.2339 0.310423 4.86 Tariff...",296.0,27/12/2006,863760.9,1727521.8,,,,True,False,
Delibera_20__5667_4480_DeliberadiConsiglio__24_2025-_rdia,Delibera,Regolamenti,Liquidazione,"Salvaguardia degli equilibri e assestamento generale di bilancio per l’esercizio 2025-2027 (artt. 175, comma 8 e 193 del d.Lgs. n. 267/2000)” Nominativo Ruolo Presente Assente Da remoto BIANCARDI VINCENZO SINDACO Presente X ALAIA ANNA VICE SINDACO Presente BIANCARDI DOMENICO CONSIGLIERE Presente BIANCARDI GIOVANNI CONSIGLIERE Presente CARUSO ANTONIA CONSIGLIERE Assente BIANCARDI LUIGI CONSIGLIERE Presente LONGOBARDI NICOLETTA PRESIDENTE DEL CONSIGLIO Presente CERBONE SANTINA CONSIGLIERE Presente D'AVANZO MARIA ROSARIA CONSIGLIERE Presente CACACE CHIARA CONSIGLIERE Presente MAIETTA FATIMA CONSIGLIERE Presente X Pellegrino Vittoria CONSIGLIERE Presente SALAPETE MICHELE CONSIGLIERE Assente Tot. 11 Tot. 2 COPIA Piazza Municipio n. 1, C.A.P: 83021 - Avella (AV); P. IVA 00248800641; Tel/Fax 081.8259343; PEC: comune.avella@cert.irpinianet.eu; http://www.comune.avella.av.it.",,,,0.0,,,,True,True,
Delibera_20__5667_ATTESTAZIONE_DEI_RESPONSABILI_PER_I-F-B,Delibera,Regolamenti,,"Attestazione di inesistenza di debiti fuori bilancio - Rendiconto di Gestione 2025 (artt. 193, 194 e227 D.Lgs. 267/2000). Il sottoscritto. |ayasse....[RewesSeo. in qualita di Responsabile del [Settore/Area/Servizio di appartenenza],",,,,0.0,,,,False,False,
Delibera_20__5667_AttestazionePubblicazione,AttestazionePubblicazione,Regolamenti,,RENDICONTO 2025- APPROVAZIONE,20.0,21/05/2026,,0.0,,,,False,False,
Delibera_20__5667_DeliberadiConsiglio_Copia_20_2026,Delibera,Regolamenti,Liquidazione,"RENDICONTO DI GESTIONE 2025- APPROVAZIONE Nominativo Ruolo Presente Assente Da remoto BIANCARDI VINCENZO SINDACO Presente ALAIA ANNA VICE SINDACO Presente BIANCARDI DOMENICO CONSIGLIERE Presente BIANCARDI GIOVANNI CONSIGLIERE Presente CARUSO ANTONIA CONSIGLIERE Presente BIANCARDI LUIGI CONSIGLIERE Presente LONGOBARDI NICOLETTA PRESIDENTE DEL CONSIGLIO Presente CERBONE SANTINA CONSIGLIERE Presente D'AVANZO MARIA ROSARIA CONSIGLIERE Presente CACACE CHIARA CONSIGLIERE Presente MAIETTA FATIMA CONSIGLIERE Assente Pellegrino Vittoria CONSIGLIERE Presente SALAPETE MICHELE CONSIGLIERE Assente Tot. 11 Tot. 2 COPIA Piazza Municipio n. 1, C.A.P: 83021 - Avella (AV); P. IVA 00248800641; Tel/Fax 081.8259343; PEC: comune.avella@cert.irpinianet.eu; http://www.comune.avella.av.it. Relaziona",9.0,03/03/2026,,0.0,,,,True,True,
Delibera_20__5667_Relazione_bilancio_consuntivo_2025_ale_,Delibera,Contabilità,Liquidazione,,49.0,09/04/2026,3449236.97,52600266.41,,,,True,False,
Delibera_20__5667_Stampa_conto_del_bilancio_2025_comp7413,Delibera,Contabilità,Liquidazione,,,,,0.0,,,,True,True,
Delibera_20__5667_attestazione_tempi_medi_di_pagamento,Delibera,Contabilità,Liquidazione,,,,2784902.68,2784902.68,,,,True,False,
Delibera_20__5667_piano_degli_indicatori_2025_497280,Delibera,Personale,Liquidazione,,,,,0.0,,,,True,True,
Delibera_20__5667_tabellaparametri_ente_strutt-_defic7277,Delibera,Personale,,,,,,0.0,,,,True,True,
Delibera_20__allegato1770900611,Delibera,Ambiente,,,,,887676.9,3260936.2,,,,True,False,
Delibera_21882026__5626_AttestazionePubblicazione,AttestazionePubblicazione,Contenzioso,,INCARICO LEGALE PER LA PROPOSIZIONE DELL’OPPOSIZIONE AL RICORSO PER D.I. RECANTE R.G. N. 2188/2026 PROPOSTO DA HERA COMM S.P.A. INNANZI IL TRIBUNALE CIVILE DI BOLOGNA. PROVVEDIMENTI.,65.0,12/05/2026,,0.0,,,,False,False,
Delibera_21882026__5626_DeliberadiGiunta_Copia_65_2026,Delibera,Contenzioso,Nomina,"INCARICO LEGALE PER LA PROPOSIZIONE DELL’OPPOSIZIONE AL RICORSO PER D.I. RECANTE R.G. N. 2188/2026 PROPOSTO DA HERA COMM S.P.A. INNANZI IL TRIBUNALE CIVILE DI BOLOGNA. PROVVEDIMENTI. Nominativo Ruolo Presente Assente Da remoto BIANCARDI VINCENZO SINDACO Presente ALAIA ANNA VICESINDACO Presente BIANCARDI LUIGI ASSESSORE Presente BIANCARDI GIOVANNI ASSESSORE Presente CERBONE SANTINA ASSESSORE Presente Tot. 5 Tot. 0 COPIA Piazza Municipio n. 1, C.A.P: 83021 - Avella (AV); P. IVA 00248800641; Tel/Fax 081.8259343; PEC: comune.avella@cert.irpinianet.eu; http://www.comune.avella.av.it.",,,,0.0,,,,True,True,
Delibera_21__5223_AttestazionePubblicazione,AttestazionePubblicazione,Regolamenti,,Approvazione Piano Industriale Rifiuti anno 2026 – Provvedimenti,21.0,10/02/2026,,0.0,,,,False,False,
Delibera_21__5223_DeliberadiGiunta_Copia_21_2026,Delibera,Regolamenti,,"Approvazione Piano Industriale Rifiuti anno 2026 – Provvedimenti Nominativo Ruolo Presente Assente Da remoto BIANCARDI VINCENZO SINDACO Presente ALAIA ANNA VICESINDACO Presente BIANCARDI LUIGI ASSESSORE Presente BIANCARDI GIOVANNI ASSESSORE Presente CERBONE SANTINA ASSESSORE Presente Tot. 5 Tot. 0 Piazza Municipio n. 1, C.A.P: 83021 - Avella (AV); P. IVA 00248800641; Tel/Fax 081.8259343; PEC: comune.avella@cert.irpinianet.eu; http://www.comune.avella.av.it. 3. Dare atto che sull'importo della tassa sui rifiuti, si applica il tributo provinciale per l'esercizio delle funzioni ambientali di cui all'art. 19 del D.lgs. 504/92, con l'aliquota deliberata dalla provincia, ai sensi dell'art. 1, comma 666, della L. 147/2013. Piazza Municipio n. 1, C.A.P: 83021 - Avella (AV); P. IVA 00248800641; Tel/Fax 081.8259343; PEC: comune.avella@cert.irpinianet.eu; http://www.comune.avella.av.it. PROPOSTA DI DELIBERAZIONE DELLA GIUNTA COMUNALE OGGETTO: Approvazione Piano Industriale Rifiuti anno 2026 – Provvedimenti",,,1298325.0,2596650.0,,,,True,False,
Delibera_21__allegato1770900678,Delibera,Ambiente,,,,,1351648.03,7986179.68,,,,True,False,
Delibera_22__5224_AttestazionePubblicazione,AttestazionePubblicazione,Regolamenti,,APPROVAZIONE DEL PIANO DELLE ALIENAZIONI E VALORIZZAZIONE IMMOBILIARI AI SENSI DELL’ART. 58 DEL 25.06.2008 N° 112 CONVERTITO CON MODIFICAZIONI IN L. 06.08.2008 N° 133 - PROVVEDIMENTI,22.0,10/02/2026,,0.0,,,,False,False,
Delibera_22__5224_DeliberadiGiunta_Copia_22_2026,Delibera,Regolamenti,,"APPROVAZIONE DEL PIANO DELLE ALIENAZIONI E VALORIZZAZIONE IMMOBILIARI AI SENSI DELL’ART. 58 DEL 25.06.2008 N° 112 CONVERTITO CON MODIFICAZIONI IN L. 06.08.2008 N° 133 - PROVVEDIMENTI Nominativo Ruolo Presente Assente Da remoto BIANCARDI VINCENZO SINDACO Presente ALAIA ANNA VICESINDACO Presente BIANCARDI LUIGI ASSESSORE Presente BIANCARDI GIOVANNI ASSESSORE Presente CERBONE SANTINA ASSESSORE Presente Tot. 5 Tot. 0 Piazza Municipio n. 1, C.A.P: 83021 - Avella (AV); P. IVA 00248800641; Tel/Fax 081.8259343; PEC: comune.avella@cert.irpinianet.eu; http://www.comune.avella.av.it. 2. Dare atto che l'Organo di Governo presenterà al Consiglio Comunale il Piano delle Alienazioni e delle valorizzazioni del patrimonio immobiliare per la sua approvazione ai sensi dell'art. 42 del d.lgs. n. 267/2000, quale allegato ai documenti di programmazione pluriennale 2026-2028; 3. che il suddetto piano è stato redatto sulla base e nei limiti della documentazione esistente presso gli archivi e uffici comunali, secondo quanto risultante dalle istruttorie fin qui eseguite, per cui, dovrà, in fase di attuazione, essere oggetto di modifiche ed integrazioni. 4. Precisare the l'attuale gestione dei beni immobili comunali dovrà essere rivista alla luce del quadro normativo vigente, mediante la regolarizzazione dei rapporti contrattuali in essere e una più incisiva attività di recupero dei crediti vantati dall'Ente. Piazza Municipio n. 1, C.A.P: 83021 - Avella (AV); P. IVA 00248800641; Tel/Fax 081.8259343; PE...",,,,0.0,,,,True,True,
Delibera_22__allegato1770900706,Delibera,Contabilità,,,,,244240.0,799700.0,,,,False,False,
Delibera_2342__5317_AttestazionePubblicazione,AttestazionePubblicazione,Contenzioso,,Oggetto: Concessione del patrocinio morale – Nota prot. n. 2342 del 26 febbraio 2026,35.0,03/03/2026,,0.0,,,,False,False,
Delibera_2342__5317_DeliberadiGiunta_Copia_35_2026,Delibera,Contenzioso,,"Oggetto: Concessione del patrocinio morale – Nota prot. n. 2342 del 26 febbraio 2026 Nominativo Ruolo Presente Assente Da remoto BIANCARDI VINCENZO SINDACO Presente ALAIA ANNA VICESINDACO Presente BIANCARDI LUIGI ASSESSORE Presente BIANCARDI GIOVANNI ASSESSORE Presente CERBONE SANTINA ASSESSORE Presente Tot. 5 Tot. 0 COPIA Piazza Municipio n. 1, C.A.P: 83021 - Avella (AV); P. IVA 00248800641; Tel/Fax 081.8259343; PEC: comune.avella@cert.irpinianet.eu; http://www.comune.avella.av.it.",2342.0,26/02/2026,,0.0,,,,True,True,
Delibera_23__5225_AttestazionePubblicazione,AttestazionePubblicazione,Regolamenti,,Approvazione Programma annuale 2026 e triennale opere pubbliche 2026/2028,23.0,10/02/2026,,0.0,,,,False,False,
Delibera_23__5225_DeliberadiGiunta_Copia_23_2026,Delibera,Regolamenti,,"Approvazione Programma annuale 2026 e triennale opere pubbliche 2026/2028 Nominativo Ruolo Presente Assente Da remoto BIANCARDI VINCENZO SINDACO Presente ALAIA ANNA VICESINDACO Presente BIANCARDI LUIGI ASSESSORE Presente BIANCARDI GIOVANNI ASSESSORE Presente CERBONE SANTINA ASSESSORE Presente Tot. 5 Tot. 0 Piazza Municipio n. 1, C.A.P: 83021 - Avella (AV); P. IVA 00248800641; Tel/Fax 081.8259343; PEC: comune.avella@cert.irpinianet.eu; http://www.comune.avella.av.it. PROPOSTA DI DELIBERAZIONE DELLA GIUNTA COMUNALE OGGETTO: Approvazione Programma annuale 2026 e triennale opere pubbliche 2026/2028",166.0,01/08/2002,,0.0,,,,True,True,
Delibera_23__allegato1770900755,Delibera,Lavori Pubblici,Approvazione Progetto,,,,105912290.27,421674237.69,,,,True,False,
Delibera_24__5229_AttestazionePubblicazione,AttestazionePubblicazione,Pubblicazione e Trasparenza,,PROGRAMMA TRIENNALE DEGLI ACQUISTI DI BENI E SERVIZI 2026-2028 ai sensi dell'art. 37 d.lgs 36/2023. integrazione programma,24.0,12/02/2026,,0.0,,,,False,False,
Delibera_24__5229_DeliberadiGiunta_Copia_24_2026,Delibera,Servizi Sociali,,"PROGRAMMA TRIENNALE DEGLI ACQUISTI DI BENI E SERVIZI 2026-2028 ai sensi dell'art. 37 d.lgs 36/2023. integrazione programma Nominativo Ruolo Presente Assente Da remoto BIANCARDI VINCENZO SINDACO Presente ALAIA ANNA VICESINDACO Presente BIANCARDI LUIGI ASSESSORE Presente BIANCARDI GIOVANNI ASSESSORE Presente CERBONE SANTINA ASSESSORE Presente Tot. 5 Tot. 0 COPIA Piazza Municipio n. 1, C.A.P: 83021 - Avella (AV); P. IVA 00248800641; Tel/Fax 081.8259343; PEC: comune.avella@cert.irpinianet.eu; http://www.comune.avella.av.it.",,,,0.0,,,,True,True,
Delibera_24__5229_Progr_TriennaleRaggr_400580,Delibera,Contabilità,,,,,,0.0,,,,True,True,
Delibera_25__5230_AttestazionePubblicazione,AttestazionePubblicazione,Regolamenti,,APPROVAZIONE DUP 2026/2028,25.0,12/02/2026,,0.0,,,,False,False,
Delibera_25__5230_DeliberadiGiunta_Copia_25_2026,Delibera,Regolamenti,,"APPROVAZIONE DUP 2026/2028 Nominativo Ruolo Presente Assente Da remoto BIANCARDI VINCENZO SINDACO Presente ALAIA ANNA VICESINDACO Presente BIANCARDI LUIGI ASSESSORE Presente BIANCARDI GIOVANNI ASSESSORE Presente CERBONE SANTINA ASSESSORE Presente Tot. 5 Tot. 0 COPIA Piazza Municipio n. 1, C.A.P: 83021 - Avella (AV); P. IVA 00248800641; Tel/Fax 081.8259343; PEC: comune.avella@cert.irpinianet.eu; http://www.comune.avella.av.it.",,,,0.0,,,,True,True,
Delibera_25__5230_Relazione_DUP_2026_401698,Delibera,Regolamenti,Liquidazione,,8.0,16/01/2025,1298325.0,126000.83,,,,True,False,
Delibera_2672000__4969_AttestazionePubblicazione,AttestazionePubblicazione,Pubblicazione e Trasparenza,,"RICHIESTA ANTICIPAZIONE DI TESORERIA PER L'ESERCIZIO FINANZIARIO 2026 E UTILIZZO, IN TERMINI DI CASSA, DI ENTRATE VINCOLATE AL SENSI DEGLI ARTICOLI 195 E 222 DEL T.U.E.L. D. LGS. N.267/2000. PROVVEDIMENTI.",145.0,09/12/2025,,0.0,,,,False,False,
Delibera_2672000__4969_DeliberadiGiunta_Copia_145_2025,Delibera,Personale,Liquidazione,"RICHIESTA ANTICIPAZIONE DI TESORERIA PER L'ESERCIZIO FINANZIARIO 2026 E UTILIZZO, IN TERMINI DI CASSA, DI ENTRATE VINCOLATE AL SENSI DEGLI ARTICOLI 195 E 222 DEL T.U.E.L. D. LGS. N.267/2000. PROVVEDIMENTI. Nominativo Ruolo Presente Assente Da remoto BIANCARDI VINCENZO SINDACO Presente ALAIA ANNA VICESINDACO Presente BIANCARDI LUIGI ASSESSORE Presente BIANCARDI GIOVANNI ASSESSORE Presente CERBONE SANTINA ASSESSORE Presente Tot. 5 Tot. 0 COPIA Piazza Municipio n. 1, C.A.P: 83021 - Avella (AV); P. IVA 00248800641; Tel/Fax 081.8259343; PEC: comune.avella@cert.irpinianet.eu; http://www.comune.avella.av.it.",14.0,15/05/2025,1453827.67,0.0,,,,True,True,
Delibera_2672000__5026_AttestazionePubblicazione,AttestazionePubblicazione,Contenzioso,,"Riconoscimento debito fuori bilancio ai sensi dell’art. 194, comma 1, lett. a), del D.lgs. n. 267/2000 e ss.mm.ii. – Pignoramento mobiliare presso terzi R.G.Es.Mob. n. 406/2024 espletato innanzi il Tribunale Civile di Avellino su D.I. n. 1275/2022 della società Edizioni Savarese S.r.l.",45.0,22/12/2025,,0.0,,,,False,False,
Delibera_2672000__5026_DeliberadiConsiglio_Copia_45_2025,Delibera,Contenzioso,Liquidazione,"Riconoscimento debito fuori bilancio ai sensi dell’art. 194, comma 1, lett. a), del D.lgs. n. 267/2000 e ss.mm.ii. – Pignoramento mobiliare presso terzi R.G.Es.Mob. n. 406/2024 espletato innanzi il Tribunale Civile di Avellino su D.I. n. 1275/2022 della società Edizioni Savarese S.r.l. Nominativo Ruolo Presente Assente Da remoto BIANCARDI VINCENZO SINDACO Presente ALAIA ANNA VICE SINDACO Presente BIANCARDI DOMENICO CONSIGLIERE Presente BIANCARDI GIOVANNI CONSIGLIERE Presente CARUSO ANTONIA CONSIGLIERE Assente BIANCARDI LUIGI CONSIGLIERE Presente LONGOBARDI NICOLETTA PRESIDENTE DEL CONSIGLIO Presente CERBONE SANTINA CONSIGLIERE Presente D'AVANZO MARIA ROSARIA CONSIGLIERE Presente X CACACE CHIARA CONSIGLIERE Presente MAIETTA FATIMA CONSIGLIERE Presente Pellegrino Vittoria CONSIGLIERE Presente SALAPETE MICHELE CONSIGLIERE Assente Tot. 11 Tot. 2 COPIA Piazza Municipio n. 1, C.A.P: 83021 - Avella (AV); P. IVA 00248800641; Tel/Fax 081.8259343; PEC: comune.avella@cert.irpinianet.eu; http://www.comune.avella.av.it.",,,7706.9,26260.86,,,,True,False,
Delibera_2672000__5027_AttestazionePubblicazione,AttestazionePubblicazione,Contenzioso,,"Riconoscimento debito fuori bilancio ai sensi dell’art. 194, comma 1, lett. a), del D.lgs. n. 267/2000 e ss.mm.ii. – Sentenza n. 1465/2025 resa nel giudizio recante R.G. n. 443/2021 dal Tribunale Civile di Avellino nel giudizio intrapreso da S.G., P.M., V.P. e M.M. e pubblicata in data 06.10.2025",46.0,22/12/2025,,0.0,,,,False,False,
Delibera_2672000__5027_DeliberadiConsiglio_Copia_46_2025,Delibera,Contenzioso,Liquidazione,"Riconoscimento debito fuori bilancio ai sensi dell’art. 194, comma 1, lett. a), del D.lgs. n. 267/2000 e ss.mm.ii. – Sentenza n. 1465/2025 resa nel giudizio recante R.G. n. 443/2021 dal Tribunale Civile di Avellino nel giudizio intrapreso da S.G., P.M., V.P. e M.M. e pubblicata in data 06.10.2025 Nominativo Ruolo Presente Assente Da remoto BIANCARDI VINCENZO SINDACO Presente ALAIA ANNA VICE SINDACO Presente BIANCARDI DOMENICO CONSIGLIERE Presente BIANCARDI GIOVANNI CONSIGLIERE Presente CARUSO ANTONIA CONSIGLIERE Assente BIANCARDI LUIGI CONSIGLIERE Presente LONGOBARDI NICOLETTA PRESIDENTE DEL CONSIGLIO Presente CERBONE SANTINA CONSIGLIERE Presente D'AVANZO MARIA ROSARIA CONSIGLIERE Presente X CACACE CHIARA CONSIGLIERE Presente MAIETTA FATIMA CONSIGLIERE Presente Pellegrino Vittoria CONSIGLIERE Presente SALAPETE MICHELE CONSIGLIERE Assente Tot. 11 Tot. 2 COPIA Piazza Municipio n. 1, C.A.P: 83021 - Avella (AV); P. IVA 00248800641; Tel/Fax 081.8259343; PEC: comune.avella@cert.irpinianet.eu; http://www.comune.avella.av.it.",,,786.0,786.0,,,,True,False,
Delibera_267__4968_AttestazionePubblicazione,AttestazionePubblicazione,Pubblicazione e Trasparenza,,ART.159 DEL TUEL 18 AGOSTO 2000 N. 267- IMPIGNORABILITA' DI SOMME 1° SEMESTRE 2026,144.0,09/12/2025,,0.0,,,,False,False,
Delibera_267__4968_DeliberadiGiunta_Copia_144_2025,Delibera,Servizi Sociali,Liquidazione,"ART.159 DEL TUEL 18 AGOSTO 2000 N. 267- IMPIGNORABILITA' DI SOMME 1° SEMESTRE 2026 Nominativo Ruolo Presente Assente Da remoto BIANCARDI VINCENZO SINDACO Presente ALAIA ANNA VICESINDACO Presente BIANCARDI LUIGI ASSESSORE Presente BIANCARDI GIOVANNI ASSESSORE Presente CERBONE SANTINA ASSESSORE Presente Tot. 5 Tot. 0 COPIA Piazza Municipio n. 1, C.A.P: 83021 - Avella (AV); P. IVA 00248800641; Tel/Fax 081.8259343; PEC: comune.avella@cert.irpinianet.eu; http://www.comune.avella.av.it.",4496.0,10/07/1986,2513755.54,6167511.08,,,,True,False,
Delibera_26_2028_5237_AttestazionePubblicazione,AttestazionePubblicazione,Regolamenti,,APPROVAZIONE SCHEMA DI BILANCIO 2026/2028,26.0,12/02/2026,,0.0,,,,False,False,
Delibera_26_2028_5237_DeliberadiGiunta_Copia_26_2026,Delibera,Regolamenti,,"APPROVAZIONE SCHEMA DI BILANCIO 2026/2028 Nominativo Ruolo Presente Assente Da remoto BIANCARDI VINCENZO SINDACO Presente ALAIA ANNA VICESINDACO Presente BIANCARDI LUIGI ASSESSORE Presente BIANCARDI GIOVANNI ASSESSORE Presente CERBONE SANTINA ASSESSORE Presente Tot. 5 Tot. 0 COPIA Piazza Municipio n. 1, C.A.P: 83021 - Avella (AV); P. IVA 00248800641; Tel/Fax 081.8259343; PEC: comune.avella@cert.irpinianet.eu; http://www.comune.avella.av.it.",,,,0.0,,,,True,True,
Delibera_26_2028_5237_FCDE_2026-2028,Delibera,Contabilità,,,,,,0.0,,,,False,False,
Delibera_26_2028_5237_Limite_di_indebitamento_2026-2028,Delibera,Contabilità,,,,,,0.0,,,,False,False,
Delibera_26_2028_5237_Relazione_nota_integrativa_2026_401786,Delibera,Contenzioso,Liquidazione,,,,208234.05,453960.0,,,,True,False,
Delibera_26_2028_5237_Stampa_bilancio_di_previsione_2026-2028,Delibera,Contabilità,Liquidazione,,,,,0.0,,,,True,True,
Delibera_26_2028_5237_Stampa_parametri_ente_deficitario_22028,Delibera,Personale,,,,,,0.0,,,,True,True,
Delibera_26_2028_5237_elenco_indirizzi_internet_,Elenco,Contabilità,,,,,,0.0,,,,False,False,
Delibera_26_2028_5237_piano_degli_indicatori_2026-2028,Delibera,Contabilità,Liquidazione,,,,,0.0,,,,True,True,
Delibera_27__5242_AttestazionePubblicazione,AttestazionePubblicazione,Regolamenti,,Approvazione elenchi provvisori catasto degli incendi ai sensi dell’O.P.C.M. n° 3606/07 anno 2025,27.0,17/02/2026,,0.0,,,,False,False,
Delibera_27__5242_DeliberadiGiunta_Copia_27_2026,Delibera,Regolamenti,,"Approvazione elenchi provvisori catasto degli incendi ai sensi dell’O.P.C.M. n° 3606/07 anno 2025 Nominativo Ruolo Presente Assente Da remoto BIANCARDI VINCENZO SINDACO Presente ALAIA ANNA VICESINDACO Presente BIANCARDI LUIGI ASSESSORE Presente BIANCARDI GIOVANNI ASSESSORE Presente CERBONE SANTINA ASSESSORE Presente Tot. 5 Tot. 0 COPIA Piazza Municipio n. 1, C.A.P: 83021 - Avella (AV); P. IVA 00248800641; Tel/Fax 081.8259343; PEC: comune.avella@cert.irpinianet.eu; http://www.comune.avella.av.it.",,,,0.0,,,,False,False,
Delibera_28__5251_AttestazionePubblicazione,AttestazionePubblicazione,Servizi Demografici,,Delimitazione e assegnazioni. Spazi per propaganda elettorale referendum costituzionale di domenica 22 e lunedì 23 marzo,28.0,17/02/2026,,0.0,,,,False,False,
Delibera_28__5251_DeliberadiGiunta_Copia_28_2026,Delibera,Servizi Demografici,,"Delimitazione e assegnazioni. Spazi per propaganda elettorale referendum costituzionale di domenica 22 e lunedì 23 marzo Nominativo Ruolo Presente Assente Da remoto BIANCARDI VINCENZO SINDACO Presente ALAIA ANNA VICESINDACO Presente BIANCARDI LUIGI ASSESSORE Presente BIANCARDI GIOVANNI ASSESSORE Presente CERBONE SANTINA ASSESSORE Presente Tot. 5 Tot. 0 COPIA Piazza Municipio n. 1, C.A.P: 83021 - Avella (AV); P. IVA 00248800641; Tel/Fax 081.8259343; PEC: comune.avella@cert.irpinianet.eu; http://www.comune.avella.av.it.",,,,0.0,,,,False,False,
Delibera_29__5273_AttestazionePubblicazione,AttestazionePubblicazione,Contenzioso,,PATROCINIO MORALE ED ECONOMICO PER L’ESIBIZIONE LIVE DEGLI ALUNNI DELL’ISTITUTO COMPRENSIVO STATALE MONS. P. GUERRIERO DI AVELLA NELLO STUDIO DI CASA SANREMO AL PALAFIORI DURANTE LA SETTIMANA DEL FESTIVAL DELLA CANZONE ITALIANA. ATTO DI INDIRIZZO.,29.0,17/02/2026,,0.0,,,,False,False,
Delibera_29__5273_DeliberadiGiunta_Copia_29_2026,Delibera,Cultura e Turismo,,"PATROCINIO MORALE ED ECONOMICO PER L’ESIBIZIONE LIVE DEGLI ALUNNI DELL’ISTITUTO COMPRENSIVO STATALE MONS. P. GUERRIERO DI AVELLA NELLO STUDIO DI CASA SANREMO AL PALAFIORI DURANTE LA SETTIMANA DEL FESTIVAL DELLA CANZONE ITALIANA. ATTO DI INDIRIZZO. Nominativo Ruolo Presente Assente Da remoto BIANCARDI VINCENZO SINDACO Presente ALAIA ANNA VICESINDACO Presente BIANCARDI LUIGI ASSESSORE Presente BIANCARDI GIOVANNI ASSESSORE Presente CERBONE SANTINA ASSESSORE Presente Tot. 5 Tot. 0 Piazza Municipio n. 1, C.A.P: 83021 - Avella (AV); P. IVA 00248800641; Tel/Fax 081.8259343; PEC: comune.avella@cert.irpinianet.eu; http://www.comune.avella.av.it. Per le motivazioni espresse in narrativa, che si intendono riportate e trascritte quale parte integrante del presente dispositivo, di: Di demandare, come atto di indirizzo, al Responsabile del Servizio Turismo e Promozione del Territorio e al Responsabile dei Servizi Finanziari, ciascuno per le rispettive competenze, l’esecuzione degli atti consequenziali, finalizzati alla richiesta di patrocinio morale ed economico per l’esibizione live degli alunni dell’Istituto Comprensivo Statale Mons. P. Guerriero di Avella nello studio di Casa Sanremo al Palafiori durante la settimana del Festival della Canzone Italiana, con la previsione di contributo economico pari ad euro 1.000,00, al fine di garantire la migliore riuscita possibile della manifestazione de qua nello studio di Casa Sanremo; Piazza Municipio n. 1, C.A.P: 83021 - Avella (AV); P. IVA 0024...",,,1000.0,0.0,,,,True,True,
Delibera_2__5092_AttestazionePubblicazione,AttestazionePubblicazione,Pubblicazione e Trasparenza,,Riqualificazione ed adeguamento dell’illuminazione del Castello Normanno di Avella”,2.0,13/01/2026,,0.0,,J29D24000260006,,False,False,
Delibera_2__5092_DeliberadiGiunta_Copia_2_2026,Delibera,Regolamenti,Bando,Riqualificazione ed adeguamento dell’illuminazione del Castello Normanno di Avella”,367.0,18/07/2024,49037.84,490024.04,,J29D24000260006,,True,False,
Delibera_2__5332_AttestazionePubblicazione,AttestazionePubblicazione,Regolamenti,,APPROVAZIONE DEL PIANO DELLE ALIENAZIONI E VALORIZZAZIONE IMMOBILIARI PER IL TRIENNIO 2026/2028.,2.0,03/03/2026,,0.0,,,,False,False,
Delibera_2__5332_DeliberadiConsiglio_Copia_2_2026,Delibera,Regolamenti,,"APPROVAZIONE DEL PIANO DELLE ALIENAZIONI E VALORIZZAZIONE IMMOBILIARI PER IL TRIENNIO 2026/2028. Nominativo Ruolo Presente Assente Da remoto BIANCARDI VINCENZO SINDACO Presente ALAIA ANNA VICE SINDACO Presente BIANCARDI DOMENICO CONSIGLIERE Presente BIANCARDI GIOVANNI CONSIGLIERE Presente CARUSO ANTONIA CONSIGLIERE Assente BIANCARDI LUIGI CONSIGLIERE Presente LONGOBARDI NICOLETTA PRESIDENTE DEL CONSIGLIO Presente CERBONE SANTINA CONSIGLIERE Presente D'AVANZO MARIA ROSARIA CONSIGLIERE Presente CACACE CHIARA CONSIGLIERE Presente MAIETTA FATIMA CONSIGLIERE Presente X Pellegrino Vittoria CONSIGLIERE Presente SALAPETE MICHELE CONSIGLIERE Presente Tot. 12 Tot. 1 COPIA Piazza Municipio n. 1, C.A.P: 83021 - Avella (AV); P. IVA 00248800641; Tel/Fax 081.8259343; PEC: comune.avella@cert.irpinianet.eu; http://www.comune.avella.av.it.",,,,0.0,,,,True,True,
Delibera_2__5332_DeliberadiGiunta_Copia_22_2026_pianioni,Delibera,Regolamenti,,"APPROVAZIONE DEL PIANO DELLE ALIENAZIONI E VALORIZZAZIONE IMMOBILIARI AI SENSI DELL’ART. 58 DEL 25.06.2008 N° 112 CONVERTITO CON MODIFICAZIONI IN L. 06.08.2008 N° 133 - PROVVEDIMENTI Nominativo Ruolo Presente Assente Da remoto BIANCARDI VINCENZO SINDACO Presente ALAIA ANNA VICESINDACO Presente BIANCARDI LUIGI ASSESSORE Presente BIANCARDI GIOVANNI ASSESSORE Presente CERBONE SANTINA ASSESSORE Presente Tot. 5 Tot. 0 Piazza Municipio n. 1, C.A.P: 83021 - Avella (AV); P. IVA 00248800641; Tel/Fax 081.8259343; PEC: comune.avella@cert.irpinianet.eu; http://www.comune.avella.av.it. 2. Dare atto che l'Organo di Governo presenterà al Consiglio Comunale il Piano delle Alienazioni e delle valorizzazioni del patrimonio immobiliare per la sua approvazione ai sensi dell'art. 42 del d.lgs. n. 267/2000, quale allegato ai documenti di programmazione pluriennale 2026-2028; 3. che il suddetto piano è stato redatto sulla base e nei limiti della documentazione esistente presso gli archivi e uffici comunali, secondo quanto risultante dalle istruttorie fin qui eseguite, per cui, dovrà, in fase di attuazione, essere oggetto di modifiche ed integrazioni. 4. Precisare the l'attuale gestione dei beni immobili comunali dovrà essere rivista alla luce del quadro normativo vigente, mediante la regolarizzazione dei rapporti contrattuali in essere e una più incisiva attività di recupero dei crediti vantati dall'Ente. Piazza Municipio n. 1, C.A.P: 83021 - Avella (AV); P. IVA 00248800641; Tel/Fax 081.8259343; PE...",,,,0.0,,,,True,True,
Delibera_2__5332_allegato_piano_alienazioni_2026,Delibera,Contabilità,,,,,244240.0,799700.0,,,,False,False,
Delibera_30__5312_AttestazionePubblicazione,AttestazionePubblicazione,Pubblicazione e Trasparenza,Nomina,"Costituzione delegazione trattante di parte datoriale per la stipula dei contratti integrativi e individuazione rappresentanti dell’Amministrazione in sede di confronto con la delegazione sindacale (art. 8, comma 2, del C.C.N.L. 23.02.2026).",30.0,03/03/2026,,0.0,,,,False,False,
Delibera_30__5312_DeliberadiGiunta_Copia_30_2026,Delibera,Servizi Sociali,Nomina,"Costituzione delegazione trattante di parte datoriale per la stipula dei contratti integrativi e individuazione rappresentanti dell’Amministrazione in sede di confronto con la delegazione sindacale (art. 8, comma 2, del C.C.N.L. 23.02.2026). Nominativo Ruolo Presente Assente Da remoto BIANCARDI VINCENZO SINDACO Presente ALAIA ANNA VICESINDACO Presente BIANCARDI LUIGI ASSESSORE Presente BIANCARDI GIOVANNI ASSESSORE Presente CERBONE SANTINA ASSESSORE Presente Tot. 5 Tot. 0 COPIA Piazza Municipio n. 1, C.A.P: 83021 - Avella (AV); P. IVA 00248800641; Tel/Fax 081.8259343; PEC: comune.avella@cert.irpinianet.eu; http://www.comune.avella.av.it.",,,,0.0,,,,True,True,
Delibera_31__5313_AttestazionePubblicazione,AttestazionePubblicazione,Regolamenti,,APPROVAZIONE DEL PIANO ANNUALE DEI FLUSSI DI CASSA PER L'ESERCIZIO 2026 AI SENSI DELL'ART.6 DEL D.L. 155/2024 CONVERTITO IN LEGGE 189/2024,31.0,03/03/2026,,0.0,,,,False,False,
Delibera_31__5313_DeliberadiGiunta_Copia_31_2026,Delibera,Regolamenti,Liquidazione,"APPROVAZIONE DEL PIANO ANNUALE DEI FLUSSI DI CASSA PER L'ESERCIZIO 2026 AI SENSI DELL'ART.6 DEL D.L. 155/2024 CONVERTITO IN LEGGE 189/2024 Nominativo Ruolo Presente Assente Da remoto BIANCARDI VINCENZO SINDACO Presente ALAIA ANNA VICESINDACO Presente BIANCARDI LUIGI ASSESSORE Presente BIANCARDI GIOVANNI ASSESSORE Presente CERBONE SANTINA ASSESSORE Presente Tot. 5 Tot. 0 COPIA Piazza Municipio n. 1, C.A.P: 83021 - Avella (AV); P. IVA 00248800641; Tel/Fax 081.8259343; PEC: comune.avella@cert.irpinianet.eu; http://www.comune.avella.av.it.",25.0,12/02/2026,,0.0,,,,True,True,
Delibera_31__5313_Stampa_flussi_cassa_entrate,Delibera,Contabilità,,,,,,0.0,,,,False,False,
Delibera_31__5313_Stampa_flussi_cassa_uscite,Delibera,Contabilità,,,,,,0.0,,,,False,False,
Delibera_32__5314_AttestazionePubblicazione,AttestazionePubblicazione,Contabilità,,QUANTIFICAZIONE DEL FONDO GARANZIA DEBITI COMMERCIALI (F.G.D.C) PER,32.0,03/03/2026,,0.0,,,,False,False,
Delibera_32__5314_DeliberadiGiunta_Copia_32_2026,Delibera,Contabilità,Liquidazione,QUANTIFICAZIONE DEL FONDO GARANZIA DEBITI COMMERCIALI (F.G.D.C) PER,25.0,12/02/2026,27983.02,0.0,,,,True,True,
Delibera_33__5315_AttestazionePubblicazione,AttestazionePubblicazione,Contenzioso,,Concessione patrocinio morale al Convegno Internazionale AIPIC 2026 – “Architettura e Ingegneria per il Patrimonio Immateriale”; autorizzazione utilizzo logo istituzionale.,33.0,03/03/2026,,0.0,,,,False,False,
Delibera_33__5315_DeliberadiGiunta_Copia_33_2026,Delibera,Contenzioso,,"Concessione patrocinio morale al Convegno Internazionale AIPIC 2026 – “Architettura e Ingegneria per il Patrimonio Immateriale”; autorizzazione utilizzo logo istituzionale. Nominativo Ruolo Presente Assente Da remoto BIANCARDI VINCENZO SINDACO Presente ALAIA ANNA VICESINDACO Presente BIANCARDI LUIGI ASSESSORE Presente BIANCARDI GIOVANNI ASSESSORE Presente CERBONE SANTINA ASSESSORE Presente Tot. 5 Tot. 0 COPIA Piazza Municipio n. 1, C.A.P: 83021 - Avella (AV); P. IVA 00248800641; Tel/Fax 081.8259343; PEC: comune.avella@cert.irpinianet.eu; http://www.comune.avella.av.it.",,,,0.0,,,,True,True,
Delibera_34__5316_AttestazionePubblicazione,AttestazionePubblicazione,Contabilità,,Attivazione e autorizzazione all’utilizzo di postazioni POS per pagamenti elettronici tramite sistema PagoPA presso gli uffici comunali. Atto di indirizzo.,34.0,03/03/2026,,0.0,,,,False,False,
Delibera_34__5316_DeliberadiGiunta_Copia_34_2026,Delibera,Contabilità,Liquidazione,"Attivazione e autorizzazione all’utilizzo di postazioni POS per pagamenti elettronici tramite sistema PagoPA presso gli uffici comunali. Atto di indirizzo. Nominativo Ruolo Presente Assente Da remoto BIANCARDI VINCENZO SINDACO Presente ALAIA ANNA VICESINDACO Presente BIANCARDI LUIGI ASSESSORE Presente BIANCARDI GIOVANNI ASSESSORE Presente CERBONE SANTINA ASSESSORE Presente Tot. 5 Tot. 0 COPIA Piazza Municipio n. 1, C.A.P: 83021 - Avella (AV); P. IVA 00248800641; Tel/Fax 081.8259343; PEC: comune.avella@cert.irpinianet.eu; http://www.comune.avella.av.it.",,,,0.0,,,,True,True,
Delibera_352024__Vai,Delibera,Contabilità,Liquidazione,Liquidazione compensi al personale interno per attività relative al “Progetto per la gestione della toponomastica/ANNSCU – Agenzia delle Entrate”.,68.0,01/10/2025,5000.0,13000.0,,,PERSONALE DIPENDENTE,True,False,Partita IVA 00000234516 formalmente errata (Checksum fallito)
Delibera_36__5361_AttestazionePubblicazione,AttestazionePubblicazione,Regolamenti,,Revoca in autotutela del regolamento per lo svolgimento delle sedute del Consiglio comunale e degli altri Organi in modalità telematica/da remoto.,36.0,10/03/2026,,0.0,,,,False,False,
Delibera_36__5361_DeliberadiGiunta_Copia_36_2026,Delibera,Regolamenti,,"Revoca in autotutela del regolamento per lo svolgimento delle sedute del Consiglio comunale e degli altri Organi in modalità telematica/da remoto. Nominativo Ruolo Presente Assente Da remoto BIANCARDI VINCENZO SINDACO Presente ALAIA ANNA VICESINDACO Presente BIANCARDI LUIGI ASSESSORE Presente BIANCARDI GIOVANNI ASSESSORE Presente CERBONE SANTINA ASSESSORE Presente Tot. 5 Tot. 0 COPIA Piazza Municipio n. 1, C.A.P: 83021 - Avella (AV); P. IVA 00248800641; Tel/Fax 081.8259343; PEC: comune.avella@cert.irpinianet.eu; http://www.comune.avella.av.it.",,,,0.0,,,,True,True,
Delibera_37__4950_AttestazionePubblicazione,AttestazionePubblicazione,Regolamenti,,LETTURA ED APPROVAZIONE DEI VERBALI DELLA SEDUTA PRECEDENTE DI CONSIGLIO COMUNALE DEL 21.10.2025.,37.0,02/12/2025,,0.0,,,,False,False,
Delibera_37__4950_DeliberadiConsiglio_Originale_37_2025,Delibera,Regolamenti,,"LETTURA ED APPROVAZIONE DEI VERBALI DELLA SEDUTA PRECEDENTE DI CONSIGLIO COMUNALE DEL 21.10.2025. Nominativo Ruolo Presente Assente Da remoto BIANCARDI VINCENZO SINDACO Presente ALAIA ANNA VICE SINDACO Presente BIANCARDI DOMENICO CONSIGLIERE Presente BIANCARDI GIOVANNI CONSIGLIERE Presente CARUSO ANTONIA CONSIGLIERE Assente BIANCARDI LUIGI CONSIGLIERE Presente LONGOBARDI NICOLETTA PRESIDENTE DEL CONSIGLIO Presente CERBONE SANTINA CONSIGLIERE Presente D'AVANZO MARIA ROSARIA CONSIGLIERE Presente CACACE CHIARA CONSIGLIERE Presente MAIETTA FATIMA CONSIGLIERE Presente X Pellegrino Vittoria CONSIGLIERE Presente SALAPETE MICHELE CONSIGLIERE Assente Tot. 11 Tot. 2 ORIGINALE Piazza Municipio n. 1, C.A.P: 83021 - Avella (AV); P. IVA 00248800641; Tel/Fax 081.8259343; PEC: comune.avella@cert.irpinianet.eu; http://www.comune.avella.av.it. OGGETTO: LETTURA E APPROVAZIONE DEI VERBALI DELLA SEDUTA PRECEDENTE DI CONSIGLIO COMUNALE Il Presidente procede ad esaminare la proposta al 1° punto all’ordine del giorno ad oggetto: “Approvazione Verbali della seduta precedente del 21.10.2025 dal nr. 32/2025 al nr. 36/2025”; Il Presidente, procede: di seguito dà lettura dell’oggetto dei Verbali della seduta precedente dal nr. 32/2025 al nr. 36/2025; · lascia la parola ai Signori Consiglieri per gli eventuali interventi e/o ai Capigruppo per le eventuali Dichiarazioni di Voto;",,,,0.0,,,,False,False,
Delibera_37__5362_AttestazionePubblicazione,AttestazionePubblicazione,Regolamenti,,APPROVAZIONE PIANO DELLE PERFORMANCE E DEGLI OBIETTIVI PER L’ANNUALITA’ 2026.,37.0,10/03/2026,,0.0,,,,False,False,
Delibera_37__5362_DeliberadiGiunta_Copia_37_2026,Delibera,Regolamenti,,"APPROVAZIONE PIANO DELLE PERFORMANCE E DEGLI OBIETTIVI PER L’ANNUALITA’ 2026. Nominativo Ruolo Presente Assente Da remoto BIANCARDI VINCENZO SINDACO Presente ALAIA ANNA VICESINDACO Presente BIANCARDI LUIGI ASSESSORE Presente BIANCARDI GIOVANNI ASSESSORE Presente CERBONE SANTINA ASSESSORE Presente Tot. 5 Tot. 0 COPIA Piazza Municipio n. 1, C.A.P: 83021 - Avella (AV); P. IVA 00248800641; Tel/Fax 081.8259343; PEC: comune.avella@cert.irpinianet.eu; http://www.comune.avella.av.it.",,,,0.0,,,,True,True,
Delibera_37__5362_Piano_delle_performance_Comune_di_A2026,Delibera,Regolamenti,Liquidazione,,,,,0.0,,,,True,True,
Delibera_38__5363_AttestazionePubblicazione,AttestazionePubblicazione,Regolamenti,,APPROVAZIONE DEL PIANO DELLE AZIONI POSITIVE DEL COMUNE DI AVELLA PER IL TRIENNIO 2026-2028.,38.0,10/03/2026,,0.0,,,,False,False,
Delibera_38__5363_DeliberadiGiunta_Copia_38_2026,Delibera,Regolamenti,,"APPROVAZIONE DEL PIANO DELLE AZIONI POSITIVE DEL COMUNE DI AVELLA PER IL TRIENNIO 2026-2028. Nominativo Ruolo Presente Assente Da remoto BIANCARDI VINCENZO SINDACO Presente ALAIA ANNA VICESINDACO Presente BIANCARDI LUIGI ASSESSORE Presente BIANCARDI GIOVANNI ASSESSORE Presente CERBONE SANTINA ASSESSORE Presente Tot. 5 Tot. 0 COPIA Piazza Municipio n. 1, C.A.P: 83021 - Avella (AV); P. IVA 00248800641; Tel/Fax 081.8259343; PEC: comune.avella@cert.irpinianet.eu; http://www.comune.avella.av.it.",,,,0.0,,,,False,False,
Delibera_38__5363_Piano_Azioni_Positive_triennio_2026-_AV,Delibera,Regolamenti,Concorso,,,,,0.0,,,,True,True,
Delibera_38__5418_AttestazionePubblicazione,AttestazionePubblicazione,Pubblicazione e Trasparenza,,DELIBERAZIONI DI C.C. DI CUI AI N.RI 10 DEL 03.03.2026 E N. 38 DEL 10.10.2023 - SOSTITUZIONE COMPONENTE DI MAGGIORANZA DELLE COMMISSIONI CONSILIARI PERMANENTI.,12.0,24/03/2026,,0.0,,,,False,False,
Delibera_38__5418_DeliberadiConsiglio_Copia_12_2026,Delibera,Cultura e Turismo,,"DELIBERAZIONI DI C.C. DI CUI AI N.RI 10 DEL 03.03.2026 E N. 38 DEL 10.10.2023 - SOSTITUZIONE COMPONENTE DI MAGGIORANZA DELLE COMMISSIONI CONSILIARI PERMANENTI. Nominativo Ruolo Presente Assente Da remoto BIANCARDI VINCENZO SINDACO Presente ALAIA ANNA VICE SINDACO Presente BIANCARDI DOMENICO CONSIGLIERE Presente BIANCARDI GIOVANNI CONSIGLIERE Presente CARUSO ANTONIA CONSIGLIERE Presente BIANCARDI LUIGI CONSIGLIERE Presente LONGOBARDI NICOLETTA PRESIDENTE DEL CONSIGLIO Presente CERBONE SANTINA CONSIGLIERE Presente D'AVANZO MARIA ROSARIA CONSIGLIERE Presente CACACE CHIARA CONSIGLIERE Presente MAIETTA FATIMA CONSIGLIERE Presente X Pellegrino Vittoria CONSIGLIERE Presente SALAPETE MICHELE CONSIGLIERE Assente Tot. 12 Tot. 1 COPIA Piazza Municipio n. 1, C.A.P: 83021 - Avella (AV); P. IVA 00248800641; Tel/Fax 081.8259343; PEC: comune.avella@cert.irpinianet.eu; http://www.comune.avella.av.it.",,,,0.0,,,,True,True,
Delibera_3962026__5370_AttestazionePubblicazione,AttestazionePubblicazione,Contenzioso,,INCARICO LEGALE PER LA PROPOSIZIONE DEL GIUDIZIO DI APPELLO AVVERSO LA SENTENZA N. 396/2026 RESA DAL TRIBUNALE CIVILE DI AVELLINO NEL GIUDIZIO CONTRO LA SIG.RA V.M. PROVVEDIMENTI.,39.0,10/03/2026,,0.0,,,,False,False,
Delibera_3962026__5370_DeliberadiGiunta_Copia_39_2026,Delibera,Contenzioso,,"INCARICO LEGALE PER LA PROPOSIZIONE DEL GIUDIZIO DI APPELLO AVVERSO LA SENTENZA N. 396/2026 RESA DAL TRIBUNALE CIVILE DI AVELLINO NEL GIUDIZIO CONTRO LA SIG.RA V.M. PROVVEDIMENTI. Nominativo Ruolo Presente Assente Da remoto BIANCARDI VINCENZO SINDACO Presente ALAIA ANNA VICESINDACO Presente BIANCARDI LUIGI ASSESSORE Presente BIANCARDI GIOVANNI ASSESSORE Presente CERBONE SANTINA ASSESSORE Presente Tot. 5 Tot. 0 COPIA Piazza Municipio n. 1, C.A.P: 83021 - Avella (AV); P. IVA 00248800641; Tel/Fax 081.8259343; PEC: comune.avella@cert.irpinianet.eu; http://www.comune.avella.av.it.",,,,0.0,,,,True,True,
Delibera_39__4952_AttestazionePubblicazione,AttestazionePubblicazione,Pubblicazione e Trasparenza,,"VARIAZIONE AI SENSI DELL’ARTICOLO 175, COMMA 5-BIS, LETTERA D) E 5- QUATER LETT. A) DLGS.267/00 SUL BILANCIO DI PREVISIONE 2025/2027",39.0,02/12/2025,,0.0,,,,False,False,
Delibera_39__4952_DeliberadiConsiglio_Copia_39_2025,Delibera,Regolamenti,Variazione di Bilancio,"VARIAZIONE AI SENSI DELL’ARTICOLO 175, COMMA 5-BIS, LETTERA D) E 5- QUATER LETT. A) DLGS.267/00 SUL BILANCIO DI PREVISIONE 2025/2027 Nominativo Ruolo Presente Assente Da remoto BIANCARDI VINCENZO SINDACO Presente ALAIA ANNA VICE SINDACO Presente BIANCARDI DOMENICO CONSIGLIERE Presente BIANCARDI GIOVANNI CONSIGLIERE Presente CARUSO ANTONIA CONSIGLIERE Assente BIANCARDI LUIGI CONSIGLIERE Presente LONGOBARDI NICOLETTA PRESIDENTE DEL CONSIGLIO Presente CERBONE SANTINA CONSIGLIERE Presente D'AVANZO MARIA ROSARIA CONSIGLIERE Presente CACACE CHIARA CONSIGLIERE Presente MAIETTA FATIMA CONSIGLIERE Presente X Pellegrino Vittoria CONSIGLIERE Presente SALAPETE MICHELE CONSIGLIERE Assente Tot. 11 Tot. 2 COPIA Piazza Municipio n. 1, C.A.P: 83021 - Avella (AV); P. IVA 00248800641; Tel/Fax 081.8259343; PEC: comune.avella@cert.irpinianet.eu; http://www.comune.avella.av.it.",24.0,31/07/2025,,0.0,,,,True,True,
Delibera_39__4952_variazioni_per_il_consiglio_All-_A,Delibera,Contabilità,Liquidazione,,,,,0.0,,,,True,True,
Delibera_39__4952_verbale_del_revisore_su_proposta_di-_41,Delibera,Contabilità,Liquidazione,"BILANCIO DI PREVISIONE 2025/2027- VARIAZIONE AI SENSI DELL'ART. 175, comma 5-bis, lettera d) e 5-quater lett. a) Dlgs.267/00. VISTA la proposta di",41.0,27/11/2025,252210.16,262733.66000000003,,,,True,False,
Delibera_3__5115_AttestazionePubblicazione,AttestazionePubblicazione,Contenzioso,,Concessione del patrocinio morale del Comune di Avella alla Quarta Edizione dell’“Archeofestival”. Anno 2026.,3.0,22/01/2026,,0.0,,,,False,False,
Delibera_3__5115_DeliberadiGiunta_Copia_3_2026,Delibera,Contenzioso,,"Concessione del patrocinio morale del Comune di Avella alla Quarta Edizione dell’“Archeofestival”. Anno 2026. Nominativo Ruolo Presente Assente Da remoto BIANCARDI VINCENZO SINDACO Presente ALAIA ANNA VICESINDACO Presente BIANCARDI LUIGI ASSESSORE Presente BIANCARDI GIOVANNI ASSESSORE Presente CERBONE SANTINA ASSESSORE Presente Tot. 5 Tot. 0 COPIA Piazza Municipio n. 1, C.A.P: 83021 - Avella (AV); P. IVA 00248800641; Tel/Fax 081.8259343; PEC: comune.avella@cert.irpinianet.eu; http://www.comune.avella.av.it.",,,,0.0,,,,True,True,
Delibera_3__5333_AttestazionePubblicazione,AttestazionePubblicazione,Regolamenti,,APPROVAZIONE PIANO ECONOMICO - FINANZIARIO IDRICO 2026 .,3.0,03/03/2026,,0.0,,,,False,False,
Delibera_3__5333_DeliberadiConsiglio_Copia_3_2026,Delibera,Regolamenti,,"APPROVAZIONE PIANO ECONOMICO - FINANZIARIO IDRICO 2026 . Nominativo Ruolo Presente Assente Da remoto BIANCARDI VINCENZO SINDACO Presente ALAIA ANNA VICE SINDACO Presente BIANCARDI DOMENICO CONSIGLIERE Presente BIANCARDI GIOVANNI CONSIGLIERE Presente CARUSO ANTONIA CONSIGLIERE Assente BIANCARDI LUIGI CONSIGLIERE Presente LONGOBARDI NICOLETTA PRESIDENTE DEL CONSIGLIO Presente CERBONE SANTINA CONSIGLIERE Presente D'AVANZO MARIA ROSARIA CONSIGLIERE Presente CACACE CHIARA CONSIGLIERE Presente MAIETTA FATIMA CONSIGLIERE Presente X Pellegrino Vittoria CONSIGLIERE Presente SALAPETE MICHELE CONSIGLIERE Presente Tot. 12 Tot. 1 COPIA Piazza Municipio n. 1, C.A.P: 83021 - Avella (AV); P. IVA 00248800641; Tel/Fax 081.8259343; PEC: comune.avella@cert.irpinianet.eu; http://www.comune.avella.av.it.",,,,0.0,,,,True,True,
Delibera_3__5333_DeliberadiGiunta_Copia_20_2026,Delibera,Regolamenti,,"SERVIZIO IDRICO INTEGRATO - APPROVAZIONE PIANO INDUSTRIALE E REGIME TARIFFARIO ANNO 2026. PROVVEDIMENTI Nominativo Ruolo Presente Assente Da remoto BIANCARDI VINCENZO SINDACO Presente ALAIA ANNA VICESINDACO Presente BIANCARDI LUIGI ASSESSORE Presente BIANCARDI GIOVANNI ASSESSORE Presente CERBONE SANTINA ASSESSORE Presente Tot. 5 Tot. 0 Piazza Municipio n. 1, C.A.P: 83021 - Avella (AV); P. IVA 00248800641; Tel/Fax 081.8259343; PEC: comune.avella@cert.irpinianet.eu; http://www.comune.avella.av.it. 4. Approvare l’adeguamento Tariffario piano tariffario per 1'anno 2026, articolato in funzione delle fasce convenzionali di consumo (€/mc) riferite alle categorie di uso Domestico, Industriale, Commerciale, Agricolo, di seguito riportato: Numero d' ordine DESCRIZIONE PER OGNI MC DI ACQUA EROGATA QUOTA FISSA €/Mc FOGNATURA DEPURAZIONE €. €. 1 USO DOMESTICO Tariffa da 0 a 160 mc 1.28 0.2339 0.310423 1.83 Tariffa da 161 a 500 mc 2.16 0.2339 0.310423 2.70 Tariffa da 501 a 600 mc 2.92 0.2339 0.310423 3.46 30 Tariffa da 601 a 850 mc 3.38 0.2339 0.310423 3.93 Tariffa da 851 a 9999999999 3.91 0.2339 0.310423 4.45 2 USO INDUSTRIALE Piazza Municipio n. 1, C.A.P: 83021 - Avella (AV); P. IVA 00248800641; Tel/Fax 081.8259343; PEC: comune.avella@cert.irpinianet.eu; http://www.comune.avella.av.it. Tariffa da 0 a 73 mc 2.74 0.2339 0.310423 3.28 Tariffa da 74 a 146 mc 3.26 0.2339 0.310423 3.81 Tariffa da 147 a 219 mc 3.91 0.2339 0.310423 4.45 90 Tariffa da 220 a 292 mc 4.31 0.2339 0.310423 4.86 Tariff...",296.0,27/12/2006,863760.9,1727521.8,,,,True,False,
Delibera_3__5333_PIANO_INDUSTRIALE_ACQUA_2026,Delibera,Ambiente,,,,,887676.9,3260936.2,,,,True,False,
Delibera_40__4953_AttestazionePubblicazione,AttestazionePubblicazione,Pubblicazione e Trasparenza,,SOSTITUZIONE RAPPRESENTANTE PRESSO L’UNIONE DEI COMUNI DEL BAIANESE – ALTO CLANIS. PROVVEDIMENTI.,40.0,02/12/2025,,0.0,,,,False,False,
Delibera_40__4953_DeliberadiConsiglio_Copia_40_2025,Delibera,Affari Generali,Nomina,"SOSTITUZIONE RAPPRESENTANTE PRESSO L’UNIONE DEI COMUNI DEL BAIANESE – ALTO CLANIS. PROVVEDIMENTI. Nominativo Ruolo Presente Assente Da remoto BIANCARDI VINCENZO SINDACO Presente ALAIA ANNA VICE SINDACO Presente BIANCARDI DOMENICO CONSIGLIERE Presente BIANCARDI GIOVANNI CONSIGLIERE Presente CARUSO ANTONIA CONSIGLIERE Assente BIANCARDI LUIGI CONSIGLIERE Presente LONGOBARDI NICOLETTA PRESIDENTE DEL CONSIGLIO Presente CERBONE SANTINA CONSIGLIERE Presente D'AVANZO MARIA ROSARIA CONSIGLIERE Presente CACACE CHIARA CONSIGLIERE Presente MAIETTA FATIMA CONSIGLIERE Presente X Pellegrino Vittoria CONSIGLIERE Presente SALAPETE MICHELE CONSIGLIERE Assente Tot. 11 Tot. 2 COPIA Piazza Municipio n. 1, C.A.P: 83021 - Avella (AV); P. IVA 00248800641; Tel/Fax 081.8259343; PEC: comune.avella@cert.irpinianet.eu; http://www.comune.avella.av.it.",,,,0.0,,,,False,False,
Delibera_41__5440_AttestazionePubblicazione,AttestazionePubblicazione,Pubblicazione e Trasparenza,,Rettifica,46.0,31/03/2026,,0.0,,,,False,False,
Delibera_41__5440_DeliberadiGiunta_Copia_46_2026,Delibera,Servizi Sociali,Liquidazione,Rettifica,,,50.0,287.5,,,,True,False,
Delibera_41__allegato1774957293,Delibera,Contabilità,Liquidazione,,,,50.0,100.0,,,,True,False,
Delibera_42__4955_AttestazionePubblicazione,AttestazionePubblicazione,Urbanistica,,"PERMESSO DI COSTRUIRE IN DEROGA ""PROGETTO PER LA COSTRUZIONE DI UN FABBRICATO DA ADIBIRE A CASA - ALBERGO PER ANZIANI IN LOCALITA' SAN CATALDO.",42.0,02/12/2025,,0.0,,,,False,False,
Delibera_42__4955_DeliberadiConsiglio_Copia_42_2025,Delibera,Urbanistica,,"PERMESSO DI COSTRUIRE IN DEROGA ""PROGETTO PER LA COSTRUZIONE DI UN FABBRICATO DA ADIBIRE A CASA - ALBERGO PER ANZIANI IN LOCALITA' SAN CATALDO. Nominativo Ruolo Presente Assente Da remoto BIANCARDI VINCENZO SINDACO Presente ALAIA ANNA VICE SINDACO Presente BIANCARDI DOMENICO CONSIGLIERE Presente BIANCARDI GIOVANNI CONSIGLIERE Presente CARUSO ANTONIA CONSIGLIERE Assente BIANCARDI LUIGI CONSIGLIERE Presente LONGOBARDI NICOLETTA PRESIDENTE DEL CONSIGLIO Presente CERBONE SANTINA CONSIGLIERE Presente D'AVANZO MARIA ROSARIA CONSIGLIERE Presente CACACE CHIARA CONSIGLIERE Presente MAIETTA FATIMA CONSIGLIERE Presente X Pellegrino Vittoria CONSIGLIERE Presente SALAPETE MICHELE CONSIGLIERE Assente Tot. 11 Tot. 2 COPIA Piazza Municipio n. 1, C.A.P: 83021 - Avella (AV); P. IVA 00248800641; Tel/Fax 081.8259343; PEC: comune.avella@cert.irpinianet.eu; http://www.comune.avella.av.it. Relaziona",,,,0.0,,,,True,True,
Delibera_42__4955_relazione_istruttoria_casa_albero_piani,Delibera,Ambiente,,"Permesso di Costruire in deroga “Progetto per la costruzione di un fabbricato da adibire a casa-albergo per anziani in località San Cataldo”. RICHIEDENTE Sig.ra C. M., nata a (omissis) in data (omissis) e residente in (omissis) alla via (omissis), C.F. (omissis), è proprietaria di un appezzamento di terreno sito in Avella (AV) alla Via Patricciano SNC, in località S. Cataldo catastalmente identificato al foglio 13 part.lla 25. PROGETTISTA Ing. C. F., C.F. (omissis) residente in (omissis) alla Via (omissis), iscritto all’Albo degli Ingegneri della Provincia di Avellino n. (omissis) INDIRIZZO INTERVENTO E DATI CATASTALI: Località S. Cataldo sito in Avella, catastalmente identificato al foglio 13 particella 25 del Comune di Avella TITOLO DI PROVENIENZA Atto di compravendita per notaio G. Di Rienzo di Avellino, del 25.01.201 e registrato presso l’Agenzia delle Entrate di Avellino il 01.02.2018 al N. 832; ZONA PRG Il lotto interessato appartiene all’area “zona E agricola semplice soggetta a riorganizzazione irrigua e della rete poderale.” del PRG del Comune di Avella. LEGITTIMITÀ DELLO STATO DI FATTO • Trattasi di nuova costruzione COMUNE DI AVELLA Provincia di Avellino Città d’Arte Servizio Tecnico - Protezione Civile - Polizia Municipale Piazza Municipio Avella (AV) P.I. 00248800641 Tel. 0818259368 – 0818259336 Fax 0818259318 - 0818259337 e-mail ambiente@comune.avella.av.it protezioneciviele.avella@cert.irpinianet.eu vigilanza.avella@cert.irpinianet.eu INTERVENTO DI PROGETTO: Il...",42.0,22/01/2204,,0.0,,,,True,True,
Delibera_43__5024_AttestazionePubblicazione,AttestazionePubblicazione,Regolamenti,,LETTURA E APPROVAZIONE DEI VERBALI DELLA SEDUTA PRECEDENTE DI CONSIGLIO COMUNALE DEL 02.12.2025.,43.0,22/12/2025,,0.0,,,,False,False,
Delibera_43__5024_DeliberadiConsiglio_Copia_43_2025,Delibera,Regolamenti,,"LETTURA E APPROVAZIONE DEI VERBALI DELLA SEDUTA PRECEDENTE DI CONSIGLIO COMUNALE DEL 02.12.2025. Nominativo Ruolo Presente Assente Da remoto BIANCARDI VINCENZO SINDACO Presente ALAIA ANNA VICE SINDACO Presente BIANCARDI DOMENICO CONSIGLIERE Presente BIANCARDI GIOVANNI CONSIGLIERE Presente CARUSO ANTONIA CONSIGLIERE Presente X BIANCARDI LUIGI CONSIGLIERE Presente LONGOBARDI NICOLETTA PRESIDENTE DEL CONSIGLIO Presente CERBONE SANTINA CONSIGLIERE Presente D'AVANZO MARIA ROSARIA CONSIGLIERE Presente X CACACE CHIARA CONSIGLIERE Presente MAIETTA FATIMA CONSIGLIERE Presente Pellegrino Vittoria CONSIGLIERE Presente SALAPETE MICHELE CONSIGLIERE Assente Tot. 12 Tot. 1 COPIA Piazza Municipio n. 1, C.A.P: 83021 - Avella (AV); P. IVA 00248800641; Tel/Fax 081.8259343; PEC: comune.avella@cert.irpinianet.eu; http://www.comune.avella.av.it. OGGETTO: LETTURA E APPROVAZIONE DEI VERBALI DELLA SEDUTA PRECEDENTE DI CONSIGLIO COMUNALE Il Presidente procede ad esaminare la proposta al 1° punto all’ordine del giorno ad oggetto: “Approvazione Verbali della seduta precedente del 02.12.2025 dal nr. 38/2025 al nr. 42/2025”; Il Presidente, procede: di seguito dà lettura dell’oggetto dei Verbali della seduta precedente nr. 38/2025 al nr. 42/2025; · lascia la parola ai Signori Consiglieri per gli eventuali interventi e/o ai Capigruppo per le eventuali Dichiarazioni di Voto;",,,,0.0,,,,False,False,
Delibera_43__5431_AttestazionePubblicazione,AttestazionePubblicazione,Pubblicazione e Trasparenza,,Richiesta di partenariato istituzionale e concessione disponibilità spazi comunali per il progetto “AVEL-LAB: Officina Inclusiva dei Talenti”. Atto di indirizzo.,43.0,24/03/2026,,0.0,,,,False,False,
Delibera_43__5431_DeliberadiGiunta_Copia_43_2026,Delibera,Contabilità,Bando,"Richiesta di partenariato istituzionale e concessione disponibilità spazi comunali per il progetto “AVEL-LAB: Officina Inclusiva dei Talenti”. Atto di indirizzo. Nominativo Ruolo Presente Assente Da remoto BIANCARDI VINCENZO SINDACO Presente ALAIA ANNA VICESINDACO Presente BIANCARDI LUIGI ASSESSORE Presente BIANCARDI GIOVANNI ASSESSORE Presente CERBONE SANTINA ASSESSORE Presente Tot. 5 Tot. 0 COPIA Piazza Municipio n. 1, C.A.P: 83021 - Avella (AV); P. IVA 00248800641; Tel/Fax 081.8259343; PEC: comune.avella@cert.irpinianet.eu; http://www.comune.avella.av.it.",,,,0.0,,,,False,False,
Delibera_44__5432_AttestazionePubblicazione,AttestazionePubblicazione,Pubblicazione e Trasparenza,,Attivazione nuova pagina social istituzionale denominata “VisitAvella” e aggiornamento recapiti WhatsApp istituzionali. Atto di indirizzo.,44.0,24/03/2026,,0.0,,,,False,False,
Delibera_44__5432_DeliberadiGiunta_Copia_44_2026,Delibera,Servizi Sociali,,"Attivazione nuova pagina social istituzionale denominata “VisitAvella” e aggiornamento recapiti WhatsApp istituzionali. Atto di indirizzo. Nominativo Ruolo Presente Assente Da remoto BIANCARDI VINCENZO SINDACO Presente ALAIA ANNA VICESINDACO Presente BIANCARDI LUIGI ASSESSORE Presente BIANCARDI GIOVANNI ASSESSORE Presente CERBONE SANTINA ASSESSORE Presente Tot. 5 Tot. 0 COPIA Piazza Municipio n. 1, C.A.P: 83021 - Avella (AV); P. IVA 00248800641; Tel/Fax 081.8259343; PEC: comune.avella@cert.irpinianet.eu; http://www.comune.avella.av.it.",12.0,16/01/2025,,0.0,,,,True,True,
Delibera_45__5439_AttestazionePubblicazione,AttestazionePubblicazione,Pubblicazione e Trasparenza,,Piano Integrato di Attività e Organizzazione per il triennio 2026/2028. Determinazioni.,45.0,31/03/2026,,0.0,,,,False,False,
Delibera_45__5439_DeliberadiGiunta_Copia_45_2026,Delibera,Personale,,"Piano Integrato di Attività e Organizzazione per il triennio 2026/2028. Determinazioni. Nominativo Ruolo Presente Assente Da remoto BIANCARDI VINCENZO SINDACO Presente ALAIA ANNA VICESINDACO Presente BIANCARDI LUIGI ASSESSORE Presente BIANCARDI GIOVANNI ASSESSORE Presente CERBONE SANTINA ASSESSORE Presente Tot. 5 Tot. 0 COPIA Piazza Municipio n. 1, C.A.P: 83021 - Avella (AV); P. IVA 00248800641; Tel/Fax 081.8259343; PEC: comune.avella@cert.irpinianet.eu; http://www.comune.avella.av.it.",,,,0.0,,,,True,True,
Delibera_45__5439_PIAO_2026_-_2028_del_Comune_di_Avelll-A,Delibera,Regolamenti,Liquidazione,,724.0,18/01/2024,,0.0,,,,True,True,
Delibera_46__5419_AttestazionePubblicazione,AttestazionePubblicazione,Regolamenti,,REVOCA DELIBERAZIONI DI C.C. N. 46 DEL 29.11.2004 E N. 8 DEL 28.04.2022 ED ESAME E APPROVAZIONE DEL REGOLAMENTO PER IL FUNZIONAMENTO DEL CONSIGLIO COMUNALE. PROVVEDIMENTI.,13.0,24/03/2026,,0.0,,,,False,False,
Delibera_46__5419_DeliberadiConsiglio_Copia_13_2026,Delibera,Regolamenti,,"REVOCA DELIBERAZIONI DI C.C. N. 46 DEL 29.11.2004 E N. 8 DEL 28.04.2022 ED ESAME E APPROVAZIONE DEL REGOLAMENTO PER IL FUNZIONAMENTO DEL CONSIGLIO COMUNALE. PROVVEDIMENTI. Nominativo Ruolo Presente Assente Da remoto BIANCARDI VINCENZO SINDACO Presente ALAIA ANNA VICE SINDACO Presente BIANCARDI DOMENICO CONSIGLIERE Presente BIANCARDI GIOVANNI CONSIGLIERE Presente CARUSO ANTONIA CONSIGLIERE Presente BIANCARDI LUIGI CONSIGLIERE Presente LONGOBARDI NICOLETTA PRESIDENTE DEL CONSIGLIO Presente CERBONE SANTINA CONSIGLIERE Presente D'AVANZO MARIA ROSARIA CONSIGLIERE Presente CACACE CHIARA CONSIGLIERE Presente MAIETTA FATIMA CONSIGLIERE Presente X Pellegrino Vittoria CONSIGLIERE Presente SALAPETE MICHELE CONSIGLIERE Assente Tot. 12 Tot. 1 COPIA Piazza Municipio n. 1, C.A.P: 83021 - Avella (AV); P. IVA 00248800641; Tel/Fax 081.8259343; PEC: comune.avella@cert.irpinianet.eu; http://www.comune.avella.av.it. Interviene il Vice Sindaco Anna Alaia, la quale precisa che il nuovo Regolamneto è frutto di un serio e proficuo lavoro svolto dalla Commissione tra i componenti di maggioranza ed opposizione. Inoltre aggiunge che la partecipazione in modalità mista sarà ammessa esclusivamente in presenza di comprovate esigenze di lavoro o altri morivi documentati, allorquando il Consigliere si trovi ad una distanza non inferiore a 100 km dalla sede comunale. Interviene la Consigliera avv. Chiara Cacace, la quale ringrazia il lavoro svolto dai dipendenti dott. Andrea Vitale e avv. Massimiliano Sorrien...",,,,0.0,,,,True,True,
Delibera_46__5419_REGOLAMENTO_PER_IL_FUNZIONAMENTO_DENALE,Delibera,Regolamenti,Nomina,,,,,0.0,,,,True,True,
Delibera_47__5028_AttestazionePubblicazione,AttestazionePubblicazione,Regolamenti,,ISTITUZIONE IMPOSTA DI SOGGIORNO - APPROVAZIONE REGOLAMENTO PER LA DISCIPLINA DELL'IMPOSTA DI SOGGIORNO,47.0,22/12/2025,,0.0,,,,False,False,
Delibera_47__5028_DeliberadiConsiglio_Copia_47_2025,Delibera,Regolamenti,,"ISTITUZIONE IMPOSTA DI SOGGIORNO - APPROVAZIONE REGOLAMENTO PER LA DISCIPLINA DELL'IMPOSTA DI SOGGIORNO Nominativo Ruolo Presente Assente Da remoto BIANCARDI VINCENZO SINDACO Presente ALAIA ANNA VICE SINDACO Presente BIANCARDI DOMENICO CONSIGLIERE Presente BIANCARDI GIOVANNI CONSIGLIERE Presente CARUSO ANTONIA CONSIGLIERE Assente BIANCARDI LUIGI CONSIGLIERE Presente LONGOBARDI NICOLETTA PRESIDENTE DEL CONSIGLIO Presente CERBONE SANTINA CONSIGLIERE Presente D'AVANZO MARIA ROSARIA CONSIGLIERE Presente X CACACE CHIARA CONSIGLIERE Presente MAIETTA FATIMA CONSIGLIERE Presente Pellegrino Vittoria CONSIGLIERE Presente SALAPETE MICHELE CONSIGLIERE Assente Tot. 11 Tot. 2 COPIA Piazza Municipio n. 1, C.A.P: 83021 - Avella (AV); P. IVA 00248800641; Tel/Fax 081.8259343; PEC: comune.avella@cert.irpinianet.eu; http://www.comune.avella.av.it.",,,,0.0,,,,True,True,
Delibera_47__5441_AttestazionePubblicazione,AttestazionePubblicazione,Pubblicazione e Trasparenza,,APERTURA STRAORDINARIA UFFICI ANAGRAFICI PER IL RILASCIO DELLA CARTA D’IDENTITA’ ELETTRONICA (CIE).,47.0,31/03/2026,,0.0,,,,False,False,
Delibera_47__5441_DeliberadiGiunta_Copia_47_2026,Delibera,Servizi Sociali,,"APERTURA STRAORDINARIA UFFICI ANAGRAFICI PER IL RILASCIO DELLA CARTA D’IDENTITA’ ELETTRONICA (CIE). Nominativo Ruolo Presente Assente Da remoto BIANCARDI VINCENZO SINDACO Presente ALAIA ANNA VICESINDACO Presente BIANCARDI LUIGI ASSESSORE Presente BIANCARDI GIOVANNI ASSESSORE Presente CERBONE SANTINA ASSESSORE Presente Tot. 5 Tot. 0 COPIA Piazza Municipio n. 1, C.A.P: 83021 - Avella (AV); P. IVA 00248800641; Tel/Fax 081.8259343; PEC: comune.avella@cert.irpinianet.eu; http://www.comune.avella.av.it.",,,1.2,2.4,,,,True,False,
Delibera_48__5029_AttestazionePubblicazione,AttestazionePubblicazione,Regolamenti,,MANOVRA TARIFFARIA 2026 –APPROVAZIONE ALIQUOTE IMU,48.0,22/12/2025,,0.0,,,,False,False,
Delibera_48__5029_DeliberadiConsiglio_Copia_48_2025,Delibera,Regolamenti,,"MANOVRA TARIFFARIA 2026 –APPROVAZIONE ALIQUOTE IMU Nominativo Ruolo Presente Assente Da remoto BIANCARDI VINCENZO SINDACO Presente ALAIA ANNA VICE SINDACO Presente BIANCARDI DOMENICO CONSIGLIERE Presente BIANCARDI GIOVANNI CONSIGLIERE Presente CARUSO ANTONIA CONSIGLIERE Assente BIANCARDI LUIGI CONSIGLIERE Presente LONGOBARDI NICOLETTA PRESIDENTE DEL CONSIGLIO Presente CERBONE SANTINA CONSIGLIERE Presente D'AVANZO MARIA ROSARIA CONSIGLIERE Presente X CACACE CHIARA CONSIGLIERE Presente MAIETTA FATIMA CONSIGLIERE Presente Pellegrino Vittoria CONSIGLIERE Presente SALAPETE MICHELE CONSIGLIERE Assente Tot. 11 Tot. 2 COPIA Piazza Municipio n. 1, C.A.P: 83021 - Avella (AV); P. IVA 00248800641; Tel/Fax 081.8259343; PEC: comune.avella@cert.irpinianet.eu; http://www.comune.avella.av.it.",,,,0.0,,,,True,True,
Delibera_48__5466_AttestazionePubblicazione,AttestazionePubblicazione,Contenzioso,Nomina,RICORSO AMMINISTRATIVO INNANZI,48.0,31/03/2026,,0.0,,,,False,False,
Delibera_48__5466_DeliberadiGiunta_Copia_48_2026,Delibera,Contenzioso,Nomina,"PROPOSIZIONE RICORSO AMMINISTRATIVO INNANZI AL CONSIGLIO DI STATO, AVVERSO LA SENTENZA RESA DAL TAR CAMPANIA, SEZIONE DI SALERNO, N. 654/2026 CONRO ILIAD ITALIA SPA . PROVVEDIMENTI. Nominativo Ruolo Presente Assente Da remoto BIANCARDI VINCENZO SINDACO Presente ALAIA ANNA VICESINDACO Presente BIANCARDI LUIGI ASSESSORE Presente BIANCARDI GIOVANNI ASSESSORE Presente CERBONE SANTINA ASSESSORE Presente Tot. 5 Tot. 0 COPIA Piazza Municipio n. 1, C.A.P: 83021 - Avella (AV); P. IVA 00248800641; Tel/Fax 081.8259343; PEC: comune.avella@cert.irpinianet.eu; http://www.comune.avella.av.it.",,,,0.0,,,,True,True,
Delibera_4922026__5538_AttestazionePubblicazione,AttestazionePubblicazione,Contenzioso,Nomina,INCARICO LEGALE PER LA COSTITUZIONE NEL GIUDIZIO DI APPELLO PROPOSTO DA DON G.G. AVVERSO LA SENTENZA N. 492/2026 RESA DAL TRIBUNALE CIVILE DI AVELLINO. PROVVEDIMENTI.,56.0,27/04/2026,,0.0,,,,False,False,
Delibera_4922026__5538_DeliberadiGiunta_Copia_56_2026,Delibera,Contenzioso,Nomina,"INCARICO LEGALE PER LA COSTITUZIONE NEL GIUDIZIO DI APPELLO PROPOSTO DA DON G.G. AVVERSO LA SENTENZA N. 492/2026 RESA DAL TRIBUNALE CIVILE DI AVELLINO. PROVVEDIMENTI. Nominativo Ruolo Presente Assente Da remoto BIANCARDI VINCENZO SINDACO Presente ALAIA ANNA VICESINDACO Presente BIANCARDI LUIGI ASSESSORE Presente BIANCARDI GIOVANNI ASSESSORE Presente CERBONE SANTINA ASSESSORE Presente Tot. 5 Tot. 0 COPIA Piazza Municipio n. 1, C.A.P: 83021 - Avella (AV); P. IVA 00248800641; Tel/Fax 081.8259343; PEC: comune.avella@cert.irpinianet.eu; http://www.comune.avella.av.it.",,,,0.0,,,,True,True,
Delibera_49__5030_AttestazionePubblicazione,AttestazionePubblicazione,Regolamenti,,MANOVRA TARIFFARIA 2026 – APPROVAZIONE ALIQUOTA ADDIZIONALE ALL’ IRPEF - CONFERMA,49.0,22/12/2025,,0.0,,,,False,False,
Delibera_49__5030_DeliberadiConsiglio_Copia_49_2025,Delibera,Regolamenti,,"MANOVRA TARIFFARIA 2026 – APPROVAZIONE ALIQUOTA ADDIZIONALE ALL’ IRPEF - CONFERMA Nominativo Ruolo Presente Assente Da remoto BIANCARDI VINCENZO SINDACO Presente ALAIA ANNA VICE SINDACO Presente BIANCARDI DOMENICO CONSIGLIERE Presente BIANCARDI GIOVANNI CONSIGLIERE Presente CARUSO ANTONIA CONSIGLIERE Assente BIANCARDI LUIGI CONSIGLIERE Presente LONGOBARDI NICOLETTA PRESIDENTE DEL CONSIGLIO Presente CERBONE SANTINA CONSIGLIERE Presente D'AVANZO MARIA ROSARIA CONSIGLIERE Presente X CACACE CHIARA CONSIGLIERE Presente MAIETTA FATIMA CONSIGLIERE Presente Pellegrino Vittoria CONSIGLIERE Presente SALAPETE MICHELE CONSIGLIERE Assente Tot. 11 Tot. 2 COPIA Piazza Municipio n. 1, C.A.P: 83021 - Avella (AV); P. IVA 00248800641; Tel/Fax 081.8259343; PEC: comune.avella@cert.irpinianet.eu; http://www.comune.avella.av.it.",,,,0.0,,,,True,True,
Delibera_4__5116_AttestazionePubblicazione,AttestazionePubblicazione,Contenzioso,,"CONCESSIONE DEL PATROCINIO MORALE ED ADESIONE ALLA ""PETIZIONE POPOLARE PER LA RICHIESTA A SUA SANTITA’ PAPA LEONE XIV PER LA PROCLAMAZIONE DI SANT'ANNA, MADRE DI MARIA SS, A PATRONA DELLA CAMPANIA UNITAMENTE A SAN GENNARO VESCOVO E MARTIRE"" COMITATO SANT'ANNA IN CAMPANIA.",4.0,22/01/2026,,0.0,,,,False,False,
Delibera_4__5116_DeliberadiGiunta_Copia_4_2026,Delibera,Contenzioso,Nomina,"CONCESSIONE DEL PATROCINIO MORALE ED ADESIONE ALLA ""PETIZIONE POPOLARE PER LA RICHIESTA A SUA SANTITA’ PAPA LEONE XIV PER LA PROCLAMAZIONE DI SANT'ANNA, MADRE DI MARIA SS, A PATRONA DELLA CAMPANIA UNITAMENTE A SAN GENNARO VESCOVO E MARTIRE"" COMITATO SANT'ANNA IN CAMPANIA. Nominativo Ruolo Presente Assente Da remoto BIANCARDI VINCENZO SINDACO Presente ALAIA ANNA VICESINDACO Presente BIANCARDI LUIGI ASSESSORE Presente BIANCARDI GIOVANNI ASSESSORE Presente CERBONE SANTINA ASSESSORE Presente Tot. 5 Tot. 0 COPIA Piazza Municipio n. 1, C.A.P: 83021 - Avella (AV); P. IVA 00248800641; Tel/Fax 081.8259343; PEC: comune.avella@cert.irpinianet.eu; http://www.comune.avella.av.it.",,,,0.0,,,,True,True,
Delibera_4__5334_AttestazionePubblicazione,AttestazionePubblicazione,Regolamenti,,APPROVAZIONE PIANO ECONOMICO - FINANZIARIO RIFIUTI 2026,4.0,03/03/2026,,0.0,,,,False,False,
Delibera_4__5334_DeliberadiConsiglio_Copia_4_2026,Delibera,Regolamenti,,"APPROVAZIONE PIANO ECONOMICO - FINANZIARIO RIFIUTI 2026 Nominativo Ruolo Presente Assente Da remoto BIANCARDI VINCENZO SINDACO Presente ALAIA ANNA VICE SINDACO Presente BIANCARDI DOMENICO CONSIGLIERE Presente BIANCARDI GIOVANNI CONSIGLIERE Presente CARUSO ANTONIA CONSIGLIERE Assente BIANCARDI LUIGI CONSIGLIERE Presente LONGOBARDI NICOLETTA PRESIDENTE DEL CONSIGLIO Presente CERBONE SANTINA CONSIGLIERE Presente D'AVANZO MARIA ROSARIA CONSIGLIERE Presente CACACE CHIARA CONSIGLIERE Presente MAIETTA FATIMA CONSIGLIERE Presente X Pellegrino Vittoria CONSIGLIERE Presente SALAPETE MICHELE CONSIGLIERE Presente Tot. 12 Tot. 1 COPIA Piazza Municipio n. 1, C.A.P: 83021 - Avella (AV); P. IVA 00248800641; Tel/Fax 081.8259343; PEC: comune.avella@cert.irpinianet.eu; http://www.comune.avella.av.it.",,,,0.0,,,,True,True,
Delibera_4__5334_DeliberadiGiunta_Copia_21_2026,Delibera,Regolamenti,,"Approvazione Piano Industriale Rifiuti anno 2026 – Provvedimenti Nominativo Ruolo Presente Assente Da remoto BIANCARDI VINCENZO SINDACO Presente ALAIA ANNA VICESINDACO Presente BIANCARDI LUIGI ASSESSORE Presente BIANCARDI GIOVANNI ASSESSORE Presente CERBONE SANTINA ASSESSORE Presente Tot. 5 Tot. 0 Piazza Municipio n. 1, C.A.P: 83021 - Avella (AV); P. IVA 00248800641; Tel/Fax 081.8259343; PEC: comune.avella@cert.irpinianet.eu; http://www.comune.avella.av.it. 3. Dare atto che sull'importo della tassa sui rifiuti, si applica il tributo provinciale per l'esercizio delle funzioni ambientali di cui all'art. 19 del D.lgs. 504/92, con l'aliquota deliberata dalla provincia, ai sensi dell'art. 1, comma 666, della L. 147/2013. Piazza Municipio n. 1, C.A.P: 83021 - Avella (AV); P. IVA 00248800641; Tel/Fax 081.8259343; PEC: comune.avella@cert.irpinianet.eu; http://www.comune.avella.av.it. PROPOSTA DI DELIBERAZIONE DELLA GIUNTA COMUNALE OGGETTO: Approvazione Piano Industriale Rifiuti anno 2026 – Provvedimenti",,,1298325.0,2596650.0,,,,True,False,
Delibera_4__5334_PIANO_COMUNALE_RACCOLTA_DIFFERENZIA2026,Delibera,Ambiente,,,,,1351648.03,7986179.68,,,,True,False,
Delibera_51__5486_AttestazionePubblicazione,AttestazionePubblicazione,Commercio,,"Aggiornamento ONERI CONCESSORI, SUAP e ONERI VARI anno 2026",51.0,10/04/2026,,0.0,,,,False,False,
Delibera_51__5486_DeliberadiGiunta_Copia_51_2026,Delibera,Commercio,,"Aggiornamento ONERI CONCESSORI, SUAP e ONERI VARI anno 2026 Nominativo Ruolo Presente Assente Da remoto BIANCARDI VINCENZO SINDACO Presente ALAIA ANNA VICESINDACO Presente BIANCARDI LUIGI ASSESSORE Presente BIANCARDI GIOVANNI ASSESSORE Presente CERBONE SANTINA ASSESSORE Presente Tot. 5 Tot. 0 Piazza Municipio n. 1, C.A.P: 83021 - Avella (AV); P. IVA 00248800641; Tel/Fax 081.8259343; PEC: comune.avella@cert.irpinianet.eu; http://www.comune.avella.av.it. Di adeguare, per",,,2000.0,30694.0,,,,True,False,
Delibera_52__5511_AttestazionePubblicazione,AttestazionePubblicazione,Regolamenti,,"APPROVAZIONE DELLO SCHEMA DI RENDICONTO DELL'ESERCIZIO FINANZIARIO 2025, AI SENSI DELL'ART.227 COMMA 2 DEL D.Lgs. 267/2000 E DELL'ART.18 COMMA 1 LETT. B) DEL D.Lgs 118/2011, E DELLA RELAZIONE ILLUSTRATIVA DELLA GIUNTA AI SENSI DELL'ART. 151 COMMA 6 DEL D.Lgs. 267/2000.",52.0,21/04/2026,,0.0,,,,False,False,
Delibera_52__5511_DeliberadiGiunta_Copia_52_2026,Delibera,Regolamenti,Liquidazione,"APPROVAZIONE DELLO SCHEMA DI RENDICONTO DELL'ESERCIZIO FINANZIARIO 2025, AI SENSI DELL'ART.227 COMMA 2 DEL D.Lgs. 267/2000 E DELL'ART.18 COMMA 1 LETT. B) DEL D.Lgs 118/2011, E DELLA RELAZIONE ILLUSTRATIVA DELLA GIUNTA AI SENSI DELL'ART. 151 COMMA 6 DEL D.Lgs. 267/2000. Nominativo Ruolo Presente Assente Da remoto BIANCARDI VINCENZO SINDACO Presente ALAIA ANNA VICESINDACO Presente BIANCARDI LUIGI ASSESSORE Presente BIANCARDI GIOVANNI ASSESSORE Presente CERBONE SANTINA ASSESSORE Presente Tot. 5 Tot. 0 COPIA Piazza Municipio n. 1, C.A.P: 83021 - Avella (AV); P. IVA 00248800641; Tel/Fax 081.8259343; PEC: comune.avella@cert.irpinianet.eu; http://www.comune.avella.av.it.",9.0,03/03/2026,,0.0,,,,True,True,
Delibera_52__5511_Relazione_bilancio_consuntivo_2025_ale_,Delibera,Contabilità,Liquidazione,,49.0,09/04/2026,3449236.97,52600266.41,,,,True,False,
Delibera_52__5511_Stampa_conto_del_bilancio_2025_comp7413,Delibera,Contabilità,Liquidazione,,,,,0.0,,,,True,True,
Delibera_52__5511_attestazione_tempi_medi_di_pagamento,Delibera,Contabilità,Liquidazione,,,,2784902.68,2784902.68,,,,True,False,
Delibera_52__5511_piano_degli_indicatori_2025_497280,Delibera,Personale,Liquidazione,,,,,0.0,,,,True,True,
Delibera_52__5511_tabellaparametri_ente_strutt-_defic7277,Delibera,Personale,,,,,,0.0,,,,True,True,
Delibera_53__5512_AttestazionePubblicazione,AttestazionePubblicazione,Servizi Sociali,,"UTILIZZO E CONTABILIZZAZIONE EX ART. 1, COMMA 496, LETT. A), LEGGE 213/2023, FINANZIAMENTO SVILUPPO SERVIZI SOCIALI.",53.0,21/04/2026,,0.0,,,,False,False,
Delibera_53__5512_DeliberadiGiunta_Copia_53_2026,Delibera,Servizi Sociali,,"UTILIZZO E CONTABILIZZAZIONE EX ART. 1, COMMA 496, LETT. A), LEGGE 213/2023, FINANZIAMENTO SVILUPPO SERVIZI SOCIALI. Nominativo Ruolo Presente Assente Da remoto BIANCARDI VINCENZO SINDACO Presente ALAIA ANNA VICESINDACO Presente BIANCARDI LUIGI ASSESSORE Presente BIANCARDI GIOVANNI ASSESSORE Presente CERBONE SANTINA ASSESSORE Presente Tot. 5 Tot. 0 COPIA Piazza Municipio n. 1, C.A.P: 83021 - Avella (AV); P. IVA 00248800641; Tel/Fax 081.8259343; PEC: comune.avella@cert.irpinianet.eu; http://www.comune.avella.av.it.",,,49581.64,49581.64,,,,True,False,
Delibera_54__5536_AttestazionePubblicazione,AttestazionePubblicazione,Contenzioso,,Concessione patrocinio morale e utilizzo Sala Alvarez de Toledo per evento “Festa dei libri e dei fumetti”; presentazione del libro “Il sale della vita” di Franco Scarpa.,54.0,27/04/2026,,0.0,,,,False,False,
Delibera_54__5536_DeliberadiGiunta_Copia_54_2026,Delibera,Contenzioso,,"Concessione patrocinio morale e utilizzo Sala Alvarez de Toledo per evento “Festa dei libri e dei fumetti”; presentazione del libro “Il sale della vita” di Franco Scarpa. Nominativo Ruolo Presente Assente Da remoto BIANCARDI VINCENZO SINDACO Presente ALAIA ANNA VICESINDACO Presente BIANCARDI LUIGI ASSESSORE Presente BIANCARDI GIOVANNI ASSESSORE Presente CERBONE SANTINA ASSESSORE Presente Tot. 5 Tot. 0 COPIA Piazza Municipio n. 1, C.A.P: 83021 - Avella (AV); P. IVA 00248800641; Tel/Fax 081.8259343; PEC: comune.avella@cert.irpinianet.eu; http://www.comune.avella.av.it.",16.0,24/03/2026,,0.0,,,,True,True,
Delibera_55__5537_AttestazionePubblicazione,AttestazionePubblicazione,Regolamenti,,Concessione patrocinio morale all’evento “Decennale Apertura Castorini”.,55.0,27/04/2026,,0.0,,,,False,False,
Delibera_55__5537_DeliberadiGiunta_Copia_55_2026,Delibera,Contenzioso,,"Concessione patrocinio morale all’evento “Decennale Apertura Castorini”. Nominativo Ruolo Presente Assente Da remoto BIANCARDI VINCENZO SINDACO Presente ALAIA ANNA VICESINDACO Presente BIANCARDI LUIGI ASSESSORE Presente BIANCARDI GIOVANNI ASSESSORE Presente CERBONE SANTINA ASSESSORE Presente Tot. 5 Tot. 0 COPIA Piazza Municipio n. 1, C.A.P: 83021 - Avella (AV); P. IVA 00248800641; Tel/Fax 081.8259343; PEC: comune.avella@cert.irpinianet.eu; http://www.comune.avella.av.it.",16.0,24/03/2026,,0.0,,,,False,False,
Delibera_5692025__5199_AttestazionePubblicazione,AttestazionePubblicazione,Contenzioso,Nomina,INCARICO LEGALE PER LA COSTITUZIONE NEL GIUDIZIO DI APPELLO PROPOSTO DA BFF BANK S.P.A. AVVERSO LA SENTENZA CIVILE N. 569/2025 INNANZI LA CORTE DI APPELLO DI NAPOLI. PROVVEDIMENTI.,12.0,05/02/2026,,0.0,,,,False,False,
Delibera_5692025__5199_DeliberadiGiunta_Copia_12_2026,Delibera,Contenzioso,Nomina,"INCARICO LEGALE PER LA COSTITUZIONE NEL GIUDIZIO DI APPELLO PROPOSTO DA BFF BANK S.P.A. AVVERSO LA SENTENZA CIVILE N. 569/2025 INNANZI LA CORTE DI APPELLO DI NAPOLI. PROVVEDIMENTI. Nominativo Ruolo Presente Assente Da remoto BIANCARDI VINCENZO SINDACO Presente ALAIA ANNA VICESINDACO Presente BIANCARDI LUIGI ASSESSORE Presente BIANCARDI GIOVANNI ASSESSORE Presente CERBONE SANTINA ASSESSORE Presente Tot. 5 Tot. 0 COPIA Piazza Municipio n. 1, C.A.P: 83021 - Avella (AV); P. IVA 00248800641; Tel/Fax 081.8259343; PEC: comune.avella@cert.irpinianet.eu; http://www.comune.avella.av.it. Per le motivazioni espresse in narrativa, che si intendono riportate e trascritte quale parte integrante del presente dispositivo, di: 1. Autorizzare il Comune di Avella e per esso il suo Legale rappresentante, alla costituzione nel giudizio in appello innanzi la Corte di Appello di Napoli a seguito di atto di appello notificato in data 10.11.2025 al difensore costituito del Comune di Avella da parte della società BFF Bank S.p.A., in p.l.r.p.t., avverso la sentenza n. 569/2025 resa dal Tribunale Civile di Avellino nel giudizio civile recante R.G. n. 5139/2020; 2. Demandare alla sfera gestionale l’adozione degli atti di conferimento dell’incarico legale in favore dell’Avv. Emanuele Litto, del Foro di Avellino, con studio legale sito al Corso G. Garibaldi n. 22/A in Baiano (Prov. AV), quale difensore costituito nel giudizio di primo grado, con ampia facoltà in capo al Professionista di proporre anche even...",,,,0.0,,,,True,True,
Delibera_5692025__5200_AttestazionePubblicazione,AttestazionePubblicazione,Contenzioso,Nomina,INCARICO LEGALE PER LA COSTITUZIONE NEL GIUDIZIO DI APPELLO PROPOSTO DA HERA COMM S.P.A. AVVERSO LA SENTENZA CIVILE N. 569/2025 INNANZI LA CORTE DI APPELLO DI NAPOLI. PROVVEDIMENTI.,13.0,05/02/2026,,0.0,,,,False,False,
Delibera_5692025__5200_DeliberadiGiunta_Copia_13_2026,Delibera,Contenzioso,Nomina,"INCARICO LEGALE PER LA COSTITUZIONE NEL GIUDIZIO DI APPELLO PROPOSTO DA HERA COMM S.P.A. AVVERSO LA SENTENZA CIVILE N. 569/2025 INNANZI LA CORTE DI APPELLO DI NAPOLI. PROVVEDIMENTI. Nominativo Ruolo Presente Assente Da remoto BIANCARDI VINCENZO SINDACO Presente ALAIA ANNA VICESINDACO Presente BIANCARDI LUIGI ASSESSORE Presente BIANCARDI GIOVANNI ASSESSORE Presente CERBONE SANTINA ASSESSORE Presente Tot. 5 Tot. 0 Piazza Municipio n. 1, C.A.P: 83021 - Avella (AV); P. IVA 00248800641; Tel/Fax 081.8259343; PEC: comune.avella@cert.irpinianet.eu; http://www.comune.avella.av.it. 1. Autorizzare il Comune di Avella e per esso il suo Legale rappresentante, alla costituzione nel giudizio in appello innanzi la Corte di Appello di Napoli a seguito di atto di appello notificato in data 27.10.2025 al difensore costituito del Comune di Avella da parte della società HERA COMM S.p.A., in p.l.r.p.t., avverso la sentenza n. 569/2025 resa dal Tribunale Civile di Avellino nel giudizio civile recante R.G. n. 5139/2020; 2. Demandare alla sfera gestionale l’adozione degli atti di conferimento dell’incarico legale in favore dell’Avv. Emanuele Litto, del Foro di Avellino, con studio legale sito al Corso G. Garibaldi n. 22/A in Baiano (Prov. AV), quale difensore costituito nel giudizio di primo grado, con ampia facoltà in capo al Professionista di proporre anche eventuali domande incidentali; 3. Precisare che la spesa derivante dall’esecuzione del presente atto è da imputarsi a carico del bilancio pluri...",,,,0.0,,,,True,True,
Delibera_57372025__5031_AttestazionePubblicazione,AttestazionePubblicazione,Contenzioso,,INCARICO LEGALE PER LA PROPOSIZIONE DI RICORSO PER CASSAZIONE AVVERSO LA SENTENZA CIVILE N. 5737/2025 RESA DALLA CORTE DI APPELLO DI NAPOLI. PROVVEDIMENTI.,147.0,22/12/2025,,0.0,,,,False,False,
Delibera_57372025__5031_DeliberadiGiunta_Copia_147_2025,Delibera,Contenzioso,,"INCARICO LEGALE PER LA PROPOSIZIONE DI RICORSO PER CASSAZIONE AVVERSO LA SENTENZA CIVILE N. 5737/2025 RESA DALLA CORTE DI APPELLO DI NAPOLI. PROVVEDIMENTI. Nominativo Ruolo Presente Assente Da remoto BIANCARDI VINCENZO SINDACO Presente ALAIA ANNA VICESINDACO Presente BIANCARDI LUIGI ASSESSORE Presente BIANCARDI GIOVANNI ASSESSORE Presente CERBONE SANTINA ASSESSORE Presente Tot. 5 Tot. 0 COPIA Piazza Municipio n. 1, C.A.P: 83021 - Avella (AV); P. IVA 00248800641; Tel/Fax 081.8259343; PEC: comune.avella@cert.irpinianet.eu; http://www.comune.avella.av.it.",,,,0.0,,,,True,True,
Delibera_57__5539_AttestazionePubblicazione,AttestazionePubblicazione,Contenzioso,Nomina,INCARICO LEGALE PER LA COSTITUZIONE NEL GIUDIZIO INTRAPRESO DALLA SIG.RA A.A. CONTRO IL COMUNE DI AVELLA INNANZI IL TRIBUNALE CIVILE DI AVELLINO. PROVVEDIMENTI.,57.0,27/04/2026,,0.0,,,,False,False,
Delibera_57__5539_DeliberadiGiunta_Copia_57_2026,Delibera,Contenzioso,Nomina,"INCARICO LEGALE PER LA COSTITUZIONE NEL GIUDIZIO INTRAPRESO DALLA SIG.RA A.A. CONTRO IL COMUNE DI AVELLA INNANZI IL TRIBUNALE CIVILE DI AVELLINO. PROVVEDIMENTI. Nominativo Ruolo Presente Assente Da remoto BIANCARDI VINCENZO SINDACO Presente ALAIA ANNA VICESINDACO Presente BIANCARDI LUIGI ASSESSORE Presente BIANCARDI GIOVANNI ASSESSORE Presente CERBONE SANTINA ASSESSORE Presente Tot. 5 Tot. 0 COPIA Piazza Municipio n. 1, C.A.P: 83021 - Avella (AV); P. IVA 00248800641; Tel/Fax 081.8259343; PEC: comune.avella@cert.irpinianet.eu; http://www.comune.avella.av.it.",,,,0.0,,,,True,True,
Delibera_58__5540_AttestazionePubblicazione,AttestazionePubblicazione,Personale,,Indirizzi alla delegazione trattante di parte datoriale per la contrattazione integrativa parte economica dell’anno 2026 del personale del comparto Funzioni Locali.,58.0,27/04/2026,,0.0,,,,False,False,
Delibera_58__5540_DeliberadiGiunta_Copia_58_2026,Delibera,Personale,Nomina,"Indirizzi alla delegazione trattante di parte datoriale per la contrattazione integrativa parte economica dell’anno 2026 del personale del comparto Funzioni Locali. Nominativo Ruolo Presente Assente Da remoto BIANCARDI VINCENZO SINDACO Presente ALAIA ANNA VICESINDACO Presente BIANCARDI LUIGI ASSESSORE Presente BIANCARDI GIOVANNI ASSESSORE Presente CERBONE SANTINA ASSESSORE Presente Tot. 5 Tot. 0 COPIA Piazza Municipio n. 1, C.A.P: 83021 - Avella (AV); P. IVA 00248800641; Tel/Fax 081.8259343; PEC: comune.avella@cert.irpinianet.eu; http://www.comune.avella.av.it.",,,,0.0,,,,True,True,
Delibera_59__5541_AttestazionePubblicazione,AttestazionePubblicazione,Regolamenti,,APPROVAZIONE DELLA MACROSTRUTTURA ORGANIZZATIVA ED ORGANIGRAMMA DELL’ENTE COMUNALE. PROVVEDIMENTI.,59.0,27/04/2026,,0.0,,,,False,False,
Delibera_59__5541_DeliberadiGiunta_Copia_59_2026,Delibera,Regolamenti,,"APPROVAZIONE DELLA MACROSTRUTTURA ORGANIZZATIVA ED ORGANIGRAMMA DELL’ENTE COMUNALE. PROVVEDIMENTI. Nominativo Ruolo Presente Assente Da remoto BIANCARDI VINCENZO SINDACO Presente ALAIA ANNA VICESINDACO Presente BIANCARDI LUIGI ASSESSORE Presente BIANCARDI GIOVANNI ASSESSORE Presente CERBONE SANTINA ASSESSORE Presente Tot. 5 Tot. 0 COPIA Piazza Municipio n. 1, C.A.P: 83021 - Avella (AV); P. IVA 00248800641; Tel/Fax 081.8259343; PEC: comune.avella@cert.irpinianet.eu; http://www.comune.avella.av.it.",,,,0.0,,,,True,True,
Delibera_59__5541_Nuovo_Organigramma_Comunale_-_all-_A,Delibera,Servizi Demografici,,,,,,0.0,,,,True,True,
Delibera_5__5118_AttestazionePubblicazione,AttestazionePubblicazione,Regolamenti,,Approvazione Protocollo d’Intesa con l’Associazione “Plastic Free – Organizzazione di Volontariato ONLUS” e indirizzi operativi per l’esecuzione.,5.0,22/01/2026,,0.0,,,,False,False,
Delibera_5__5118_DeliberadiGiunta_Copia_5_2026,Delibera,Regolamenti,,"Approvazione Protocollo d’Intesa con l’Associazione “Plastic Free – Organizzazione di Volontariato ONLUS” e indirizzi operativi per l’esecuzione. Nominativo Ruolo Presente Assente Da remoto BIANCARDI VINCENZO SINDACO Presente ALAIA ANNA VICESINDACO Presente BIANCARDI LUIGI ASSESSORE Presente BIANCARDI GIOVANNI ASSESSORE Presente CERBONE SANTINA ASSESSORE Presente Tot. 5 Tot. 0 COPIA Piazza Municipio n. 1, C.A.P: 83021 - Avella (AV); P. IVA 00248800641; Tel/Fax 081.8259343; PEC: comune.avella@cert.irpinianet.eu; http://www.comune.avella.av.it.",,,,0.0,,,,True,True,
Delibera_5__5335_AttestazionePubblicazione,AttestazionePubblicazione,Regolamenti,,APPROVAZIONE PIANO TRIENNALE OPERE PUBBLICHE 2026/2028 ED ELENCO ANNUALE 2026,5.0,03/03/2026,,0.0,,,,False,False,
Delibera_5__5335_DELIBERA_DI_GIUNTA_23,Delibera,Regolamenti,,"Approvazione Programma annuale 2026 e triennale opere pubbliche 2026/2028 Nominativo Ruolo Presente Assente Da remoto BIANCARDI VINCENZO SINDACO Presente ALAIA ANNA VICESINDACO Presente BIANCARDI LUIGI ASSESSORE Presente BIANCARDI GIOVANNI ASSESSORE Presente CERBONE SANTINA ASSESSORE Presente Tot. 5 Tot. 0 Piazza Municipio n. 1, C.A.P: 83021 - Avella (AV); P. IVA 00248800641; Tel/Fax 081.8259343; PEC: comune.avella@cert.irpinianet.eu; http://www.comune.avella.av.it. PROPOSTA DI DELIBERAZIONE DELLA GIUNTA COMUNALE OGGETTO: Approvazione Programma annuale 2026 e triennale opere pubbliche 2026/2028",166.0,01/08/2002,,0.0,,,,True,True,
Delibera_5__5335_DeliberadiConsiglio_Copia_5_2026,Delibera,Regolamenti,,"APPROVAZIONE PIANO TRIENNALE OPERE PUBBLICHE 2026/2028 ED ELENCO ANNUALE 2026 Nominativo Ruolo Presente Assente Da remoto BIANCARDI VINCENZO SINDACO Presente ALAIA ANNA VICE SINDACO Presente BIANCARDI DOMENICO CONSIGLIERE Presente BIANCARDI GIOVANNI CONSIGLIERE Presente CARUSO ANTONIA CONSIGLIERE Assente BIANCARDI LUIGI CONSIGLIERE Presente LONGOBARDI NICOLETTA PRESIDENTE DEL CONSIGLIO Presente CERBONE SANTINA CONSIGLIERE Presente D'AVANZO MARIA ROSARIA CONSIGLIERE Presente CACACE CHIARA CONSIGLIERE Presente MAIETTA FATIMA CONSIGLIERE Presente X Pellegrino Vittoria CONSIGLIERE Presente SALAPETE MICHELE CONSIGLIERE Presente Tot. 12 Tot. 1 COPIA Piazza Municipio n. 1, C.A.P: 83021 - Avella (AV); P. IVA 00248800641; Tel/Fax 081.8259343; PEC: comune.avella@cert.irpinianet.eu; http://www.comune.avella.av.it.",,,,0.0,,,,True,True,
Delibera_5__5335_L_Progr_Annuale_1,Delibera,Lavori Pubblici,,,,,,0.0,,,,False,False,
Delibera_5__5335_L_Progr_Triennale_1,Delibera,Lavori Pubblici,Bando,,,,,0.0,,,,True,True,
Delibera_60__5221_AttestazionePubblicazione,AttestazionePubblicazione,Regolamenti,,"Interventi per afforzare e migliorare l’offerta educativa nella fascia di età da zero a sei anni mediante la fornitura di arredi didattici innovativi, ai sensi dell’articolo 29, comma 3, del decreto-legge 7 maggio 2024, n. 60, convertito, con modificazioni, dalla legge 4 luglio 2024, n. 95, nell’ambito del Programma Nazionale “PN Scuola e competenze” 2021- 2027, in attuazione del regolamento (UE) n. 2021/1060 per le regioni c.d. “meno sviluppate” - Approvazione del protocollo di intesa e adesione all'iniziativa",19.0,10/02/2026,,0.0,,,,False,False,
Delibera_60__5221_DeliberadiGiunta_Copia_19_2026,Delibera,Regolamenti,Bando,"Interventi per afforzare e migliorare l’offerta educativa nella fascia di età da zero a sei anni mediante la fornitura di arredi didattici innovativi, ai sensi dell’articolo 29, comma 3, del decreto-legge 7 maggio 2024, n. 60, convertito, con modificazioni, dalla legge 4 luglio 2024, n. 95, nell’ambito del Programma Nazionale “PN Scuola e competenze” 2021-2027, in attuazione del regolamento (UE) n. 2021/1060 per le regioni c.d. “meno sviluppate” - Approvazione del protocollo di intesa e adesione all'iniziativa Nominativo Ruolo Presente Assente Da remoto BIANCARDI VINCENZO SINDACO Presente ALAIA ANNA VICESINDACO Presente BIANCARDI LUIGI ASSESSORE Presente BIANCARDI GIOVANNI ASSESSORE Presente CERBONE SANTINA ASSESSORE Presente Tot. 5 Tot. 0 Piazza Municipio n. 1, C.A.P: 83021 - Avella (AV); P. IVA 00248800641; Tel/Fax 081.8259343; PEC: comune.avella@cert.irpinianet.eu; http://www.comune.avella.av.it.",,,200500.0,202500.0,,,,True,False,
Delibera_60__5549_AttestazionePubblicazione,AttestazionePubblicazione,Pubblicazione e Trasparenza,,Esame e recepimento osservazioni al PUC,60.0,27/04/2026,,0.0,,,,False,False,
Delibera_60__5549_DeliberadiGiunta_Copia_60_2026,Delibera,Servizi Sociali,,"Esame e recepimento osservazioni al PUC Nominativo Ruolo Presente Assente Da remoto BIANCARDI VINCENZO SINDACO Presente ALAIA ANNA VICESINDACO Presente BIANCARDI LUIGI ASSESSORE Presente BIANCARDI GIOVANNI ASSESSORE Presente CERBONE SANTINA ASSESSORE Presente Tot. 5 Tot. 0 COPIA Piazza Municipio n. 1, C.A.P: 83021 - Avella (AV); P. IVA 00248800641; Tel/Fax 081.8259343; PEC: comune.avella@cert.irpinianet.eu; http://www.comune.avella.av.it.",4.0,26/01/2026,,0.0,,,,False,False,
Delibera_60__5549_doc01890720260428103035,Delibera,Regolamenti,,,4.0,26/01/2026,,0.0,,,,True,True,
Delibera_60__allegato1770900632,Delibera,Regolamenti,Bando,,,,200500.0,200500.0,,J44D25003290007,,True,False,
Delibera_60__allegato1770900640,Delibera,Affari Generali,Bando,,,,,0.0,,J44D25003290007,,True,True,
Delibera_61__5605_AttestazionePubblicazione,AttestazionePubblicazione,Contenzioso,,"Concessione patrocinio morale e collaborazione istituzionale per la realizzazione dell’iniziativa culturale “Un pomeriggio Regency nel Giardino”, promossa dall’APS Avellarte, prevista per il giorno 17 maggio 2026 presso il Palazzo Ducale di Avella.",61.0,07/05/2026,,0.0,,,,False,False,
Delibera_61__5605_DeliberadiGiunta_Copia_61_2026,Delibera,Contenzioso,,"Concessione patrocinio morale e collaborazione istituzionale per la realizzazione dell’iniziativa culturale “Un pomeriggio Regency nel Giardino”, promossa dall’APS Avellarte, prevista per il giorno 17 maggio 2026 presso il Palazzo Ducale di Avella. Nominativo Ruolo Presente Assente Da remoto BIANCARDI VINCENZO SINDACO Assente ALAIA ANNA VICESINDACO Presente BIANCARDI LUIGI ASSESSORE Presente BIANCARDI GIOVANNI ASSESSORE Presente CERBONE SANTINA ASSESSORE Presente Tot. 4 Tot. 1 COPIA Piazza Municipio n. 1, C.A.P: 83021 - Avella (AV); P. IVA 00248800641; Tel/Fax 081.8259343; PEC: comune.avella@cert.irpinianet.eu; http://www.comune.avella.av.it.",,,,0.0,,,,False,False,
Delibera_62__5607_AttestazionePubblicazione,AttestazionePubblicazione,Pubblicazione e Trasparenza,,Adesione all’iniziativa UNICEF “DIRITTI IN COMUNE” nell’ambito del Programma “Città amiche dei bambini e degli adolescenti”.,62.0,07/05/2026,,0.0,,,,False,False,
Delibera_62__5607_DeliberadiGiunta_Copia_62_2026,Delibera,Servizi Sociali,,"Adesione all’iniziativa UNICEF “DIRITTI IN COMUNE” nell’ambito del Programma “Città amiche dei bambini e degli adolescenti”. Nominativo Ruolo Presente Assente Da remoto BIANCARDI VINCENZO SINDACO Assente ALAIA ANNA VICESINDACO Presente BIANCARDI LUIGI ASSESSORE Presente BIANCARDI GIOVANNI ASSESSORE Presente CERBONE SANTINA ASSESSORE Presente Tot. 4 Tot. 1 COPIA Piazza Municipio n. 1, C.A.P: 83021 - Avella (AV); P. IVA 00248800641; Tel/Fax 081.8259343; PEC: comune.avella@cert.irpinianet.eu; http://www.comune.avella.av.it.",,,,0.0,,,,True,True,
Delibera_63__5608_AttestazionePubblicazione,AttestazionePubblicazione,Commercio,,"Adesione al progetto “Il Cammino di Santa Filomena” e approvazione dello schema di Protocollo d’Intesa per la realizzazione, valorizzazione e promozione dell’iniziativa.",63.0,07/05/2026,,0.0,,,,False,False,
Delibera_63__5608_DeliberadiGiunta_Copia_63_2026,Delibera,Commercio,Nomina,"Adesione al progetto “Il Cammino di Santa Filomena” e approvazione dello schema di Protocollo d’Intesa per la realizzazione, valorizzazione e promozione dell’iniziativa. Nominativo Ruolo Presente Assente Da remoto BIANCARDI VINCENZO SINDACO Assente ALAIA ANNA VICESINDACO Presente BIANCARDI LUIGI ASSESSORE Presente BIANCARDI GIOVANNI ASSESSORE Presente CERBONE SANTINA ASSESSORE Presente Tot. 4 Tot. 1 COPIA Piazza Municipio n. 1, C.A.P: 83021 - Avella (AV); P. IVA 00248800641; Tel/Fax 081.8259343; PEC: comune.avella@cert.irpinianet.eu; http://www.comune.avella.av.it.",16.0,24/03/2026,,0.0,,,,False,False,
Delibera_63__5608_Protocollo_dintesa_Il_Cammino_Santacato,Delibera,Regolamenti,Nomina,,,,,0.0,,,,False,False,
Delibera_64__5609_AttestazionePubblicazione,AttestazionePubblicazione,Contenzioso,,"Concessione patrocinio morale e concessione in uso gratuito del Teatro Comunale “Domenico Biancardi” per lo spettacolo teatrale “Signori, Favorite i Biglietti” organizzato dal MASCI Avella “Padre Federico D’Andrea”.",64.0,07/05/2026,,0.0,,,,False,False,
Delibera_64__5609_DeliberadiGiunta_Copia_64_2026,Delibera,Cultura e Turismo,,"Concessione patrocinio morale e concessione in uso gratuito del Teatro Comunale “Domenico Biancardi” per lo spettacolo teatrale “Signori, Favorite i Biglietti” organizzato dal MASCI Avella “Padre Federico D’Andrea”. Nominativo Ruolo Presente Assente Da remoto BIANCARDI VINCENZO SINDACO Assente ALAIA ANNA VICESINDACO Presente BIANCARDI LUIGI ASSESSORE Presente BIANCARDI GIOVANNI ASSESSORE Presente CERBONE SANTINA ASSESSORE Presente Tot. 4 Tot. 1 COPIA Piazza Municipio n. 1, C.A.P: 83021 - Avella (AV); P. IVA 00248800641; Tel/Fax 081.8259343; PEC: comune.avella@cert.irpinianet.eu; http://www.comune.avella.av.it.",5425.0,08/05/2026,,0.0,,,,False,False,
Delibera_66__5627_AttestazionePubblicazione,AttestazionePubblicazione,Pubblicazione e Trasparenza,,Finanziamento attività socioeducative per minori – Anno 2026. Atto di indirizzo.,66.0,12/05/2026,,0.0,,,,False,False,
Delibera_66__5627_DeliberadiGiunta_Copia_66_2026,Delibera,Commercio,,"Finanziamento attività socioeducative per minori – Anno 2026. Atto di indirizzo. Nominativo Ruolo Presente Assente Da remoto BIANCARDI VINCENZO SINDACO Presente ALAIA ANNA VICESINDACO Presente BIANCARDI LUIGI ASSESSORE Presente BIANCARDI GIOVANNI ASSESSORE Presente CERBONE SANTINA ASSESSORE Presente Tot. 5 Tot. 0 COPIA Piazza Municipio n. 1, C.A.P: 83021 - Avella (AV); P. IVA 00248800641; Tel/Fax 081.8259343; PEC: comune.avella@cert.irpinianet.eu; http://www.comune.avella.av.it.",,,60000000.0,60000000.0,,,,True,False,
Delibera_67__5628_AttestazionePubblicazione,AttestazionePubblicazione,Pubblicazione e Trasparenza,,Autorizzazione all’utilizzo del logo istituzionale del Comune di Avella.,67.0,12/05/2026,,0.0,,,,False,False,
Delibera_67__5628_DeliberadiGiunta_Copia_67_2026,Delibera,Commercio,,"Autorizzazione all’utilizzo del logo istituzionale del Comune di Avella. Nominativo Ruolo Presente Assente Da remoto BIANCARDI VINCENZO SINDACO Presente ALAIA ANNA VICESINDACO Presente BIANCARDI LUIGI ASSESSORE Presente BIANCARDI GIOVANNI ASSESSORE Presente CERBONE SANTINA ASSESSORE Presente Tot. 5 Tot. 0 COPIA Piazza Municipio n. 1, C.A.P: 83021 - Avella (AV); P. IVA 00248800641; Tel/Fax 081.8259343; PEC: comune.avella@cert.irpinianet.eu; http://www.comune.avella.av.it.",4188.0,08/04/2026,,0.0,,,,False,False,
Delibera_68__5640_AttestazionePubblicazione,AttestazionePubblicazione,Servizi Sociali,,"Concessione patrocinio morale e autorizzazione all’utilizzo del logo istituzionale del Comune di Avella per l’evento “Al Lupo, al Lupo!”.",68.0,14/05/2026,,0.0,,,,False,False,
Delibera_68__5640_DeliberadiGiunta_Copia_68_2026,Delibera,Contenzioso,,"Concessione patrocinio morale e autorizzazione all’utilizzo del logo istituzionale del Comune di Avella per l’evento “Al Lupo, al Lupo!”. Nominativo Ruolo Presente Assente Da remoto BIANCARDI VINCENZO SINDACO Presente ALAIA ANNA VICESINDACO Presente BIANCARDI LUIGI ASSESSORE Presente BIANCARDI GIOVANNI ASSESSORE Presente CERBONE SANTINA ASSESSORE Presente Tot. 5 Tot. 0 COPIA Piazza Municipio n. 1, C.A.P: 83021 - Avella (AV); P. IVA 00248800641; Tel/Fax 081.8259343; PEC: comune.avella@cert.irpinianet.eu; http://www.comune.avella.av.it.",16.0,24/03/2026,,0.0,,,,True,True,
Delibera_69__5676_AttestazionePubblicazione,AttestazionePubblicazione,Pubblicazione e Trasparenza,,Toponomastica cittadina - Intitolazione di una strada a Nicola Pugliese,69.0,26/05/2026,,0.0,,,,False,False,
Delibera_69__5676_DeliberadiGiunta_Copia_69_2026,Delibera,Servizi Sociali,,"Toponomastica cittadina - Intitolazione di una strada a Nicola Pugliese Nominativo Ruolo Presente Assente Da remoto BIANCARDI VINCENZO SINDACO Presente ALAIA ANNA VICESINDACO Presente BIANCARDI LUIGI ASSESSORE Presente BIANCARDI GIOVANNI ASSESSORE Presente CERBONE SANTINA ASSESSORE Presente Tot. 5 Tot. 0 COPIA Piazza Municipio n. 1, C.A.P: 83021 - Avella (AV); P. IVA 00248800641; Tel/Fax 081.8259343; PEC: comune.avella@cert.irpinianet.eu; http://www.comune.avella.av.it.",,,,0.0,,,,False,False,
Delibera_6__5124_AttestazionePubblicazione,AttestazionePubblicazione,Pubblicazione e Trasparenza,,TARIFFE PER LA FRUIZIONE DEI SERVIZI A DOMANDA INDIVIDUALE DI MENSA E TRASPORTO SCOLASTICO ANNO 2026,6.0,22/01/2026,,0.0,,,,False,False,
Delibera_6__5124_DeliberadiGiunta_Copia_6_2026,Delibera,Servizi Sociali,Liquidazione,"TARIFFE PER LA FRUIZIONE DEI SERVIZI A DOMANDA INDIVIDUALE DI MENSA E TRASPORTO SCOLASTICO ANNO 2026 Nominativo Ruolo Presente Assente Da remoto BIANCARDI VINCENZO SINDACO Presente ALAIA ANNA VICESINDACO Presente BIANCARDI LUIGI ASSESSORE Presente BIANCARDI GIOVANNI ASSESSORE Presente CERBONE SANTINA ASSESSORE Presente Tot. 5 Tot. 0 COPIA Piazza Municipio n. 1, C.A.P: 83021 - Avella (AV); P. IVA 00248800641; Tel/Fax 081.8259343; PEC: comune.avella@cert.irpinianet.eu; http://www.comune.avella.av.it.",,,30.0,124.2,,,,True,False,
Delibera_6__5336_AttestazionePubblicazione,AttestazionePubblicazione,Pubblicazione e Trasparenza,,PROGRAMMA TRIENNALE BENI E SERVIZI2026/2028.,6.0,03/03/2026,,0.0,,,,False,False,
Delibera_6__5336_DeliberadiConsiglio_Copia_6_2026,Delibera,Regolamenti,,"PROGRAMMA TRIENNALE BENI E SERVIZI2026/2028. Nominativo Ruolo Presente Assente Da remoto BIANCARDI VINCENZO SINDACO Presente ALAIA ANNA VICE SINDACO Presente BIANCARDI DOMENICO CONSIGLIERE Presente BIANCARDI GIOVANNI CONSIGLIERE Presente CARUSO ANTONIA CONSIGLIERE Assente BIANCARDI LUIGI CONSIGLIERE Presente LONGOBARDI NICOLETTA PRESIDENTE DEL CONSIGLIO Presente CERBONE SANTINA CONSIGLIERE Presente D'AVANZO MARIA ROSARIA CONSIGLIERE Presente CACACE CHIARA CONSIGLIERE Presente MAIETTA FATIMA CONSIGLIERE Presente X Pellegrino Vittoria CONSIGLIERE Presente SALAPETE MICHELE CONSIGLIERE Presente Tot. 12 Tot. 1 COPIA Piazza Municipio n. 1, C.A.P: 83021 - Avella (AV); P. IVA 00248800641; Tel/Fax 081.8259343; PEC: comune.avella@cert.irpinianet.eu; http://www.comune.avella.av.it. • Vista la deliberazione di Giunta Comunale n.24 del 10.02.2026 (allegata), con la quale è stata adottata “PROGRAMMA TRIENNALE DEGLI ACQUISTI DI BENI E SERVIZI 2026-2028 ai sensi dell'art. 37 d.lgs 36/2023. integrazione programma”; •",,,,0.0,,,,True,True,
Delibera_6__5336_DeliberadiGiunta_Copia_24_2026,Delibera,Servizi Sociali,,"PROGRAMMA TRIENNALE DEGLI ACQUISTI DI BENI E SERVIZI 2026-2028 ai sensi dell'art. 37 d.lgs 36/2023. integrazione programma Nominativo Ruolo Presente Assente Da remoto BIANCARDI VINCENZO SINDACO Presente ALAIA ANNA VICESINDACO Presente BIANCARDI LUIGI ASSESSORE Presente BIANCARDI GIOVANNI ASSESSORE Presente CERBONE SANTINA ASSESSORE Presente Tot. 5 Tot. 0 COPIA Piazza Municipio n. 1, C.A.P: 83021 - Avella (AV); P. IVA 00248800641; Tel/Fax 081.8259343; PEC: comune.avella@cert.irpinianet.eu; http://www.comune.avella.av.it.",,,,0.0,,,,True,True,
Delibera_6__5336_SF_Progr_Triennale_420026,Delibera,Contabilità,,,,,,0.0,,,,True,True,
Delibera_70__5677_AttestazionePubblicazione,AttestazionePubblicazione,Pubblicazione e Trasparenza,,"PROGETTO "" CONDIVIDERE I BISOGNI PER CONDIVIDERE IL SENSO DELLA VITA "". PRIOGRAMMAZIONE 2027-2029",70.0,26/05/2026,,0.0,,,,False,False,
Delibera_70__5677_DeliberadiGiunta_Copia_70_2026,Delibera,Servizi Sociali,Nomina,"PROGETTO "" CONDIVIDERE I BISOGNI PER CONDIVIDERE IL SENSO DELLA VITA "". PRIOGRAMMAZIONE 2027-2029 Nominativo Ruolo Presente Assente Da remoto BIANCARDI VINCENZO SINDACO Presente ALAIA ANNA VICESINDACO Presente BIANCARDI LUIGI ASSESSORE Presente BIANCARDI GIOVANNI ASSESSORE Presente CERBONE SANTINA ASSESSORE Presente Tot. 5 Tot. 0 COPIA Piazza Municipio n. 1, C.A.P: 83021 - Avella (AV); P. IVA 00248800641; Tel/Fax 081.8259343; PEC: comune.avella@cert.irpinianet.eu; http://www.comune.avella.av.it.",,,4900.0,14700.0,,,,True,False,
Delibera_76__Vai,Delibera,Regolamenti,,"Art. 175, comma 4, del D. Lgs. 267/2000",23.0,31/07/2025,,0.0,,,,True,True,
Delibera_7__5125_AttestazionePubblicazione,AttestazionePubblicazione,Pubblicazione e Trasparenza,,DESTINAZIONE DELLA QUOTA PARI AL 50% DEI PROVENTI DELLE SANZIONI AMMINISTRATIVE PECUNIARIE PER VIOLAZIONI AL C.D.S. - ANNO 2026.,7.0,22/01/2026,,0.0,,,,False,False,
Delibera_7__5125_DeliberadiGiunta_Copia_7_2026,Delibera,Servizi Sociali,,"DESTINAZIONE DELLA QUOTA PARI AL 50% DEI PROVENTI DELLE SANZIONI AMMINISTRATIVE PECUNIARIE PER VIOLAZIONI AL C.D.S. - ANNO 2026. Nominativo Ruolo Presente Assente Da remoto BIANCARDI VINCENZO SINDACO Presente ALAIA ANNA VICESINDACO Presente BIANCARDI LUIGI ASSESSORE Presente BIANCARDI GIOVANNI ASSESSORE Presente CERBONE SANTINA ASSESSORE Presente Tot. 5 Tot. 0 COPIA Piazza Municipio n. 1, C.A.P: 83021 - Avella (AV); P. IVA 00248800641; Tel/Fax 081.8259343; PEC: comune.avella@cert.irpinianet.eu; http://www.comune.avella.av.it.",186.0,09/08/2008,60000.0,492000.0,,,,True,False,
Delibera_7__5337_AttestazionePubblicazione,AttestazionePubblicazione,Regolamenti,,MANOVRA TARIFFARIA 2026 –APPROVAZIONE TARIFFE TARI,7.0,03/03/2026,,0.0,,,,False,False,
Delibera_7__5337_DeliberadiConsiglio_Copia_7_2026,Delibera,Regolamenti,,"MANOVRA TARIFFARIA 2026 –APPROVAZIONE TARIFFE TARI Nominativo Ruolo Presente Assente Da remoto BIANCARDI VINCENZO SINDACO Presente ALAIA ANNA VICE SINDACO Presente BIANCARDI DOMENICO CONSIGLIERE Presente BIANCARDI GIOVANNI CONSIGLIERE Presente CARUSO ANTONIA CONSIGLIERE Assente BIANCARDI LUIGI CONSIGLIERE Presente LONGOBARDI NICOLETTA PRESIDENTE DEL CONSIGLIO Presente CERBONE SANTINA CONSIGLIERE Presente D'AVANZO MARIA ROSARIA CONSIGLIERE Presente CACACE CHIARA CONSIGLIERE Presente MAIETTA FATIMA CONSIGLIERE Presente X Pellegrino Vittoria CONSIGLIERE Presente SALAPETE MICHELE CONSIGLIERE Presente Tot. 12 Tot. 1 COPIA Piazza Municipio n. 1, C.A.P: 83021 - Avella (AV); P. IVA 00248800641; Tel/Fax 081.8259343; PEC: comune.avella@cert.irpinianet.eu; http://www.comune.avella.av.it.",9.0,28/01/2026,,0.0,,,,True,True,
Delibera_85__Vai,Delibera,Regolamenti,Bando,"Delibera di GC n.85, avente ad oggetto ""Riqualificazione architettonica funzionale e messa in sicurezza della palestra al servizio dell’edificio scolastico della Scuola Primaria di I Grado dell’I.C. Mons. Guerriero di via de Sanctis - PRESA D’ATTO DEL DOCUMENTO DI INDIRIZZO ALLA PROGETTAZIONE, AI SENSI DELL’ART. 3 – ALL. I.7 DEL D. LGS. 36/2023 –",92.0,03/07/2025,1000000.0,7410000.0,,J29I25000450007,,True,True,
Delibera_86__Vai,Delibera,Regolamenti,Bando,"Delibera di GC n.86, avente ad oggetto ""Riqualificazione architettonica funzionale e messa in sicurezza della palestra al servizio dell’edificio scolastico della Scuola Primaria di II Grado dell’I.C. Mons. Guerriero di via de Sanctis - PRESA D’ATTO DEL DOCUMENTO DI INDIRIZZO ALLA PROGETTAZIONE, AI SENSI DELL’ART. 3 – ALL. I.7 DEL D. LGS. 36/2023 –",93.0,03/07/2025,1155963.18,8585779.09,,"J29I25000440007,J29I25000450007",,True,True,
Delibera_87__5218_Allegato_A,Delibera,Cultura e Turismo,Liquidazione,,,,50.0,78.0,,,,True,False,
Delibera_87__5218_AttestazionePubblicazione,AttestazionePubblicazione,Regolamenti,,Modifica ed integrazione della carta dei servizi relativa ai servizi turistici – culturali comunali e aggiornamento del tariffario. Modifica parziale della deliberazione di G.C. n. 87 del 11.09.2017.,18.0,10/02/2026,,0.0,,,,False,False,
Delibera_87__5218_DeliberadiGiunta_Copia_18_2026,Delibera,Regolamenti,,"Modifica ed integrazione della carta dei servizi relativa ai servizi turistici – culturali comunali e aggiornamento del tariffario. Modifica parziale della deliberazione di G.C. n. 87 del 11.09.2017. Nominativo Ruolo Presente Assente Da remoto BIANCARDI VINCENZO SINDACO Presente ALAIA ANNA VICESINDACO Presente BIANCARDI LUIGI ASSESSORE Presente BIANCARDI GIOVANNI ASSESSORE Presente CERBONE SANTINA ASSESSORE Presente Tot. 5 Tot. 0 COPIA Piazza Municipio n. 1, C.A.P: 83021 - Avella (AV); P. IVA 00248800641; Tel/Fax 081.8259343; PEC: comune.avella@cert.irpinianet.eu; http://www.comune.avella.av.it.",,,,0.0,,,,True,True,
Delibera_8__5338_AttestazionePubblicazione,AttestazionePubblicazione,Regolamenti,,ESAME E APPROVAZIONE D.U.P. 2026/2028,8.0,03/03/2026,,0.0,,,,False,False,
Delibera_8__5338_DeliberadiConsiglio_Copia_8_2026,Delibera,Regolamenti,,"ESAME E APPROVAZIONE D.U.P. 2026/2028 Nominativo Ruolo Presente Assente Da remoto BIANCARDI VINCENZO SINDACO Presente ALAIA ANNA VICE SINDACO Presente BIANCARDI DOMENICO CONSIGLIERE Presente BIANCARDI GIOVANNI CONSIGLIERE Presente CARUSO ANTONIA CONSIGLIERE Assente BIANCARDI LUIGI CONSIGLIERE Presente LONGOBARDI NICOLETTA PRESIDENTE DEL CONSIGLIO Presente CERBONE SANTINA CONSIGLIERE Presente D'AVANZO MARIA ROSARIA CONSIGLIERE Presente CACACE CHIARA CONSIGLIERE Presente MAIETTA FATIMA CONSIGLIERE Presente X Pellegrino Vittoria CONSIGLIERE Presente SALAPETE MICHELE CONSIGLIERE Presente Tot. 12 Tot. 1 COPIA Piazza Municipio n. 1, C.A.P: 83021 - Avella (AV); P. IVA 00248800641; Tel/Fax 081.8259343; PEC: comune.avella@cert.irpinianet.eu; http://www.comune.avella.av.it.",25.0,12/02/2026,,0.0,,,,True,True,
Delibera_8__5338_Relazione_DUP_2026_2028,Delibera,Regolamenti,Liquidazione,,8.0,16/01/2025,1298325.0,126000.83,,,,True,False,
Delibera_8__Vai,Delibera,Contabilità,Liquidazione,Delibera CIPE n. 8 del 20.01.2012 (G.U. n. 121 del 25 maggio 2012). “Lavori di prima manutenzione delle aree interessate dai lavori relativi dell’intervento “Sistemazione idrogeologica BA2” anni 2023-2025 –,388.0,27/10/2025,8326621.32,19550232.59,993307157F,F29H10000830003,PROJECT POWER S.R.L.,True,False,
Delibera_9__5207_AttestazionePubblicazione,AttestazionePubblicazione,Regolamenti,,Approvazione perizia di variante dell'intervento di nuova pavimentazione delle strade comunali CUP J27H24002020004,9.0,22/01/2026,,0.0,,J27H24002020004,,False,False,
Delibera_9__5207_DeliberadiGiunta_Copia_9_2026,Delibera,Regolamenti,,"Approvazione perizia di variante dell'intervento di nuova pavimentazione delle strade comunali CUP J27H24002020004 Nominativo Ruolo Presente Assente Da remoto BIANCARDI VINCENZO SINDACO Presente ALAIA ANNA VICESINDACO Presente BIANCARDI LUIGI ASSESSORE Presente BIANCARDI GIOVANNI ASSESSORE Presente CERBONE SANTINA ASSESSORE Presente Tot. 5 Tot. 0 COPIA Piazza Municipio n. 1, C.A.P: 83021 - Avella (AV); P. IVA 00248800641; Tel/Fax 081.8259343; PEC: comune.avella@cert.irpinianet.eu; http://www.comune.avella.av.it. 1) Approvare la Perizia di Variante per gli interventi di INTERVENTI DI NUOVA PAVIMENTAZIONE DELLE STRADE COMUNALI redatto dall’ing Pescione Pasquale CUP J27H24002020004, per un importo complessivo di €. 172.446,62; 2) Di dare atto che",246.0,10/07/2025,172466.62,990451.45,,J27H24002020004,,True,False,
Delibera_9__5339_AttestazionePubblicazione,AttestazionePubblicazione,Regolamenti,,ESAME ED APPROVAZIONE DEL BILANCIO DI PREVISIONE FINANZIARIA PER IL TRIENNIO 2026- 2028,9.0,03/03/2026,,0.0,,,,False,False,
Delibera_9__5339_DeliberadiConsiglio_Copia_9_2026,Delibera,Regolamenti,,"ESAME ED APPROVAZIONE DEL BILANCIO DI PREVISIONE FINANZIARIA PER IL TRIENNIO 2026-2028 Nominativo Ruolo Presente Assente Da remoto BIANCARDI VINCENZO SINDACO Presente ALAIA ANNA VICE SINDACO Presente BIANCARDI DOMENICO CONSIGLIERE Presente BIANCARDI GIOVANNI CONSIGLIERE Presente CARUSO ANTONIA CONSIGLIERE Assente BIANCARDI LUIGI CONSIGLIERE Presente LONGOBARDI NICOLETTA PRESIDENTE DEL CONSIGLIO Presente CERBONE SANTINA CONSIGLIERE Presente D'AVANZO MARIA ROSARIA CONSIGLIERE Presente CACACE CHIARA CONSIGLIERE Presente MAIETTA FATIMA CONSIGLIERE Presente X Pellegrino Vittoria CONSIGLIERE Presente SALAPETE MICHELE CONSIGLIERE Presente Tot. 12 Tot. 1 COPIA Piazza Municipio n. 1, C.A.P: 83021 - Avella (AV); P. IVA 00248800641; Tel/Fax 081.8259343; PEC: comune.avella@cert.irpinianet.eu; http://www.comune.avella.av.it.",26.0,12/02/2025,,0.0,,,,True,True,
Delibera_9__5339_Relazione_nota_integrativa_2026_401786,Delibera,Contenzioso,Liquidazione,,,,208234.05,453960.0,,,,True,False,
Delibera_9__5339_Stampa_bilancio_di_previsione_2026-2028,Delibera,Contabilità,Liquidazione,,,,,0.0,,,,True,True,
Delibera_9__5339_parere_su_bilancio,Delibera,Affari Generali,Liquidazione,,2.0,26/02/2026,52022695.23,92791472.34,,,,True,False,
Delibera___Vai,Delibera,Regolamenti,,Ratifica della,35.0,21/10/2025,,0.0,,,,True,True,
Determinazione_012026__5373_DeterminadiLiquidazione_Copia_185_2026,Determinazione,Contabilità,Liquidazione,"Liquidazione fattura n. 01/2026FPA12 - “Incarico di collaborazione professionale Esperto in materia di finanziamenti europei, nazionali e regionali – contratti di appalto e di concessione aventi ad oggetto l’acquisizione di servizi, forniture, lavori e opere previsti dal P.N.R.R. e dal P.N.C., con profilo Middle”. Saldo compenso giornate lavorative aggiuntive.",14.0,11/03/2026,11208.46,11208.46,,E99J21007460005,LOIOLA CARMEN,True,False,
Determinazione_012026__5373_VistoContabile,VistoContabile,Contabilità,Liquidazione,,,,11208.46,11208.46,,,LOIOLA CARMEN,True,False,
Determinazione_01__5489_DeterminadiImpegnoeLiquidazione_Cop2026,Determinazione,Contabilità,Liquidazione,CANONE SOFTWARE SERVIZIO GESTIONALE MENSA SCOLASTICA. LIQUIDAZIONE ATRO-TEL SRL FATTURA N. 01-000093.,41.0,10/04/2026,4500.0,9990.0,Z723C65958,,ASTRO-TEL SRL,True,False,
Determinazione_01__5489_VistoContabile,VistoContabile,Contabilità,Liquidazione,,,,1830.0,1830.0,Z723C65958,,ASTRO-TEL SRL,True,False,
Determinazione_0500025211000000000203115__5053_DeterminaGenerica_Copia_768_2025,Determinazione,Regolamenti,Bando,PRESA D'ATTO ESITO VALUTAZIONE CANDIDATURE VACANCY N. 0500025211000000000203115 e N. 0500025211000000000204238 'PROGRAMMA GARANZIA DI OCCUPABILITA' DEI LAVORATORI - GOL',114.0,31/12/2025,,0.0,,,,True,True,
Determinazione_0500025211000000000207326__5163_DeterminaGenerica_Copia_71_2026,Determinazione,Regolamenti,Bando,PRESA D'ATTO ESITO VALUTAZIONE CANDIDATURE VACANCY N. 0500025211000000000207326 'PROGRAMMA GARANZIA DI OCCUPABILITA’ DEI LAVORATORI – GOL”.,11.0,29/01/2026,,0.0,,,,True,True,
Determinazione_092025__5069_DeterminadiLiquidazione_Copia_7_2026,Determinazione,Contabilità,Liquidazione,"Liquidazione fattura n. 09/2025FPA12 - “Incarico di collaborazione professionale Esperto in materia di finanziamenti europei, nazionali e regionali – contratti di appalto e di concessione aventi ad oggetto l’acquisizione di servizi, forniture, lavori e opere previsti dal P.N.R.R. e dal P.N.C., con profilo Middle”. 3^ Annualità, periodo Luglio Dicembre 2025.",3.0,08/01/2026,31932.0,42388.0,,E99J21007460005,LOIOLA CARMEN,True,False,
Determinazione_092025__5069_VistoContabile,VistoContabile,Contabilità,Liquidazione,,,,31932.0,42388.0,,,LOIOLA CARMEN,True,False,
Determinazione_100__4962_DeterminadiImpegno_Copia_703_2025,Determinazione,Regolamenti,Liquidazione,Determina a contrarre per l'affidamento del servizio trasporto n. 100 studenti Avella – Nola A/R. Istituzione Giornata Nazionale del Cippo Abellano.,101.0,05/12/2025,330.0,6590.0,B96310A83E,,ACIERNO vincenzo di ACIERNO LUIGI,True,False,
Determinazione_100__4962_VistoContabile,VistoContabile,Contabilità,,,,,330.0,330.0,B96310A83E,,ACIERNO vincenzo di ACIERNO LUIGI,True,False,Partita IVA 01857520000 formalmente errata (Checksum fallito)
Determinazione_100__5087_DeterminadiLiquidazione_Copia_15_2026,Determinazione,Contabilità,Liquidazione,Determina a contrarre per l'affidamento del servizio trasporto n. 100 studenti Avella – Nola A/R. Istituzione Giornata Nazionale del Cippo Abellano. liquidazione fattura.,2.0,13/01/2026,330.0,1320.0,B96310A83E,,ACIERNO vincenzo di ACIERNO LUIGI,True,False,
Determinazione_100__5087_VistoContabile,VistoContabile,Contabilità,Liquidazione,,,,330.0,330.0,B96310A83E,,ACIERNO vincenzo di ACIERNO LUIGI,True,False,Partita IVA 01857520000 formalmente errata (Checksum fallito)
Determinazione_103__5236_DeterminadiLiquidazione_Copia_103_2026,Determinazione,Contabilità,Liquidazione,"DETERMINAZIONE A CONTRARRE PER AFFIDAMENTO DIRETTO DELLA FORNITURA DI POSTAZIONE INFORMATICA (PC, MONITOR, TASTIERA E MOUSE) PER IL SERVIZIO TURISMO E PROMOZIONE DEL TERRITORIO – LIQUIDAZIONE FATTURA.",6.0,13/02/2026,650.0,2360.0,BA3583CACB,,ASWI INFORMATICA di Liguori Vincenzo,True,False,
Determinazione_103__5236_VistoContabile,VistoContabile,Contabilità,Liquidazione,,,,650.0,650.0,BA3583CACB,,ASWI INFORMATICA di Liguori Vincenzo,True,False,
Determinazione_105__5241_AVVISO_Dl_SELEZIONE_PER_LE_PROGRESS_-_C,Determinazione,Personale,Concorso,"Domanda di partecipazione alla selezione per progressione economica all’interno delle aree, riservata al personale dipendente a tempo indeterminato, inquadrato nelle Aree del C.C.N.L. del personale non dirigente del vigente Comparto Funzioni Locali – annualità 2025. Operatori; Operatori Esperti; Istruttori; Funzionari ed E.Q.; Il/La sottoscritto/a _____________________ ___________________________ Cognome Nome nato/a in _______________________________ (_____) il ______________________ Luogo di nascita Prov Data di nascita residente in _____________________________ (______) alla ___________________ Comune di residenza Prov Via-Piazza Codice fiscale___________________________, Matricola ____________________, inquadrato/a nella Area_____________________________, Posizione Economica________ a far data dal _____________, con la presente CHIEDE di essere ammesso/a a partecipare alla selezione per la progressione economica all’interno delle Aree, riservata al personale dipendente a tempo indeterminato, inquadrato nelle Aree del vigente C.C.N.L. del personale non dirigente del Comparto Funzioni Locali – annualità 2025: (apporre una x accanto all’area di riferimento) □ Area degli Operatori (ex categoria A); □ Area degli Operatori Esperti (ex categoria B); □ Area degli Istruttori (ex categoria C); □ Area dei Funzionari ed E.Q. (ex categoria D); A tal fine, consapevole delle sanzioni penali previste dagli artt. 75 e 76 del D.P.R. n. 445/2000 e ss.mm.ii., sotto la propria responsabilità, ...",,,,0.0,,,,True,True,
Determinazione_105__5241_DeterminaGenerica_Copia_105_2026,Determinazione,Personale,Bando,"Selezione interna per le progressioni economiche all’interno delle aree, riservata al personale dipendente a tempo indeterminato, inquadrato nelle Aree degli Operatori, degli Operatori Esperti, degli Istruttori, dei Funzionari ed E.Q., del C.C.N.L. del personale non dirigente del Comparto Funzioni Locali. Annualità 2025 – Riapertura termini di presentazione delle domande.",9.0,17/02/2026,,0.0,,,,True,True,
Determinazione_106__5245_DeterminadiLiquidazione_Copia_106_2026,Determinazione,Contabilità,Liquidazione,"CONCESSIONE PER L’AFFIDAMENTO DEI SERVIZI, DELLA GESTIONE, ESERCIZIO, MANUTENZIONE ORDINARIA E STRAORDINARIA DELL’IMPIANTO DI PUBBLICA ILLUMINAZIONE, IVI COMPRESE LE ATTIVITÀ DI MESSA A NORMA DELL’IMPIANTO, DELL’AMMODERNAMENTO TECNOLOGICO E FUNZIONALE NONCHÉ DELLE ATTIVITÀ FINALIZZATE AL CONSEGUIMENTO DEL RISPARMIO ENERGETICO MEDIANTE IL RICORSO AL FINANZIAMENTO TRAMITE TERZI (F.T.T.) – ADEGUAMENTO CANONE DI CONCESSIONE - ASSUNZIONE IMPEGNO DI SPESA E LIQUIDAZIONE A SALDO -",66.0,16/02/2026,215390.63,272149.55,7564700BE9,,G.I.P.A. SRL,True,False,
Determinazione_106__5245_VistoContabile,VistoContabile,Contabilità,Liquidazione,,,,2734.56,2734.56,7564700BE9,,G.I.P.A. SRL,True,False,
Determinazione_107__5243_DeterminadiLiquidazione_Copia_107_2026,Determinazione,Contabilità,Liquidazione,SERVIZIO DI RISCOSSIONE COATTIVA DEI RUOLI IMU TASI TARU E IDRICO - PROVVEDIMENTI A FAVORE DELLA SO.GE.R.T. SPA,12.0,16/02/2026,11123.58,23409.5,B101CE0601,,SO.GE.R.T. SPA,True,False,
Determinazione_107__5243_VistoContabile,VistoContabile,Contabilità,Liquidazione,,,,11123.58,18949.01,B101CE0601,,SO.GE.R.T. SPA,True,False,
Determinazione_108__5246_DeterminadiLiquidazione_Copia_108_2026,Determinazione,Contabilità,Liquidazione,Liquidazione alla Cooperativa Ecovigilantes per il servizio di gestione integrata dei rifiuti solidi urbani a ridotto impatto ambientale mesi di: GENNAIO 2026.,73.0,17/02/2026,2260829.45,1649753.91,7584472849,,COOPERATIVA SOCIALE ECOVIGILANTES ONLUS,True,False,
Determinazione_108__5246_VistoContabile,VistoContabile,Contabilità,Liquidazione,,,,41244.97,41244.97,,,COOPERATIVA SOCIALE ECOVIGILANTES ONLUS,True,False,
Determinazione_109__5247_DeterminadiLiquidazione_Copia_109_2026,Determinazione,Contabilità,Liquidazione,Liquidazione alla Cooperativa Ecovigilantes per il servizio di spazzamento strade comunali mesi di: GENNAIO 2026,74.0,17/02/2026,15860.0,47580.0,62754411BD,,COOPERATIVA SOCIALE ECOVIGILANTES ONLUS,True,False,
Determinazione_109__5247_VistoContabile,VistoContabile,Contabilità,Liquidazione,,,,15860.0,15860.0,,,COOPERATIVA SOCIALE ECOVIGILANTES ONLUS,True,False,
Determinazione_10__5075_DeterminadiLiquidazione_Copia_10_2026,Determinazione,Contabilità,Liquidazione,SERVIZIO DI EROGAZIONE AL PERSONALE DIPENDENTE DEL SERVIZIO SOSTITUTIVO DI MENSA TRAMITE BUONI PASTO ELETTRONICI A VALORE –LIQUIDAZIONE DI SPESA. PROVVEDIMENTI.,5.0,12/01/2026,1798.65,1798.65,B12A6AAF0E,,DAY RISTOSERVICE S.P.A. SOCIETA BENEFIT,True,False,
Determinazione_10__5075_VistoContabile,VistoContabile,Contabilità,Liquidazione,,,,1798.65,1798.65,B12A6AAF0E,,DAY RISTOSERVICE S.P.A. SOCIETA BENEFIT,True,False,
Determinazione_110__5248_DeterminadiImpegno_Copia_110_2026,Determinazione,Regolamenti,Liquidazione,Lavori di adeguamento rete fognaria del centro urbano del Comune di Avella - Primo Lotto – Affidamento per redazione perizia di variante- ASSESTAMENTO,75.0,18/02/2026,342257.2,362994.54,BA3F16C4DE,22E220003400004,BIANCO GIOVANNI,True,False,
Determinazione_110__5248_VistoContabile,VistoContabile,Contabilità,,,,,5939.12,10938.52,BA3F16C4DE,22E220003400004,BIANCO GIOVANNI,True,False,
Determinazione_111__5249_DeterminaGenerica_Copia_111_2026,Determinazione,Regolamenti,Bando,“Lavori di adeguamento rete fognaria del centro urbano del Comune di Avella - Primo Lotto” – Approvazione Perizia di Assestamento. Provvedimenti.,76.0,18/02/2026,342257.77,1573094.01,B15FFA314D,,,True,False,
Determinazione_111__5249_VistoContabile,VistoContabile,Contabilità,,,,,,0.0,,,,True,False,
Determinazione_112__5250_DeterminadiLiquidazione_Copia_112_2026,Determinazione,Contabilità,Liquidazione,SERVIZIO DI EMISSIONE AVVISI DI ACCERTAMENTO ESECUTIVI PER OMESSO/PARZIALE VERSAMENTO IMU TASI T.A.R.I. SU RUOLO ORDINARIO E CONNESSA RISCOSSIONE ANCHE COATTIVA DEGLI ATTI EMESSI PER GLI ANNI 2019 E 2020- RUOLO IDRICO 2022- PROVVEDIMENTI IN FAVORE DELLA SOCIETA’ RES PUBLICA S.R.L.,13.0,18/02/2026,11123.58,16737.18,B101CE0601,,RES PUBLICA S.R.L.,True,False,
Determinazione_112__5250_VistoContabile,VistoContabile,Contabilità,Liquidazione,,,,11123.58,11123.58,B621693865,,RES PUBLICA S.R.L.,True,False,
Determinazione_113__5253_DeterminadiLiquidazione_Copia_113_2026,Determinazione,Contabilità,Liquidazione,Liquidazione di spesa per interventi di riparazione e manutenzione automezzi comunali,71.0,17/02/2026,3500.0,20368.85,BA44DF40D4,,Carrozzeria Pedalino SRL unipersonale,True,False,
Determinazione_113__5253_VistoContabile,VistoContabile,Contabilità,Liquidazione,,,,2000.0,3500.0,,,Carrozzeria Pedalino SRL unipersonale,True,False,
Determinazione_114__5254_DeterminadiImpegno_Copia_114_2026,Determinazione,Contabilità,Liquidazione,"Servizi di realizzazione di una piattaforma digitale integrata per l’abbattimento delle barriere architettoniche e cognitive e per la digitalizzazione dei servizi culturali, turistici e informativi nell’ambito del progetto “Intervento di restauro, risanamento conservativo ed opere finalizzate al miglioramento della fruizione nell’ambito del progetto Rest-Abella”",67.0,16/02/2026,24400.0,182600.0,BA3EB93182,J29D24000270001,HPA SRL,True,False,
Determinazione_114__5254_VistoContabile,VistoContabile,Contabilità,,,,,24400.0,24400.0,BA3EB93182,J29D24000270001,HPA SRL,True,False,
Determinazione_115__5255_DeterminadiImpegno_Copia_115_2026,Determinazione,Ambiente,Liquidazione,"Servizi di realizzazione di una piattaforma digitale integrata per l’abbattimento delle barriere architettoniche e cognitive e per la digitalizzazione dei servizi culturali, turistici e informativi nell’ambito del progetto “Rimozione delle barriere fisiche e cognitive in musei, biblioteche e archivi” – Museo MIA”",68.0,16/02/2026,495315.0,878231.02,BA3ED7B437,J27B23000020001,HPA SRL,True,False,
Determinazione_115__5255_VistoContabile,VistoContabile,Contabilità,,,4.0,18/01/2024,135615.22,186416.02,,J27B23000020001,HPA SRL,True,False,
Determinazione_116__5256_DeterminadiImpegno_Copia_116_2026,Determinazione,Contabilità,Liquidazione,"Servizi di realizzazione di una piattaforma digitale integrata per l’abbattimento delle barriere architettoniche e cognitive e per la digitalizzazione dei servizi culturali, turistici e informativi nell’ambito del progetto “Rimozione delle barriere fisiche e cognitive in musei, biblioteche e archivi” – Area Anfiteatro Romano” - Aggiudicazione",69.0,16/02/2026,102645.47,321397.07,BA3EE83E10,J27B23000010001,HPA SRL,True,False,
Determinazione_116__5256_VistoContabile,VistoContabile,Contabilità,,,,,102645.47,149523.97,,J27B23000010001,HPA SRL,True,False,
Determinazione_118__5263_DeterminadiImpegno_Copia_118_2026,Determinazione,Contabilità,Bando,“Lavori di adeguamento rete fognaria del centro urbano del Comune di Avella - Primo Lotto””.,77.0,18/02/2026,342257.2,1088100.58,,J22E22000340004,DIVERSI,True,False,
Determinazione_118__5263_VistoContabile,VistoContabile,Contabilità,,,,,45959.78,101908.68,,22E220003400004,DIVERSI,True,False,
Determinazione_119__5266_DeterminadiImpegno_Copia_119_2026,Determinazione,Contabilità,Bando,"Fondi PNRR ‐ “Piano Nazionale di Ripresa e Resilienza”, nell’ambito della Missione 4 – Istruzione e Ricerca – Componente 1 – Potenziamento dell’offerta dei servizi di istruzione: dagli asili nido alle Università – Investimento 1.1: “Piano per asili nido e scuole dell’infanzia e servizi di educazione e cura per la prima infanzia” REALIZZAZIONE DI UN NUOVO EDIFICIO ADIBITO AD ASILO NIDO FABBRICATO SITO IN VIA DE SANCTIS",78.0,19/02/2026,734955734.85,734976314.85,,J25E24000050006,DIVERSI,True,False,
Determinazione_119__5266_VistoContabile,VistoContabile,Contabilità,,,,,10290.0,10290.0,,,DIVERSI,True,False,
Determinazione_12026__5099_DeterminadiLiquidazione_Copia_24_2026,Determinazione,Contabilità,Liquidazione,"Liquidazione fattura n. 1/2026 del 16/01/2026 ""Incarico di collaborazione professionale Esperto in Funzioni tecniche - Profilo Junior - per l'attuazione del PNRR"". Periodo III ANNUALITA’ Compenso BIMESTRE V.",20.0,19/01/2026,115098.69,238796.92,,E99J21007460005,ANGIERI GABRIELE,True,False,
Determinazione_12026__5099_VistoContabile,VistoContabile,Contabilità,Liquidazione,,,,31932.0,37652.0,,E99J21007460005,ANGIERI GABRIELE,True,False,
Determinazione_120__5267_DeterminadiImpegno_Copia_120_2026,Determinazione,Contabilità,Nomina,"PNRR M1C3 – Investimento 1.2 “Rimozione delle barriere fisiche e cognitive in musei, biblioteche e archivi” - “Anfiteatro Romano, Rimozione delle Barriere Fisiche, Sensoriali e Cognitive” Rimozione delle barriere fisiche e cognitive in musei, biblioteche e archivi – Area Anfiteatro Romano,",79.0,19/02/2026,498552.0,166440.66999999998,,J27B23000010001,DIVERSI,True,False,
Determinazione_120__5267_VistoContabile,VistoContabile,Contabilità,,,,,102645.47,109615.47,,J27B23000010001,DIVERSI,True,False,
Determinazione_121__5268_DeterminadiImpegno_Copia_121_2026,Determinazione,Contabilità,Nomina,"PNRR M1C3 – Investimento 1.2 “Rimozione delle barriere fisiche e cognitive in musei, biblioteche e archivi” - “Anfiteatro Romano, Rimozione delle Barriere Fisiche, Sensoriali e Cognitive” Museo Immersivo e Archeologico MIA”,",80.0,19/02/2026,544846.5,147756.22,,J27B23000020001,DIVERSI,True,False,
Determinazione_121__5268_VistoContabile,VistoContabile,Contabilità,,,,,135615.22,141661.22,,J27B23000020001,DIVERSI,True,False,
Determinazione_122__5264_DeterminadiImpegno_Copia_122_2026,Determinazione,Regolamenti,Liquidazione,Acquisto di hardware e software per,63.0,04/02/2026,17080.0,135098.08,BA3D06EB00,,DIVERSI,True,False,Partita IVA 00000234552 formalmente errata (Checksum fallito)
Determinazione_122__5264_VistoContabile,VistoContabile,Contabilità,,,,,17080.0,20344.0,,,DIVERSI,True,False,Partita IVA 00000234552 formalmente errata (Checksum fallito)
Determinazione_123__5269_DeterminadiImpegno_Copia_123_2026,Determinazione,Affari Generali,Approvazione Progetto,"Lavori di adeguamento tecnologico e allestimento della Biblioteca Comunale nel Convento dei Frati Minori,",81.0,19/02/2026,115400.0,229238.97,,J23G23000020004,DIVERSI,True,False,
Determinazione_123__5269_VistoContabile,VistoContabile,Contabilità,,,,,6919.97,6919.97,,,DIVERSI,True,False,
Determinazione_125__5271_DeterminadiImpegno_Copia_125_2026,Determinazione,Ambiente,Bando,Ministro della Transizione Ecologica (MITE) - Piano Nazionale di Ripresa e Resilienza Missione 2 Componente 1 Intervento 1.1: Miglioramento e meccanizzazione della rete di raccolta differenziata dei rifiuti urbani.,83.0,19/02/2026,497980.0,1498966.5,,J24H23000140001,DIVERSI,True,False,
Determinazione_125__5271_VistoContabile,VistoContabile,Contabilità,,,,,487045.0,494725.0,,J24H23000140001,DIVERSI,True,False,
Determinazione_126__5272_DeterminadiImpegno_Copia_126_2026,Determinazione,Contabilità,Nomina,“Predisposizione nuovi spazi da adibire al servizio di mensa scolastica - Plesso Scuola Elementare” - Stazione Unica Appaltante della Provincia di Avellino Missione 4 - Istruzione e ricerca Componente 1 - Potenziamento dell'offerta dei servizi di istruzione: dagli asili nido alle università - Investimento 1.2: Piano di estensione del tempo pieno e mense.,84.0,19/02/2026,840222.9,3331941.1,,J25E22000370006,DIVERSI,True,False,
Determinazione_126__5272_VistoContabile,VistoContabile,Contabilità,,,,,156062.72,164942.72,,,DIVERSI,True,False,
Determinazione_127__5355_DeterminadiLiquidazione_Copia_127_2026,Determinazione,Contabilità,Liquidazione,SERVIZIO DI RISTORAZIONE SCOLASTICA NEL COMUNE DI AVELLA – CIG B9B46F58AD. LIQUIDAZIONE MESI DI GENNAIO 2026,19.0,20/02/2026,50000.0,99486.95,B9B46F58AD,,Caribu Catering S.R.L.,True,False,
Determinazione_127__5355_VistoContabile,VistoContabile,Contabilità,Liquidazione,,,,50000.0,50000.0,,,Caribu Catering S.R.L.,True,False,
Determinazione_128__5274_DeterminadiImpegno_Copia_128_2026,Determinazione,Contabilità,Nomina,“Predisposizione nuovi spazi da adibire al servizio di mensa scolastica - Plesso Scuola Materna” - Stazione Unica Appaltante della Provincia di Avellino Missione 4 - Istruzione e ricerca Componente 1 - Potenziamento dell'offerta dei servizi di istruzione: dagli asili nido alle università - Investimento 1.2: Piano di estensione del tempo pieno e mense.,86.0,20/02/2026,384930.0,1540307.34,,J27G22000110006,DIVERSI,True,False,
Determinazione_128__5274_VistoContabile,VistoContabile,Contabilità,,,,,85243.34,89368.34,,J27G22000110006,DIVERSI,True,False,
Determinazione_12__5076_DeterminadiLiquidazione_Copia_12_2026,Determinazione,Contabilità,Liquidazione,liquidazione per i lavori di “fornitura materiali e manutenzione servizi igienici nei plessi scolastici - Istituto Comprensivo Mons. P. Guerriero”.,7.0,12/01/2026,5002.0,50032.3,B9A1E9CAE5,,PM IMPIANTI DI PECCHIA GENNARO,True,False,
Determinazione_12__5076_VistoContabile,VistoContabile,Contabilità,Liquidazione,,,,5002.0,10004.0,B9A1E9CAE5,,PM IMPIANTI DI PECCHIA GENNARO,True,False,
Determinazione_130__5276_DeterminadiImpegno_Copia_130_2026,Determinazione,Regolamenti,Nomina,“Interventi destinati a ridurre il rischio idrogeologico con la realizzazione di opere di consolidamento e sistemazione reticolo idraulico minore nel vallone Sant’Egidio”.,88.0,20/02/2026,750000.0,2582726.37,,J24H20001270001,DIVERSI,True,False,
Determinazione_130__5276_VistoContabile,VistoContabile,Contabilità,,,,,334643.66,339643.66,,,DIVERSI,True,False,
Determinazione_131__5277_DeterminadiImpegno_Copia_131_2026,Determinazione,Regolamenti,Nomina,Interventi destinati a “Sistemazione idrogeologica dell’area colpita dalla frana del 05.05.1998 in località Veterale”,89.0,20/02/2026,1978540.0,9160483.66,,J21E09002800001,DIVERSI,True,False,
Determinazione_131__5277_VistoContabile,VistoContabile,Contabilità,,,,,334643.66,361523.66,,,DIVERSI,True,False,
Determinazione_13252024__5148_DeterminadiLiquidazione_Copia_60_2026,Determinazione,Contenzioso,Liquidazione,SENTENZA N. 1325/2024 RESA DAL TRIBUNALE DI AVELLINO TRA LA SIG.RA S.F. CONTRO IL COMUNE DI AVELLA. PROVVEDIMENTI.,44.0,27/01/2026,42441.68,51717.68,,,SILVESTRO FILOMENA,True,False,
Determinazione_13252024__5148_VistoContabile,VistoContabile,Contabilità,Liquidazione,,,,42441.68,51717.68,,,SILVESTRO FILOMENA,True,False,
Determinazione_133__5275_DeterminadiImpegno_Copia_129_2026,Determinazione,Contabilità,Nomina,"“REALIZZAZIONE NUOVA MENSA SCOLASTICA NEL PLESSO SCUOLA MEDIA”.” - decreto del Ministro dell’Istruzione e del Merito, di concerto con il Ministro dell’Economia, n. 133 del 04.07.2024 è stato autorizzato, tra l’altro, per la messa in sicurezza e/o realizzazione di mense scolastiche, da finanziare nell’ambito del PNNR, Missione 4 – Istruzione e Ricerca – Componente 1 – Potenziamento dell’offerta dei servizi di istruzione: dagli asili nido alle università – Investimento 1.2: “Piano di estensione del tempo pieno e mense”, finanziato dall’Unione europea – Next Generation EU”.",87.0,20/02/2026,515481082.75,519543937.87,,J25E24000150006,DIVERSI,True,False,
Determinazione_133__5275_VistoContabile,VistoContabile,Contabilità,,,,,160443.32,170443.32,,,DIVERSI,True,False,
Determinazione_133__5279_DeterminadiLiquidazione_Copia_133_2026,Determinazione,Contabilità,Liquidazione,Liquidazione di spesa per interventi di riparazione e manutenzione automezzi comunali.,90.0,20/02/2026,4450.0,17666.62,BA28C5EE3D,,DIVERSI,True,False,
Determinazione_133__5279_VistoContabile,VistoContabile,Contabilità,Liquidazione,,,,2479.16,4449.32,,,DIVERSI,True,False,
Determinazione_133__5684_DeterminadiLiquidazione_Copia_378_2026,Determinazione,Contabilità,Liquidazione,"“REALIZZAZIONE NUOVA MENSA SCOLASTICA NEL PLESSO SCUOLA MEDIA”.” - decreto del Ministro dell’Istruzione e del Merito, di concerto con il Ministro dell’Economia, n. 133 del 04.07.2024 è stato autorizzato, tra l’altro, per la messa in sicurezza e/o realizzazione di mense scolastiche, da finanziare nell’ambito del PNNR, Missione 4 – Istruzione e Ricerca – Componente 1 – Potenziamento dell’offerta dei servizi di istruzione: dagli asili nido alle università – Investimento 1.2: “Piano di estensione del tempo pieno e mense”, finanziato dall’Unione europea – Next Generation EU”.",190.0,07/05/2026,515481082.75,519553937.87,,J25E24000150006,DIVERSI,True,False,
Determinazione_133__5684_VistoContabile,VistoContabile,Contabilità,Liquidazione,,,,160443.32,170443.32,,,DIVERSI,True,False,
Determinazione_134__5280_DeterminadiLiquidazione_Copia_134_2026,Determinazione,Contabilità,Liquidazione,LIQUIDAZIONE FATTURE PER FORNITURA DI ENERGIA ELTTRICA UTENZE COMUNALI - PERIODO DICEMBRE 2025-FEBBRAIO 2026,14.0,23/02/2026,148669.76,525798.92,,,UNICA SPA,True,False,
Determinazione_134__5280_VistoContabile,VistoContabile,Contabilità,Liquidazione,,,,112087.29,223459.4,,,UNICA SPA,True,False,
Determinazione_135__5289_DeterminadiImpegno_Copia_135_2026,Determinazione,Pubblicazione e Trasparenza,Concorso,DETERMINAZIONE A CONTRARRE PER AFFIDAMENTO DIRETTO DEL SERVIZIO DI STAMPA E AFFISSIONE MANIFESTI PER LA COMUNICAZIONE ISTITUZIONALE.,8.0,25/02/2026,1220.0,5660.0,BA94D57959,,TUTTO STAMPA DI BALBI PASQUALE,True,False,
Determinazione_135__5289_VistoContabile,VistoContabile,Contabilità,,,,,1220.0,1220.0,BA94D57959,,TUTTO STAMPA DI BALBI PASQUALE,True,False,
Determinazione_136__5296_DeterminadiImpegno_Copia_136_2026,Determinazione,Ambiente,Nomina,"“Abbattimento delle barriere architettoniche e cognitive e per la digitalizzazione dei servizi culturali, turistici e informativi nell’ambito del progetto “Intervento di restauro, risanamento conservativo ed opere finalizzate al miglioramento della fruizione nell’ambito del progetto Rest-Abella”.",92.0,23/02/2026,945361.81,970621.81,,J29D24000270001,DIVERSI,True,False,
Determinazione_136__5296_VistoContabile,VistoContabile,Contabilità,,,,,945361.81,957991.81,,,DIVERSI,True,False,
Determinazione_137__5297_DeterminadiImpegno_Copia_137_2026,Determinazione,Ambiente,Liquidazione,Determina affidamento del servizio di smaltimento della frazione merceologica di rifiuti differenziati raccolti nel territorio del Comune.,93.0,23/02/2026,82593.72,115000.0,B97F7A2CC0,,DIVERSI BENEFICIARI,True,False,
Determinazione_137__5297_VistoContabile,VistoContabile,Contabilità,,,,,82593.72,115000.0,,,DIVERSI BENEFICIARI,True,False,
Determinazione_138__5288_DeterminadiImpegno_Copia_138_2026,Determinazione,Regolamenti,Liquidazione,Fornitura arredo per l'asilo del Comune di Avella comprensiva di installazione e adeguamento degli spazi – Aggiudicazione,99.0,26/02/2026,28341.87,161213.87,BA83438C4C,,Savino Fortunato di Savino Palma,True,False,
Determinazione_138__5288_VistoContabile,VistoContabile,Contabilità,,,,,28341.87,45909.87,,,Savino Fortunato di Savino Palma,True,False,
Determinazione_139__5298_DeterminadiLiquidazione_Copia_139_2026,Determinazione,Ambiente,Liquidazione,"Lavori di sanificazione locali scolastici, rimozione e smaltimento rifiuti abbandonati su territorio comunale.",94.0,24/02/2026,4050.0,28350.0,,,COOPERATIVA SOCIALE ECOVIGILANTES ONLUS,True,False,
Determinazione_139__5298_VistoContabile,VistoContabile,Contabilità,Liquidazione,,,,3050.0,4050.0,,,COOPERATIVA SOCIALE ECOVIGILANTES ONLUS,True,False,
Determinazione_13_11052026_5647_DeterminadiLiquidazione_Copia_357_2026,Determinazione,Contabilità,Liquidazione,OGGETTO: Liquidazione fattura n. 13/PA/2026 del 11/05/2026 relativa alla fornitura di materiale di consumo e dotazione strumentale per la postazione dell’Ufficio Protocollo Comunale –,27.0,14/05/2026,170.0,680.0,BB97602911,,ASWI INFORMATICA di Liguori Vincenzo,True,False,
Determinazione_13_11052026_5647_VistoContabile,VistoContabile,Contabilità,Liquidazione,,,,170.0,170.0,BB97602911,,ASWI INFORMATICA di Liguori Vincenzo,True,False,
Determinazione_13__5077_DeterminadiLiquidazione_Copia_13_2026,Determinazione,Lavori Pubblici,Liquidazione,"Interventi di pavimentazione delle strade comunali, manutenzione straordinaria di fogne e chiusini -",8.0,12/01/2026,25607.8,168262.4,B901540D78,,GA.NI SAS DI GAGLIONE PELLEGRINO,True,False,
Determinazione_13__5077_VistoContabile,VistoContabile,Contabilità,Liquidazione,,,,13407.8,13407.8,B901540D78,,GA.NI SAS DI GAGLIONE PELLEGRINO,True,False,
Determinazione_140__5290_DeterminadiImpegno_Copia_140_2026,Determinazione,Lavori Pubblici,Liquidazione,"Servizio di architettura e ingegneria per Progetto Esecutivo, Coordinamento della Sicurezza in fase di Progettazione, Direzione dei Lavori, Coordinamento della Sicurezza in fase di Esecuzione, redazione del Piano di Eliminazione Barriere Architettoniche (PEBA) nell’ambito dell’intervento di restauro, risanamento conservativo ed opere finalizzate al miglioramento della fruizione anche da parte di persone con disabilità fisica, sensoriale e cognitiva del Castello di Avella, al fine di incrementare i servizi turistici ed alla comunità e di salvaguardare l’integrità materica del bene culturale nell’ambito del progetto Rest-Abella - Aggiudicazione",85.0,19/02/2026,945361.81,2530403.62,BA3E73AB05,J29D24000270001,SPIZUOCO GIOVANNI,True,False,
Determinazione_140__5290_VistoContabile,VistoContabile,Contabilità,,,,,75030.0,75030.0,BA3E73AB05,J29D24000270001,SPIZUOCO GIOVANNI,True,False,
Determinazione_141__5299_DeterminadiLiquidazione_Copia_141_2026,Determinazione,Contabilità,Liquidazione,"Determina di Liquidazione del servizio di smaltimento della frazione merceologica di rifiuti differenziati raccolti nel territorio del comune – codice CER 20.01.08, periodo 23.01.2026 al 03.02.2026.",95.0,24/02/2026,4166.27,21981.67,BA0CD3E392,,INTERECO s.r.l.,True,False,
Determinazione_141__5299_VistoContabile,VistoContabile,Contabilità,Liquidazione,,,,3015.95,4166.27,BA0CD3E392,,INTERECO s.r.l.,True,False,
Determinazione_142__5292_DeterminadiLiquidazione_Copia_142_2026,Determinazione,Regolamenti,Liquidazione,Servizio di noleggio ed installazione delle luminarie periodo natalizio 2025- 2026 -,97.0,24/02/2026,25620.0,137100.0,B902589DD6,,LUMINART snc,True,False,
Determinazione_142__5292_VistoContabile,VistoContabile,Contabilità,Liquidazione,,,,25620.0,25620.0,,,LUMINART snc,True,False,
Determinazione_143__5293_DeterminadiLiquidazione_Copia_143_2026,Determinazione,Regolamenti,Liquidazione,Servizio di noleggio ed installazione delle luminarie periodo natalizio 2025- 2026 -,98.0,24/02/2026,3000.0,24000.0,,,LUMINART snc,True,False,
Determinazione_143__5293_VistoContabile,VistoContabile,Contabilità,Liquidazione,,,,1830.0,3000.0,,,LUMINART snc,True,False,
Determinazione_144__5294_DeterminadiImpegno_Copia_144_2026,Determinazione,Ambiente,Liquidazione,"Interventi per l’installazione dell’impianto di videosorveglianza e di illuminazione nell'ambito del progetto: Ministro della Transizione Ecologica (MITE) - Piano Nazionale di Ripresa e Resilienza Missione 2 Componente 1 Intervento 1.1 ""Miglioramento e meccanizzazione della rete di raccolta differenziata dei rifiuti urbani""– Aggiudicazione",72.0,17/02/2026,497980.0,1793061.95,BA3F161BC8,J24H23000140001,Idroelettrica sas di Stefano Perna,True,False,
Determinazione_144__5294_VistoContabile,VistoContabile,Contabilità,,,,,76555.0,76555.0,BA3F161BC8,J24H23000140001,Idroelettrica sas di Stefano Perna,True,False,
Determinazione_145__5291_DeterminadiLiquidazione_Copia_145_2026,Determinazione,Contabilità,Liquidazione,Acquisto di hardware e software per,100.0,27/02/2026,20000.0,113130.88,BA3D06EB00,,DIVERSI,True,False,Partita IVA 00000234552 formalmente errata (Checksum fallito)
Determinazione_145__5291_VistoContabile,VistoContabile,Contabilità,Liquidazione,,,,17080.0,20344.0,,,DIVERSI,True,False,Partita IVA 00000234552 formalmente errata (Checksum fallito)
Determinazione_146__5062_DeterminaGenerica_Copia_1_2026,Determinazione,Regolamenti,Concorso,POR FESR Campania 2014/2020 - Ob. Specifico 4.1 – Azione 4.1.1 - D.D. n. 146 del 23/12/2019 (BURC n. 81 del 30/12/2019). Comune di Avella - Intervento di efficientamento energetico ex edificio scolastico sito in Piazza Convento- CUP J26C18000160002 – Riepilogo economico finanziario e approvazione quadro economico finale.,1.0,07/01/2026,388556713.19,443062781.29,99207795D1,J26C18000160002,,True,False,
Determinazione_146__5307_DeterminadiLiquidazione_Copia_146_2026,Determinazione,Contabilità,Liquidazione,“Lavori di adeguamento rete fognaria del centro urbano del Comune di Avella - Primo Lotto” –,101.0,27/02/2026,342257.2,1455594.07,B15FFA314D,22E220003400004,FRATELLI GAGLIONE S.A.S.,True,False,
Determinazione_146__5307_VistoContabile,VistoContabile,Contabilità,Liquidazione,,,,45959.78,161443.77,B15FFA314D,22E220003400004,FRATELLI GAGLIONE S.A.S.,True,False,
Determinazione_146__5395_DeterminadiLiquidazione_Copia_199_2026,Determinazione,Contabilità,Liquidazione,POR FESR Campania 2014/2020 - Ob. Specifico 4.1 – Azione 4.1.1 - D.D. n. 146 del 23/12/2019 (BURC n. 81 del 30/12/2019). Lavori relativi all’intervento di “efficientamento energetico ex edificio scolastico sito in Piazza Convento APPROVAZIONE E LIQUIDAZIONE III SAL LAVORI,134.0,17/03/2026,265000000.0,323975047.2,99207795D1,J26C18000160002,DIVERSI,True,False,Partita IVA 00000234552 formalmente errata (Checksum fallito)
Determinazione_146__5395_VistoContabile,VistoContabile,Contabilità,Liquidazione,,,,875123.91,875123.91,,J26C18000160002,DIVERSI,True,False,Partita IVA 00000234552 formalmente errata (Checksum fallito)
Determinazione_147__5308_DeterminadiLiquidazione_Copia_147_2026,Determinazione,Contabilità,Liquidazione,Lavori di adeguamento rete fognaria del centro urbano del Comune di Avella - Primo Lotto - Servizio di Direzione dei Lavori e Coordinatore della sicurezza fase di esecuzione-,103.0,27/02/2026,342257.2,421292.58,B30E54DC1A,J22E22000340004,BIANCO GIOVANNI,True,False,
Determinazione_147__5308_VistoContabile,VistoContabile,Contabilità,Liquidazione,,,,45959.78,46959.74,B30E54DC1A,22E220003400004,BIANCO GIOVANNI,True,False,
Determinazione_148__5309_DeterminadiLiquidazione_Copia_148_2026,Determinazione,Contabilità,Liquidazione,Lavori di adeguamento rete fognaria del centro urbano del Comune di Avella - Primo Lotto –redazione perizia di variante- ASSESTAMENTO –,104.0,27/02/2026,342257.2,378592.68,BA3F16C4DE,22E220003400004,BIANCO GIOVANNI,True,False,
Determinazione_148__5309_VistoContabile,VistoContabile,Contabilità,Liquidazione,,,,5939.12,10938.52,BA3F16C4DE,22E220003400004,BIANCO GIOVANNI,True,False,
Determinazione_149__5302_DeterminadiLiquidazione_Copia_149_2026,Determinazione,Contabilità,Liquidazione,"LIQUIDAZIONE rata servizi, di gestione, esercizio, manutenzione ordinaria e straordinaria dell’impianto di illuminazione pubblica, ivi comprese le attività di messa a norma dell’impianto, dell’ammodernamento tecnologico e funzionale nonché delle attività finalizzate al conseguimento del risparmio energetico – Febbraio 2026.",105.0,27/02/2026,22752.88,68258.64,ATTRIBUITO,,G.I.P.A. SRL,True,False,
Determinazione_149__5302_VistoContabile,VistoContabile,Contabilità,Liquidazione,,,,22752.88,22752.88,7564700BE9,,G.I.P.A. SRL,True,False,
Determinazione_14__5082_DeterminaGenerica_Copia_14_2026,Determinazione,Lavori Pubblici,,OGGETTO: SUA Provincia di Avellino - Missione 4 - Istruzione e ricerca Componente 1 - Potenziamento dell'offerta dei servizi di istruzione: dagli asili nido alle università - Investimento 1.2: Piano di estensione del tempo pieno e mense: “Adeguamento spazi funzionali da adibire a mensa scolastica – Plesso Scuola Materna” - Provvedimenti.,10.0,13/01/2026,384930.0,2352232.48,,J27G22000110006,,True,False,
Determinazione_14__5429_AttestazionePubblicazione,AttestazionePubblicazione,Regolamenti,,"DISCIPLINA PER IL RILASCIO DELL'ATTESTAZIONE DI INUTILIZZABILITÀ DEI VEICOLI FUORI USO SOTTOPOSTI A FERMO FISCALE AI FINI DELLA ROTTAMAZIONE, AI SENSI DELLART. 3 DELLA LEGGE 26 GENNAIO 2026 N. 14 APPROVAZIONE MODULISTICA E DETERMINAZIONE DIRITTI DI ISTRUTTORIA",41.0,24/03/2026,,0.0,,,,False,False,
Determinazione_14__5429_DeliberadiGiunta_Copia_41_2026,Determinazione,Regolamenti,,"DISCIPLINA PER IL RILASCIO DELL'ATTESTAZIONE DI INUTILIZZABILITÀ DEI VEICOLI FUORI USO SOTTOPOSTI A FERMO FISCALE AI FINI DELLA ROTTAMAZIONE, AI SENSI DELLART. 3 DELLA LEGGE 26 GENNAIO 2026 N. 14 APPROVAZIONE MODULISTICA E DETERMINAZIONE DIRITTI DI ISTRUTTORIA Nominativo Ruolo Presente Assente Da remoto BIANCARDI VINCENZO SINDACO Presente ALAIA ANNA VICESINDACO Presente BIANCARDI LUIGI ASSESSORE Presente BIANCARDI GIOVANNI ASSESSORE Presente CERBONE SANTINA ASSESSORE Presente Tot. 5 Tot. 0 COPIA Piazza Municipio n. 1, C.A.P: 83021 - Avella (AV); P. IVA 00248800641; Tel/Fax 081.8259343; PEC: comune.avella@cert.irpinianet.eu; http://www.comune.avella.av.it.",,,50.0,200.0,,,,True,False,
Determinazione_1502025__5481_DeterminaGenerica_Copia_245_2026,Determinazione,Ambiente,Liquidazione,RETTIFICA,158.0,10/04/2026,4056.0,23869.5,,J24H23000140001,,True,False,
Determinazione_150__5306_DeterminadiLiquidazione_Copia_150_2026,Determinazione,Lavori Pubblici,Liquidazione,Interventi di manutenzione straordinaria sull'impianto di videosorveglianza e filodiffusione su territorio comunale–,96.0,24/02/2026,63498.32,144098.32,B9ED7EBEDD,,MAXFON S.R.L.,True,False,
Determinazione_150__5306_VistoContabile,VistoContabile,Contabilità,Liquidazione,,,,63498.32,75698.32,B9ED7EBEDD,,MAXFON S.R.L.,True,False,
Determinazione_151__5304_DeterminadiLiquidazione_Copia_151_2026,Determinazione,Contabilità,Liquidazione,Revisioni automezzi comunali: Isuzu tg CD858GX e CD859GX; Effedi tg. DJ407NX; -Iveco tg DH489LE; Pulmino Mercedes tg. DH023MH; Mitsubishi tg. DJ373WF.,107.0,27/02/2026,551.25,2441.25,B33D7F81AC,,CENTRO REVISIONI V.E.C.A. SRL,True,False,
Determinazione_151__5304_VistoContabile,VistoContabile,Contabilità,Liquidazione,,,,551.25,551.25,B33D7F81AC,,CENTRO REVISIONI V.E.C.A. SRL,True,False,
Determinazione_152__5305_DeterminadiLiquidazione_Copia_152_2026,Determinazione,Contabilità,Liquidazione,Liquidazione di spesa per smaltimento RSU Irpiniambiente s.p.a. luglio dicembre 2025,108.0,27/02/2026,55345.07,221380.28,ZDE3CFE45E,,IRPINIAMBIENTE S.P.A,True,False,
Determinazione_152__5305_VistoContabile,VistoContabile,Contabilità,Liquidazione,,,,55345.07,55345.07,,,IRPINIAMBIENTE S.P.A,True,False,
Determinazione_153__5310_DeterminadiLiquidazione_Copia_153_2026,Determinazione,Contabilità,Liquidazione,“Lavori di adeguamento rete fognaria del centro urbano del Comune di Avella - Primo Lotto”- Gruppo di lavoro di supporto al rup –,102.0,27/02/2026,342257.2,911921.72,,J22E22000340004,DIVERSI,True,False,
Determinazione_153__5310_VistoContabile,VistoContabile,Contabilità,Liquidazione,,,,45959.78,251787.02,,22E220003400004,DIVERSI,True,False,
Determinazione_154__5318_DeterminadiLiquidazione_Copia_154_2026,Determinazione,Ambiente,Liquidazione,“Servizi integrati di supporto specialistico in ambiente ICT finalizzati al supporto Tecnico informatico del Servizio Tecnico – Ambiente – Protezione Civile-Ufficio Turistico- Acquedotto” – Acconto.,109.0,03/03/2026,43540.12,219787.72,BA3E42D686,,Computer Lab Di Giovanni Notaro,True,False,
Determinazione_154__5318_VistoContabile,VistoContabile,Contabilità,Liquidazione,,,,14540.12,14540.12,BA3E42D686,,Computer Lab Di Giovanni Notaro,True,False,
Determinazione_158__5324_DeterminadiLiquidazione_Copia_158_2026,Determinazione,Contabilità,Liquidazione,"Servizio di fornitura carburante da autotrazione (gasolio, benzina, GPL e Metano) -",106.0,27/02/2026,4931.4,24657.0,BA8F96D9D7,,FUEL,True,False,
Determinazione_158__5324_VistoContabile,VistoContabile,Contabilità,Liquidazione,,,,2465.7,4931.4,BA8F96D9D7,,FUEL,True,False,
Determinazione_15_05032026_5330_DeterminaGenerica_Copia_164_2026,Determinazione,Contabilità,Liquidazione,"RETTIFICA E SOSTITUZIONE IN AUTOTUTELA AMMINISTRATIVA , DELLA",16.0,06/03/2026,,0.0,,,,True,True,
Determinazione_15_05032026_5330_VistoContabile,VistoContabile,Contabilità,,,,,,0.0,,,,True,False,
Determinazione_160__5326_DeterminaGenerica_Copia_160_2026,Determinazione,Regolamenti,Liquidazione,"ELEZIONI REFERENDARIE DEL 22 E 23 MARZO 2026. ORGANIZZAZIONE TECNICA E AFFIDAMENTO DIRETTO DEL SERVIZIO PER LA PULIZIA DEI LOCALI SCOLASTICI SEDI DI SEGGIO EFFETTUATA ALLA FINE DELLE CONSULTAZIONI, PRIMA DEL RIENTRO DEGLI ALUNNI NEI LOCALI MEDESIMI.",21.0,05/03/2026,1090.0,8271.09,BAADD6A031,,,True,False,
Determinazione_161__5328_DeterminaGenerica_Copia_161_2026,Determinazione,Contabilità,Liquidazione,CONSULATAZIONI REFERENDARIE NEI GIORNI 22 E 23 MARZ 2026. ORGANIZZAZIONE TECNICA E AFFIDAMENTO DIRETTO PER LA FORNITURA STAMPATI NON FORNITI DIRETTAMENTE DALLO STATO,22.0,05/03/2026,650.0,7150.0,BAADBC6597,,,True,False,
Determinazione_162__5327_DeterminaGenerica_Copia_162_2026,Determinazione,Contabilità,Liquidazione,CONSULATAZIONI REFERENDARIE NEI GIORNI 22 E 23 MARZ 2026. ORGANIZZAZIONE TECNICA E AFFIDAMENTO DIRETTO PER LA FORNITURA DEL MATERIALE DI ARREDAMENTO DELLE SEZIONI ELETORALI.,23.0,05/03/2026,650.0,6100.0,BAADC5291E,,,True,False,
Determinazione_163__5329_DeterminaGenerica_Copia_163_2026,Determinazione,Contabilità,Liquidazione,Adesione Società Ecoenergia per forniture di energia elettrica,15.0,05/03/2026,,0.0,,,,True,True,
Determinazione_163__5329_VistoContabile,VistoContabile,Contabilità,,,,,,0.0,,,,True,False,
Determinazione_165__5356_DeterminadiImpegno_Copia_165_2026,Determinazione,Contabilità,,ORGANIZZAZIONE TECNICA PER LO SVOLGIMENTO DEL REFERENDUM COSTITUZIONALE DEL 22 E 23 MARZO 2026. IMPEGNO DI SPESA,20.0,03/03/2026,12500.0,37586.6,,,DIVERSI,True,False,
Determinazione_165__5356_VistoContabile,VistoContabile,Contabilità,,,,,12500.0,18793.3,,,DIVERSI,True,False,
Determinazione_166__5343_DeterminadiLiquidazione_Copia_166_2026,Determinazione,Contabilità,Liquidazione,"CONCESSIONE PER L’AFFIDAMENTO DEI SERVIZI, DELLA GESTIONE, ESERCIZIO, MANUTENZIONE ORDINARIA E STRAORDINARIA DELL’IMPIANTO DI PUBBLICA ILLUMINAZIONE, IVI COMPRESE LE ATTIVITÀ DI MESSA A NORMA DELL’IMPIANTO, DELL’AMMODERNAMENTO TECNOLOGICO E FUNZIONALE NONCHÉ DELLE ATTIVITÀ FINALIZZATE AL CONSEGUIMENTO DEL RISPARMIO ENERGETICO MEDIANTE IL RICORSO AL FINANZIAMENTO TRAMITE TERZI (F.T.T.) – ADEGUAMENTO CANONE DI CONCESSIONE - LIQUIDAZIONE A SALDO ANNO 2024 -",111.0,03/03/2026,215390.63,227987.81,7564700BE9,,G.I.P.A. SRL,True,False,
Determinazione_166__5343_VistoContabile,VistoContabile,Contabilità,Liquidazione,,,,845.63,845.63,7564700BE9,,G.I.P.A. SRL,True,False,
Determinazione_167__5344_DeterminadiLiquidazione_Copia_167_2026,Determinazione,Contabilità,Liquidazione,"CONCESSIONE PER L’AFFIDAMENTO DEI SERVIZI, DELLA GESTIONE, ESERCIZIO, MANUTENZIONE ORDINARIA E STRAORDINARIA DELL’IMPIANTO DI PUBBLICA ILLUMINAZIONE, IVI COMPRESE LE ATTIVITÀ DI MESSA A NORMA DELL’IMPIANTO, DELL’AMMODERNAMENTO TECNOLOGICO E FUNZIONALE NONCHÉ DELLE ATTIVITÀ FINALIZZATE AL CONSEGUIMENTO DEL RISPARMIO ENERGETICO MEDIANTE IL RICORSO AL FINANZIAMENTO TRAMITE TERZI (F.T.T.) – ADEGUAMENTO CANONE DI CONCESSIONE - LIQUIDAZIONE A SALDO ANNO 2025 -",112.0,03/03/2026,230170.3,525104.6799999999,7564700BE9,,G.I.P.A. SRL,True,False,
Determinazione_167__5344_VistoContabile,VistoContabile,Contabilità,Liquidazione,,,,10430.94,10430.94,7564700BE9,,G.I.P.A. SRL,True,False,
Determinazione_168__5345_DeterminadiImpegno_Copia_168_2026,Determinazione,Ambiente,,Servizio di supporto specialistico alla predisposizione del Piano Economico Finanziario secondo il metodo tariffario rifiuti MTR-3 per il terzo periodo regolatorio 2026-2029 ed elaborazione delle tariffe tari —,114.0,05/03/2026,10800.0,91152.0,BA9F67DF48,,ADVANCED SYSTEMS SPA,True,False,
Determinazione_168__5345_VistoContabile,VistoContabile,Contabilità,,,,,3294.0,13176.0,BA9F67DF48,,ADVANCED SYSTEMS SPA,True,False,
Determinazione_169__5346_DeterminadiLiquidazione_Copia_169_2026,Determinazione,Cultura e Turismo,Liquidazione,"POC 2014-2020 “Rigenerazione urbana, politiche per il turismo e cultura” “Animus et Ignis… Natura in Festa” Forniture ed installazione delle luminarie periodo natalizio per i Comuni di Quadrelle e Mugnano del Cardinale",115.0,05/03/2026,132000.0,212857.97,Z473DE739C,J89I23001970006,NARGISO FRANCESCO,True,False,
Determinazione_169__5346_VistoContabile,VistoContabile,Contabilità,Liquidazione,,,,14201.97,27865.97,Z473DE739C,J89I23001970006,NARGISO FRANCESCO,True,False,
Determinazione_16__5085_DeterminadiLiquidazione_Copia_16_2026,Determinazione,Contabilità,Liquidazione,Lavori di rimozione erba ed erbacce infestanti lungo le strade e i marciapiedi del territorio comunale e relativa raccolta e smaltimento del rifiuto -,9.0,13/01/2026,6000.0,40909.12,B10E261244,,COOPERATIVA SOCIALE ECOVIGILANTES ONLUS,True,False,
Determinazione_16__5085_VistoContabile,VistoContabile,Contabilità,Liquidazione,,,,6000.0,6000.0,,,COOPERATIVA SOCIALE ECOVIGILANTES ONLUS,True,False,
Determinazione_170__5347_DeterminadiLiquidazione_Copia_170_2026,Determinazione,Contabilità,Liquidazione,Rinnovo servizio di hosting con registrazione e mantenimento del dominio: comune.avella.av.it dal 01.04.2026 al 31.03.2027. –,116.0,06/03/2026,366.0,1830.0,BAAB1D5922,,Livenet Srl,True,False,
Determinazione_170__5347_VistoContabile,VistoContabile,Contabilità,Liquidazione,,,,366.0,366.0,BAAB1D5922,,Livenet Srl,True,False,
Determinazione_171__5348_DeterminadiLiquidazione_Copia_171_2026,Determinazione,Contenzioso,Liquidazione,RICORSO PER DECRETO INGIUNTIVO – TRIBUNALE DI AVELLINO - CONTRO IL COMUNE DI AVELLA.,117.0,06/03/2026,13664.0,2477.13,,,avv fabio FRANCAVILLA,True,False,
Determinazione_171__5348_VistoContabile,VistoContabile,Contabilità,Liquidazione,,,,825.71,825.71,,,avv fabio FRANCAVILLA,True,False,
Determinazione_172025__Vai,Determinazione,Personale,Bando,DETERMINAZIONE N. 17/2025 – R.G. N. 227/2025 AVENTE AD OGGETTO “APPROVAZIONE SCHEMA AVVISO PROCEDURA DI INTERPELLO A SEGUITO DI ACCORDO PER LA GESTIONE ASSOCIATA DELLA FORMAZIONE DI ELENCHI DI IDONEI PER LE ASSUNZIONI DI PERSONALE DI CUI ALL’ARTICOLO 3 BIS DEL D.L. N. 80/2021 – ISTRUTTORE COMUNICAZIONE (AREA DEGLI ISTRUTTORI) EX PROFILO DI ISTRUTTORE COMUNICAZIONE (EX CAT. C1)”. RETTIFICA ED INTEGRAZIONE.,18.0,24/04/2025,,0.0,,,,True,True,
Determinazione_172__5349_DeterminadiImpegno_Copia_172_2026,Determinazione,Ambiente,Nomina,“Realizzazione di nuovo tratto rete fognaria Via dei Mille condotta in attraversamento linea ferroviaria esistente Avella – Sperone”.,91.0,23/02/2026,167904.4,172784.4,,J22E24000190004,DIVERSI,True,False,
Determinazione_172__5349_VistoContabile,VistoContabile,Contabilità,,,,,2440.0,2440.0,,,DIVERSI,True,False,
Determinazione_173__5351_DeterminaGenerica_Copia_173_2026,Determinazione,Ambiente,Bando,Ministro della Transizione Ecologica (MITE) - Piano Nazionale di Ripresa e Resilienza Missione 2 Componente 1 Intervento 1.1: Miglioramento e meccanizzazione della rete di raccolta differenziata dei rifiuti urbani,118.0,09/03/2026,103700.0,358700.0,BA38FA1156,J24H23000140001,,True,False,
Determinazione_174__5357_DeterminadiLiquidazione_Copia_174_2026,Determinazione,Servizi Sociali,Liquidazione,"SERVIZIO DI ASSISTENZA PER IL TRASPORTO DI UTENTI DIVERSAMENTE ABILI DELLA SCUOLA DELL’INFANZIA E PRIMARIA DI PRIMO GRADO AI SENSI DELL'ART. 50, COMMA 1, LETT. B) E DELLART. 128 D. LGS. 36/2023 PER",24.0,09/03/2026,9860.7,9864.7,B8CCFED224,,ACIERNO vincenzo di ACIERNO LUIGI,True,False,
Determinazione_174__5357_VistoContabile,VistoContabile,Contabilità,Liquidazione,,,,9860.7,9860.7,B8CCFED224,,ACIERNO vincenzo di ACIERNO LUIGI,True,False,Partita IVA 01857520000 formalmente errata (Checksum fallito)
Determinazione_17661927__4991_DeterminadiImpegnoeLiquidazione_Cop2025,Determinazione,Regolamenti,Liquidazione,"incarico al raggruppamento temporaneo, per la prestazione di servizi per il censimento delle terre civiche e dei livelli, costituzione dello stato generale delle ditte enfiteutiche e degli arbitrari occupatori, aggiornamento e gestione del ruolo di riscossione, affrancazione dei livelli, predisposizione dei contratti di concessione ad utenza temporanea dei terreni demaniali in libero possesso del Comune, redazione regolamento usi civici (Legge Fondamentale n. 1766/1927, R.D.L. 332/1928, L.R. 11/1981 in materia di Beni Demaniali e d’Uso Civico).",434.0,27/11/2025,3202.5,13887.5,,,LABRIOLA MICHELE,True,False,
Determinazione_17661927__4991_VistoContabile,VistoContabile,Contabilità,Liquidazione,,,,3202.5,5827.5,,,LABRIOLA MICHELE,True,False,
Determinazione_177__5366_DeterminadiLiquidazione_Copia_177_2026,Determinazione,Contabilità,Liquidazione,Liquidazione di spesa per rinnovo polizze assicurative scadenza annuale per automezzi comunali.,121.0,09/03/2026,860.0,3440.0,ZBD31E57BA,,MARF BROKER SNC DI MARCO MATTA E FRANCESCO SQUILLANTE,True,False,
Determinazione_177__5366_VistoContabile,VistoContabile,Contabilità,Liquidazione,,,,860.0,860.0,,,MARF BROKER SNC DI MARCO MATTA E FRANCESCO SQUILLANTE,True,False,
Determinazione_179__5367_DeterminadiLiquidazione_Copia_179_2026,Determinazione,Cultura e Turismo,Liquidazione,"POC 2014-2020 “Rigenerazione urbana, politiche per il turismo e cultura” “Animus et Ignis… Natura in Festa” Servizi di organizzazione e gestione di eventi “le majorette” nel Comune di Sperone -",122.0,09/03/2026,132000.0,187352.03,B05D9E2931,J89I23001970006,PLAY ANIMATION S.N.C. DI ANTONIO SODANO E LORENZO MEO,True,False,
Determinazione_179__5367_VistoContabile,VistoContabile,Contabilità,Liquidazione,,,,29834.43,31762.03,B05D9E2931,J89I23001970006,PLAY ANIMATION S.N.C. DI ANTONIO SODANO E LORENZO MEO,True,False,
Determinazione_17__5088_DeterminadiLiquidazione_Copia_17_2026,Determinazione,Contabilità,Liquidazione,SERVIZIO DI INTERPRETARIATO E TRADUZIONE LINGUA DEI SEGNI ITALIANA IN FAVORE DI ALUNNA A.S. 2025/2026. LIQUIDAZIONE DICEMBRE 2026.,4.0,13/01/2026,1349.98,4657.54,B8A065D86E,,IORO EMANUELA,True,False,
Determinazione_17__5088_VistoContabile,VistoContabile,Contabilità,Liquidazione,,,,1349.98,1349.98,B8A065D86E,,IORO EMANUELA,True,False,
Determinazione_17__5467_DeterminaGenerica_Copia_237_2026,Determinazione,Servizi Demografici,Liquidazione,Rettifica,39.0,07/04/2026,,0.0,,,,True,True,
Determinazione_182__5368_DeterminaaContrarre_Copia_182_2026,Determinazione,Personale,Concorso,"FORNITURA UOVA DI PASQUA PER GLI ALUNNI DELLE SCUOLE DELL' INFANZIA, PRIMARIA E SECONDARIA DI PRIMO GRADO PRESENTI SUL TERRITORIO COMUNALE",26.0,10/03/2026,2103.75,13223.75,BAC369EF0E,,DG,True,False,
Determinazione_182__5368_VistoContabile,VistoContabile,Contabilità,,,,,1103.75,2103.75,BAC369EF0E,,DG,True,False,
Determinazione_183__5371_DeterminadiImpegno_Copia_183_2026,Determinazione,Regolamenti,,SERVIZIO DI CONNETTIVITÀ -INTERNET E TELEFONIA FISSA - PER 24 MESI PER LE SCUOLE IN VIA DE SANCTIS E TEATRO BIANCARDI.,123.0,10/03/2026,5907.24,27681.12,BAC86654A9,,Telecom Italia S.p.A.,True,False,
Determinazione_183__5371_VistoContabile,VistoContabile,Contabilità,,,,,5907.24,5907.24,BAC86654A9,,Telecom Italia S.p.A.,True,False,
Determinazione_18472014__5136_DeterminadiLiquidazione_Copia_48_2026,Determinazione,Affari Generali,Liquidazione,SENTENZA N. 1847/2014 RESA DAL GIUDICE DI PACE DI AVELLINO TRA LA SIG.RA V.V. CONTRO IL COMUNE DI AVELLA. PROVVEDIMENTI.,36.0,23/01/2026,2759.79,125944.01,,,STINGONE MAURO GIANLUCA,True,False,
Determinazione_18472014__5136_VistoContabile,VistoContabile,Contabilità,Liquidazione,,,,2759.79,124740.05,,,STINGONE MAURO GIANLUCA,True,False,
Determinazione_187__5378_DeterminadiImpegno_Copia_187_2026,Determinazione,Ambiente,Bando,Ministro della Transizione Ecologica (MITE) - Piano Nazionale di Ripresa e Resilienza Missione 2 Componente 1 Intervento 1.1: Miglioramento e meccanizzazione della rete di raccolta differenziata dei rifiuti urbani,125.0,12/03/2026,497980.0,2162076.12,BABEFFD627,J24H23000140001,ORAM S.R.L.,True,False,
Determinazione_187__5378_VistoContabile,VistoContabile,Contabilità,,,,,103585.93,103585.93,BABEFFD627,J24H23000140001,ORAM S.R.L.,True,False,
Determinazione_188__5376_DeterminaaContrarre_Copia_188_2026,Determinazione,Personale,Bando,"AFFIDAMENTO DEL SERVIZIO DI AFFIANCAMENTO NELL’ADOZIONE DELLA NUOVA CONTABILITA’ ACCRUAL, ADEMPIMENTI NORMATIVI, ADEGUAMENTI TECNOLOGICI, SUPPORTO ORGANIZZATIVO E METODOLOGICO, FORMAZIONE MEDIANTE AVVIO DI PROCEDURA SUL MERCATO ELETTRONICO DELLA PUBBLICA AMMINISTRAZIONE (MEPA) CODICE PROCEDURA 151918 CODICE MEPA CG215_SERV_ACCRUAL –",17.0,13/03/2026,11000.0,23180.0,,,DEDA NEXT Srl,True,False,
Determinazione_188__5376_VistoContabile,VistoContabile,Contabilità,,,,,11000.0,23180.0,,,DEDA NEXT Srl,True,False,
Determinazione_189__5377_DeterminadiImpegno_Copia_189_2026,Determinazione,Ambiente,Bando,Ministro della Transizione Ecologica (MITE) - Piano Nazionale di Ripresa e Resilienza Missione 2 Componente 1 Intervento 1.1: Miglioramento e meccanizzazione della rete di raccolta differenziata dei rifiuti urbani,126.0,12/03/2026,497980.0,2275022.8,BA390A363D,J24H23000140001,NORAP S.R.L.,True,False,
Determinazione_189__5377_VistoContabile,VistoContabile,Contabilità,,,,,120572.6,120572.6,BA390A363D,J24H23000140001,NORAP S.R.L.,True,False,
Determinazione_18__5089_DeterminadiLiquidazione_Copia_18_2026,Determinazione,Contabilità,Liquidazione,SERVIZIO DI RISTORAZIONE SCOLASTICA NEL COMUNE DI AVELLA - CIG 98295587DD. LIQUIDAZIONE MESE DI DICEMBRE 2025.,5.0,13/01/2026,189000.0,45520.8,98295587DD,,RISTONET SRL,True,False,
Determinazione_18__5089_VistoContabile,VistoContabile,Contabilità,Liquidazione,,,,5105.1,10210.2,98295587DD,,RISTONET SRL,True,False,
Determinazione_18__5648_DeterminadiLiquidazione_Copia_358_2026,Determinazione,Contabilità,Liquidazione,Liquidazione fattura n. 18 del 09/05/2026 relativa al servizio di organizzazione e svolgimento di laboratori didattici per scolaresche nei giorni 6 e 7 maggio 2026 –,28.0,14/05/2026,770.0,3080.0,BB7DC0322B,,COMPAGNIA CITREA EVENTI,True,False,
Determinazione_18__5648_VistoContabile,VistoContabile,Contabilità,Liquidazione,,,,770.0,770.0,BB7DC0322B,,COMPAGNIA CITREA EVENTI,True,False,
Determinazione_190__5383_DeterminadiLiquidazione_Copia_190_2026,Determinazione,Regolamenti,Liquidazione,Servizi professionali per le attività di supporto e risoluzione fiscale e tributario ed asseverazioni delle dichiarazioni fiscali -,127.0,13/03/2026,7280.0,43124.0,B6C0FD6D0E,,NAPOLITANO FRANCESCO,True,False,
Determinazione_190__5383_VistoContabile,VistoContabile,Contabilità,Liquidazione,,,,7280.0,7280.0,B6C0FD6D0E,,NAPOLITANO FRANCESCO,True,False,
Determinazione_19172025__5364_DeterminadiLiquidazione_Copia_175_2026,Determinazione,Contabilità,Liquidazione,"LIQUIDAZIONE SALDO SPETTANZE PROFESSIONALE AVV. ORSOLA MONTANILE COME DA SENTENZA DEL GIUDIZIO RECANTE R.G. 856/2024, REPERTORIO N. 1917/2025. PROVVEDIMENTI.",119.0,09/03/2026,10361.43,14344.63,,,MONTANILE ORSOLA,True,False,
Determinazione_19172025__5364_VistoContabile,VistoContabile,Contabilità,Liquidazione,,,,10361.43,14344.63,,,MONTANILE ORSOLA,True,False,
Determinazione_19172025__5365_DeterminadiLiquidazione_Copia_176_2026,Determinazione,Contabilità,Liquidazione,"LIQUIDAZIONE SPESE CTU IN FAVORE DELLE SIGG.RE R.D. e M.M.A. e M.F COME DA SENTENZA DEL GIUDIZIO RECANTE R.G. 856/2024, REPERTORIO N. 1917/2025. PROVVEDIMENTI.",120.0,09/03/2026,10361.43,23117.89,,,DIVERSI,True,False,
Determinazione_19172025__5365_VistoContabile,VistoContabile,Contabilità,Liquidazione,,,,10361.43,16739.66,,,DIVERSI,True,False,
Determinazione_191__5384_DeterminadiLiquidazione_Copia_191_2026,Determinazione,Regolamenti,Liquidazione,"Determina di Liquidazione del servizio di smaltimento della frazione merceologica di rifiuti differenziati raccolti nel territorio del comune – codice CER 20.01.08, periodo 06.02.2026 al 17.02.2026.",129.0,16/03/2026,4657.66,23288.3,BA980C4973,,INTERECO s.r.l.,True,False,
Determinazione_191__5384_VistoContabile,VistoContabile,Contabilità,Liquidazione,,,,4657.66,4657.66,BA980C4973,,INTERECO s.r.l.,True,False,
Determinazione_192__5385_DeterminadiLiquidazione_Copia_192_2026,Determinazione,Regolamenti,Liquidazione,"Determina di Liquidazione del servizio di smaltimento della frazione merceologica di rifiuti differenziati raccolti nel territorio del comune – codice CER 20.01.08, periodo 19.02.2026 al 24.02.2026.",130.0,16/03/2026,4350.72,21753.6,BAC013D25B,,INTERECO s.r.l.,True,False,
Determinazione_192__5385_VistoContabile,VistoContabile,Contabilità,Liquidazione,,,,4350.72,4350.72,BAC013D25B,,INTERECO s.r.l.,True,False,
Determinazione_193__5387_DeterminaGenerica_Copia_193_2026,Determinazione,Personale,Bando,SELEZIONE INTERNA RISERVATA AL PERSONALE DI RUOLO IN SERVIZIO AL 30.11.2025 FINALIZZATA ALLA PROGRESSIONE ECONOMICA ALL’INTERNO DELLA CATEGORIA PROFESSIONALE DI INQUADRAMENTO. APPROVAZIONE ATTI E GRADUATORIA. PROVVEDIMENTI.,15.0,13/03/2026,,0.0,,,,True,True,
Determinazione_193__5387_GRADUATORIA_PEO_2025_-_all-1,Determinazione,Contabilità,,,,,,0.0,,,,True,True,
Determinazione_193__5387_VistoContabile,VistoContabile,Contabilità,,,,,,0.0,,,,True,False,
Determinazione_194__5392_DeterminadiLiquidazione_Copia_194_2026,Determinazione,Contabilità,Liquidazione,"Servizio di fornitura carburante da autotrazione (gasolio, benzina, GPL e Metano) -",128.0,16/03/2026,4643.91,23219.55,BAD5033D7B,,FUEL,True,False,
Determinazione_194__5392_VistoContabile,VistoContabile,Contabilità,Liquidazione,,,,3534.3,4643.91,BAD5033D7B,,FUEL,True,False,
Determinazione_196__5389_DeterminadiImpegno_Copia_196_2026,Determinazione,Regolamenti,Liquidazione,"Servizio di manutenzione, restyling e aggiornamento funzionale del sito web “AvellArte” -",131.0,17/03/2026,8784.0,77472.0,B9A0ED7776,,Computer Lab Di Giovanni Notaro,True,False,
Determinazione_196__5389_VistoContabile,VistoContabile,Contabilità,,,,,8784.0,8784.0,B9A0ED7776,,Computer Lab Di Giovanni Notaro,True,False,
Determinazione_197__5391_DeterminadiImpegno_Copia_197_2026,Determinazione,Contabilità,Liquidazione,AFFIDAMENTI LAVORI DI MANUTENZIONE ORDINARIA DACIA SANDERO P.M. YA062AE,2.0,17/03/2026,230.78,923.12,BAE0730F32,,TECNO AUTO SRL,True,False,
Determinazione_197__5391_VistoContabile,VistoContabile,Contabilità,,,,,230.78,230.78,BAE0730F32,,TECNO AUTO SRL,True,False,
Determinazione_19__5086_DeterminadiLiquidazione_Copia_19_2026,Determinazione,Contabilità,Liquidazione,Compensi servizio di Tesoreria anno 2025.,1.0,14/01/2026,11850.0,23700.0,9372131F27,,BANCA DI CREDITO POPOLARE SOCIETA COOPER,True,False,
Determinazione_19__5086_VistoContabile,VistoContabile,Contabilità,Liquidazione,,,,11850.0,11850.0,,,BANCA DI CREDITO POPOLARE SOCIETA COOPER,True,False,
Determinazione_1__4964_DeterminadiLiquidazione_Copia_705_2025,Determinazione,Contabilità,Liquidazione,Determina a contrarre per l’acquisto di n. 1 (una) stampante a supporto della postazione “Servizi scolastici” e del toner per stampante Ricoh in dotazione all’Ufficio di Stato Civile. LIQUIDAZIONE FATTURA N3 17/PA/2025.,97.0,04/12/2025,314.39,1571.9499999999998,B9405228AA,,ASWI INFORMATICA di Liguori Vincenzo,True,False,
Determinazione_1__4964_VistoContabile,VistoContabile,Contabilità,Liquidazione,,,,314.39,314.39,B9405228AA,,ASWI INFORMATICA di Liguori Vincenzo,True,False,
Determinazione_1__4999_DeterminadiLiquidazione_Copia_733_2025,Determinazione,Ambiente,Liquidazione,Ministro della Transizione Ecologica (MITE) - Piano Nazionale di Ripresa e Resilienza Missione 2 Componente 1 Intervento 1.1: Miglioramento e meccanizzazione della rete di raccolta differenziata dei rifiuti urbani,465.0,17/12/2025,497980.0,1713335.37,B732483B1B,J24H23000140001,LIEMME COSTRUZIONI DI CANONICO ANDREANA,True,False,
Determinazione_1__4999_VistoContabile,VistoContabile,Contabilità,Liquidazione,,,,159093.0,159093.0,B732483B1B,J24H23000140001,LIEMME COSTRUZIONI DI CANONICO ANDREANA,True,False,
Determinazione_200__5405_DeterminadiLiquidazione_Copia_200_2026,Determinazione,Contabilità,Liquidazione,SERVIZIO DI INTERPRETARIATO E TRADUZIONE LINGUA DEI SEGNI ITALIANA IN FAVORE DI ALUNNA A.S. 2025/2026. LIQUIDAZIONE FEBBRAIO 2026.,30.0,17/03/2026,5624.93,11700.05,B8A065D86E,,IORO EMANUELA,True,False,
Determinazione_200__5405_VistoContabile,VistoContabile,Contabilità,Liquidazione,,,,5624.93,5624.93,B8A065D86E,,IORO EMANUELA,True,False,
Determinazione_201__5406_DeterminadiLiquidazione_Copia_201_2026,Determinazione,Contabilità,Liquidazione,SERVIZIO DI ASSISTENZA SPECIALISTICA PER L'AUTONOMIA E/O LA COMUNICAZIONE IN FAVORE DEGLI STUDENTI CON DISABILITA. INFANZIA PRIMARIA SECONDARIA I GRADO ART. 139 D.LGS 112/1998. A.S. 2024/2025 LIQUIDAZIONE FATTURA MESE DI FEBBRAIO 2026,31.0,17/03/2026,5624.93,10051.23,B9B46B2165,,IORO EMANUELA,True,False,
Determinazione_201__5406_VistoContabile,VistoContabile,Contabilità,Liquidazione,,,,5624.93,5624.93,B8A065D86E,,IORO EMANUELA,True,False,
Determinazione_202__5407_DeterminadiLiquidazione_Copia_202_2026,Determinazione,Contabilità,Liquidazione,SERVIZIO DI RISTORAZIONE SCOLASTICA NEL COMUNE DI AVELLA – CIG B9B46F58AD. LIQUIDAZIONE MESI DI FEBBRAIO 2026.,32.0,17/03/2026,37629.2,91016.15,B9B46F58AD,,Caribu Catering S.R.L.,True,False,
Determinazione_202__5407_VistoContabile,VistoContabile,Contabilità,Liquidazione,,,,37629.2,37629.2,,,Caribu Catering S.R.L.,True,False,
Determinazione_203__5396_DeterminadiLiquidazione_Copia_203_2026,Determinazione,Contabilità,Liquidazione,Liquidazione alla Cooperativa Ecovigilantes per il servizio di gestione integrata dei rifiuti solidi urbani a ridotto impatto ambientale mesi di: FEBBRAIO 2026.,135.0,17/03/2026,2260829.45,1649753.91,7584472849,,COOPERATIVA SOCIALE ECOVIGILANTES ONLUS,True,False,
Determinazione_203__5396_VistoContabile,VistoContabile,Contabilità,Liquidazione,,,,41244.97,41244.97,,,COOPERATIVA SOCIALE ECOVIGILANTES ONLUS,True,False,
Determinazione_204__5397_DeterminadiLiquidazione_Copia_204_2026,Determinazione,Contabilità,Liquidazione,Liquidazione alla Cooperativa Ecovigilantes per il servizio di spazzamento strade comunali mesi di: FEBBRAIO 2026,136.0,17/03/2026,15860.0,47580.0,,,COOPERATIVA SOCIALE ECOVIGILANTES ONLUS,True,False,
Determinazione_204__5397_VistoContabile,VistoContabile,Contabilità,Liquidazione,,,,15860.0,15860.0,,,COOPERATIVA SOCIALE ECOVIGILANTES ONLUS,True,False,
Determinazione_205__5400_DeterminadiLiquidazione_Copia_205_2026,Determinazione,Contabilità,Liquidazione,FORNITURA APPLICATIVO WEB DA TE X FONDO- CANONE DI ABBONAMENTO 2026- LIQUIDAZIONE,18.0,18/03/2026,2800.0,5282.650000000001,B88A580748,,DASEIN S.R.L.,True,False,
Determinazione_205__5400_VistoContabile,VistoContabile,Contabilità,Liquidazione,,,,1138.66,1138.66,B88A580748,,DASEIN S.R.L.,True,False,
Determinazione_208__5408_DeterminadiImpegno_Copia_208_2026,Determinazione,Contabilità,Nomina,ORGANIZZAZIONE TECNICA PER LO SVOLGIMENTO DEL REFERENDUM COSTITUZIONALE DEL 22 E 23 MARZO 2026. INTEGRAZIONE IMPEGNO DI SPESA.,33.0,18/03/2026,119.6,358.79999999999995,,,DIVERSI,True,False,
Determinazione_208__5408_VistoContabile,VistoContabile,Contabilità,,,,,119.6,119.6,,,DIVERSI,True,False,
Determinazione_20__5093_DeterminadiLiquidazione_Copia_20_2026,Determinazione,Contabilità,Liquidazione,INTERVENTI DI NUOVA PAVIMENTAZIONE DELLE STRADE COMUNALI. CUP J27H24002020004 – Liquidazione Direzione Lavori,11.0,15/01/2026,157868.1,177441.86000000002,B79ABC98CC,J27H24002020004,PESCIONE PASQUALE,True,False,
Determinazione_20__5093_VistoContabile,VistoContabile,Contabilità,Liquidazione,,,,5709.6,5709.6,,J27H24002020004,PESCIONE PASQUALE,True,False,
Determinazione_210__5410_DeterminadiLiquidazione_Copia_210_2026,Determinazione,Contabilità,Liquidazione,"Liquidazione di spesa per smaltimento materiale ingombrante – NOVEMBRE-DICEMBRE 2025, e GENNAIO-FEBBRAIO 2026.",139.0,19/03/2026,82593.72,253165.77,B00561B01C,,DIVERSI BENEFICIARI,True,False,
Determinazione_210__5410_VistoContabile,VistoContabile,Contabilità,Liquidazione,,,,82593.72,82593.72,,,DIVERSI BENEFICIARI,True,False,
Determinazione_2112026__5414_DeterminaGenerica_Copia_213_2026,Determinazione,Regolamenti,Liquidazione,RETTIFICA DELLA,142.0,24/03/2026,8784.0,36112.0,B9A0ED7776,,,True,False,
Determinazione_211__5411_DeterminadiLiquidazione_Copia_211_2026,Determinazione,Contabilità,Liquidazione,"Servizio di manutenzione, restyling e aggiornamento funzionale del sito web “AvellArte” -",140.0,19/03/2026,63498.32,118154.32,B9A0ED7776,,Computer Lab Di Giovanni Notaro,True,False,
Determinazione_211__5411_VistoContabile,VistoContabile,Contabilità,Liquidazione,,,,63498.32,72282.32,B9A0ED7776,,Computer Lab Di Giovanni Notaro,True,False,
Determinazione_212__Vai,Determinazione,Servizi Demografici,,"ELEZIONE DEL PRESIDENTE DELLA GIUNTA REGIONALE E DEL CONSIGLIO REGIONALE DELLA CAMPANIA - DOMENICA 23 e LUNEDI’ 24 NOVEMBRE 2025 – PROPAGANDA ELETTORALE . Proposta Determinazione degli spazi. (Art. 2, legge 4 aprile 1956, n. 212, e successive modificazioni). Nominativo Ruolo Presente Assente Da remoto BIANCARDI VINCENZO SINDACO Presente ALAIA ANNA VICESINDACO Presente BIANCARDI LUIGI ASSESSORE Presente BIANCARDI GIOVANNI ASSESSORE Presente CERBONE SANTINA ASSESSORE Presente Tot. 5 Tot. 0 COPIA Piazza Municipio n. 1, C.A.P: 83021 - Avella (AV); P. IVA 00248800641; Tel/Fax 081.8259343; PEC: comune.avella@cert.irpinianet.eu; http://www.comune.avella.av.it. PROPOSTA DI DELIBERAZIONE DELLA GIUNTA COMUNALE OGGETTO: ELEZIONE DEL PRESIDENTE DELLA GIUNTA REGIONALE E DEL CONSIGLIO REGIONALE DELLA CAMPANIA - DOMENICA 23 e LUNEDI’ 24 NOVEMBRE 2025 – PROPAGANDA ELETTORALE . Proposta Determinazione degli spazi. (Art. 2, legge 4 aprile 1956, n. 212, e successive modificazioni).",248.0,24/09/2025,,0.0,,,,True,True,
Determinazione_214__5426_DeterminadiLiquidazione_Copia_214_2026,Determinazione,Contabilità,Liquidazione,: ORGANIZZAZIONE TECNICA PER LO SVOLGIMENTO DELLE ELEZIONI REFERENARIE DEL 22 E 23 MARZO 2026. LIQUIDAZIONE ONORARI AI COMPONENTI DEI SEGGI ELETTORALI.,34.0,24/03/2026,4514.9,9029.8,,,DIVERSI,True,False,
Determinazione_214__5426_VistoContabile,VistoContabile,Contabilità,Liquidazione,,,,4395.3,4514.900000000001,,,DIVERSI,True,False,
Determinazione_215__5427_DeterminadiLiquidazione_Copia_215_2026,Determinazione,Regolamenti,Approvazione Progetto,FSC 2014-2020 –DPCM 17 luglio 2020-contributi da destinare in investimenti in infrastrutture sociali- approvazione progetto realizzazione bocciodromo sito nel piano di zona C1.1 –Realizzazione fondazioni ed installazione struttura in legno lamellare.,143.0,24/03/2026,86445.0,430182.14,889589117D,J21B21002080001,GIUSEPPE COSTRUZIONI SRL,True,False,
Determinazione_215__5427_VistoContabile,VistoContabile,Contabilità,Liquidazione,,,,20400.28,110976.98,889589117D,J21B21002080001,GIUSEPPE COSTRUZIONI SRL,True,False,
Determinazione_216__5428_DeterminadiLiquidazione_Copia_216_2026,Determinazione,Contabilità,Liquidazione,Fornitura armi per il potenziamento del Corpo di Polizia Locale e contestuale dismissione di armi obsolete.,144.0,24/03/2026,2552.0,20827.44,B9045123E6,,Armeria Piccolo,True,False,
Determinazione_216__5428_VistoContabile,VistoContabile,Contabilità,Liquidazione,,,,2500.0,2963.44,B9045123E6,,Armeria Piccolo,True,False,
Determinazione_217__5433_DeterminadiImpegno_Copia_217_2026,Determinazione,Regolamenti,Bando,"Piano Nazionale di Ripresa e Resilienza (PNRR) Missione 1 Componente 1 Sub Investimento 2.3.2 Sviluppo delle capacita nella pianificazione, organizzazione e formazione strategica della forza lavoro Progetto Risorse in Comune -",146.0,27/03/2026,140000.0,346103.05,BAFA1CC7AC,J54J25000990006,SO.ME. s.r.l.,True,False,Partita IVA 01967760641 formalmente errata (Checksum fallito)
Determinazione_217__5433_VistoContabile,VistoContabile,Contabilità,,,,,19971.57,19971.57,BAFA1CC7AC,J54J25000990006,SO.ME. s.r.l.,True,False,Partita IVA 01967760641 formalmente errata (Checksum fallito)
Determinazione_218__5434_DeterminadiImpegno_Copia_218_2026,Determinazione,Regolamenti,Bando,"Piano Nazionale di Ripresa e Resilienza (PNRR) Missione 1 Componente 1 Sub Investimento 2.3.2 Sviluppo delle capacita nella pianificazione, organizzazione e formazione strategica della forza lavoro Progetto Risorse in Comune -",147.0,27/03/2026,140000.0,375036.14,BAF895FF86,J54J25000990006,Telecom Italia S.p.A.,True,False,
Determinazione_218__5434_VistoContabile,VistoContabile,Contabilità,,,,,24949.0,24949.0,BAF895FF86,J54J25000990006,Telecom Italia S.p.A.,True,False,
Determinazione_21942021__5709_DeterminaGenerica_Copia_385_2026,Determinazione,Servizi Sociali,Liquidazione,COMPENSI PROFESSIONALI PER ASSISTENZA LEGALE E REDAZIONE DELL’ACCORDO TRANSATTIVO PER LA CONTROVERSIA “SIG.RA L.M. CONTRO IL COMUNE DI AVELLA” PENDENTE INNANZI IL GIUDICE DI PACE DI AVELLINO R.G. N. 2194/2021.,223.0,28/05/2026,1800.0,5700.0,,,,True,False,
Determinazione_21942021__5709_VistoContabile,VistoContabile,Contabilità,,,,,,0.0,,,,True,False,
Determinazione_219__5437_DeterminadiImpegno_Copia_219_2026,Determinazione,Personale,Concorso,Determinazione a contrarre per l’affidamento del servizio di progettazione grafica finalizzato alla realizzazione di contenuti digitali per la pagina social istituzionale “VisitAvella”,11.0,27/03/2026,600.0,3000.0,BB076C9B1F,,TEDESCO ROSA,True,False,
Determinazione_219__5437_VistoContabile,VistoContabile,Contabilità,,,,,600.0,600.0,BB076C9B1F,,TEDESCO ROSA,True,False,
Determinazione_21__5094_DeterminadiLiquidazione_Copia_21_2026,Determinazione,Contabilità,Liquidazione,ATTO DI TRANSAZIONE EX ART. 208 D. LGS. 50/2016 ED ART. 1965 COD. CIV. TRA IL COMUNE DI AVELLA E LA SOCIETA’ ECOSISTEM S.R.L. – ASSUNZIONE IMPEGNO SPESA E LIQUIDAZIONE III^ RATA -,16.0,16/01/2026,140404.8,719732.57,,,ECOSISTEM S.R.L.,True,False,
Determinazione_21__5094_VistoContabile,VistoContabile,Contabilità,Liquidazione,,,,35502.72,35502.72,,,ECOSISTEM S.R.L.,True,False,
Determinazione_220__5438_DeterminaGenerica_Copia_220_2026,Determinazione,Cultura e Turismo,Liquidazione,Integrazione fornitura attrezzature informatiche per il Servizio Turismo e Promozione del Territorio – CIG BA3583CACB.,12.0,30/03/2026,650.0,2090.0,BA3583CACB,,,True,False,
Determinazione_220__5438_VistoContabile,VistoContabile,Contabilità,,,,,,0.0,,,,True,False,
Determinazione_222__5465_DeterminadiLiquidazione_Copia_222_2026,Determinazione,Contabilità,Liquidazione,FORNITURA GRATUITA DEI LIBRI DI TESTO AGLI ALUNNI DELLE SCUOLE PRIMARIE DEL COMUNE DI AVELLA MEDIANTE SISTEMA DELLE CEDOLE LIBRARIE A.S. 2025/2026. RIMBORSO COMUNE DI CASAPULLA (CE).,35.0,26/03/2026,11674.4,11743.94,,,COMUNE DI CASAPULLA,True,False,
Determinazione_222__5465_VistoContabile,VistoContabile,Contabilità,Liquidazione,,,,11674.4,11674.4,,,COMUNE DI CASAPULLA,True,False,
Determinazione_223__5464_DeterminadiLiquidazione_Copia_223_2026,Determinazione,Contabilità,Liquidazione,REFERENDUM COSTITUZIONALE DEL 22 E 23 MARZO 2026- ORGANIZZAZIONE TECNICA E AFFIDAMENTO DIRETTO PER LA FORNITURA STAMPATI NON FORNITI DIRETTAMENTE DALLO STATO/REGIONE CAMPANIA. LIQUIDAZIONE FATTURA,36.0,26/03/2026,500.0,2000.0,BAADBC6597,,EUROPRINT,True,False,
Determinazione_223__5464_VistoContabile,VistoContabile,Contabilità,Liquidazione,,,,500.0,500.0,,,EUROPRINT,True,False,
Determinazione_224__5463_DeterminadiLiquidazione_Copia_224_2026,Determinazione,Contabilità,Liquidazione,CONSULATAZIONI REFERENDARIE NEI GIORNI 22 E 23 MARZ 2026. ORGANIZZAZIONE TECNICA E AFFIDAMENTO DIRETTO PER LA FORNITURA DEL MATERIALE DI ARREDAMENTO DELLE SEZIONI ELETORALI. LIQUIDAZIONE FATTURA.,37.0,27/03/2026,300.0,849.0,BAADC5291E,,EUROPRINT,True,False,
Determinazione_224__5463_VistoContabile,VistoContabile,Contabilità,Liquidazione,,,,300.0,300.0,,,EUROPRINT,True,False,
Determinazione_225__5447_DeterminadiLiquidazione_Copia_225_2026,Determinazione,Contabilità,Liquidazione,ELEZIONI REFERENDARIE DEL 22 E 23 MARZO 2026. AUTORIZZAZIONE ALLO SVOLGIMENTO DI LAVORO STRAORDINARIO AL PERSONALE DIPENDENTE. LIQUIDAZIONE,17.0,31/03/2026,12500.0,24997.75,,,DIVERSI,True,False,
Determinazione_225__5447_VistoContabile,VistoContabile,Contabilità,,,,,12500.0,12500.0,,,DIVERSI,True,False,
Determinazione_226__5446_DeterminadiLiquidazione_Copia_221_2026,Determinazione,Contabilità,Liquidazione,"Liquidazione fattura n. 2/26 - “Incarico di collaborazione professionale Esperto in materia di finanziamenti europei, nazionali e regionali – contratti di appalto e di concessione aventi ad oggetto l’acquisizione di servizi, forniture, lavori e opere previsti dal P.N.R.R. e dal P.N.C., con profilo Middle”. 3^ Annualità.",145.0,26/03/2026,115098.69,278270.69,,E99J21007460005,TAFURO FELICE,True,False,
Determinazione_226__5446_VistoContabile,VistoContabile,Contabilità,Liquidazione,,,,31932.0,60584.0,,E99J21007460005,TAFURO FELICE,True,False,
Determinazione_226__5449_DeterminadiImpegno_Copia_226_2026,Determinazione,Regolamenti,Liquidazione,Impegno spesa a favore di Anci Digitale SPA per l’accesso alla banca dati P.R.A. anno 2026,4.0,31/03/2026,2155.47,10388.625,BB13649304,,Anci Digitale S.p.A.,True,False,
Determinazione_226__5449_VistoContabile,VistoContabile,Contabilità,,,,,2155.47,2155.47,BB13649304,,Anci Digitale S.p.A.,True,False,
Determinazione_2272026__5495_DeterminadiImpegno_Copia_254_2026,Determinazione,Contabilità,,Integrazione della determinazione a contrarre – Reg. Gen. n. 227/2026 – per l’affidamento del servizio di guida turistica in occasione delle festività del 25 aprile e 1° maggio. Integrazione impegno di spesa e affidamento.,15.0,16/04/2026,600.0,1200.0,BB1DBE2AD1,,DI BLASI VINCENZO,True,False,
Determinazione_2272026__5495_VistoContabile,VistoContabile,Contabilità,,,,,600.0,600.0,BB1DBE2AD1,,DI BLASI VINCENZO,True,False,
Determinazione_227__5452_DeterminadiImpegno_Copia_227_2026,Determinazione,Contabilità,Liquidazione,Determinazione a contrarre e contestuale affidamento del servizio di visite guidate presso i siti archeologici del Comune di Avella in occasione delle festività di Pasqua e Pasquetta a guida turistica abilitata. BB1DBE2AD1,13.0,02/04/2026,300.0,910.0,BB1DBE2AD1,,DI BLASI VINCENZO,True,False,
Determinazione_227__5452_VistoContabile,VistoContabile,Contabilità,,,,,300.0,300.0,BB1DBE2AD1,,DI BLASI VINCENZO,True,False,
Determinazione_228__5451_DeterminadiLiquidazione_Copia_228_2026,Determinazione,Contabilità,Liquidazione,Liquidazione arretrati contrattuali al Segretario Generale in virtù del vigente C.C.N.L. Funzioni Locali – Periodo dal Gennaio 2024 a Dicembre 2025.,18.0,02/04/2026,5741.44,11059.36,,,COMUNE DI SOLOFRA,True,False,
Determinazione_228__5451_VistoContabile,VistoContabile,Contabilità,Liquidazione,,,,5741.44,11059.36,,,COMUNE DI SOLOFRA,True,False,
Determinazione_229__5043_DeterminadiImpegno_Copia_761_2025,Determinazione,Cultura e Turismo,Bando,"FSC 2021/2027. DGR n. 229 del 29/04/2025. Programma di percorsi turistici di tipo culturale, naturalistico ed enogastronomico per la promozione turistica della Campania. “Animus et Ignis… Natura in Festa - II Edizione” - Servizio di organizzazione e gestione integrata degli eventi artistici",486.0,29/12/2025,132000.0,233454.54,B9D0867D89,J39I25000810006,CMN PRODUZIONI S.R.L.,True,False,
Determinazione_229__5043_VistoContabile,VistoContabile,Contabilità,,,229.0,29/04/2025,12000.0,12000.0,B9D0867D89,J39I25000810006,CMN PRODUZIONI S.R.L.,True,False,
Determinazione_229__5044_DeterminadiImpegno_Copia_762_2025,Determinazione,Cultura e Turismo,,"FSC 2021/2027. DGR n. 229 del 29/04/2025. Programma di percorsi turistici di tipo culturale, naturalistico ed enogastronomico per la promozione turistica della Campania. “Animus et Ignis… Natura in Festa - II Edizione” - Servizio di segreteria amministrativa e di supporto specialistico per l’attuazione e la rendicontazione del progetto",488.0,29/12/2025,132000.0,183930.0,B9CAD7B595,J39I25000810006,NAPOLITANO SALVATORE,True,False,
Determinazione_229__5044_VistoContabile,VistoContabile,Contabilità,,,,,4990.0,4990.0,B9CAD7B595,J39I25000810006,NAPOLITANO SALVATORE,True,False,
Determinazione_229__5045_DeterminadiImpegno_Copia_763_2025,Determinazione,Cultura e Turismo,Bando,"FSC 2021/2027. DGR n. 229 del 29/04/2025. Programma di percorsi turistici di tipo culturale, naturalistico ed enogastronomico per la promozione turistica della Campania. “Animus et Ignis… Natura in Festa - II Edizione” - Servizi di allestimenti e gestione delle aree di sicurezza per gli eventi del programma",489.0,29/12/2025,132000.0,245175.3,B9D026BD4A,J39I25000810006,Arealive srl,True,False,
Determinazione_229__5045_VistoContabile,VistoContabile,Contabilità,,,229.0,29/04/2025,12000.0,12000.0,B9D026BD4A,J39I25000810006,Arealive srl,True,False,
Determinazione_229__5046_DeterminadiImpegno_Copia_764_2025,Determinazione,Cultura e Turismo,,"FSC 2021/2027. DGR n. 229 del 29/04/2025. Programma di percorsi turistici di tipo culturale, naturalistico ed enogastronomico per la promozione turistica della Campania. “Animus et Ignis… Natura in Festa - II Edizione” - Servizio di comunicazione per l'ideazione di una campagna di comunicazione",490.0,29/12/2025,132000.0,203672.14,B9D044A894,J39I25000810006,Full Heads srls,True,False,
Determinazione_229__5046_VistoContabile,VistoContabile,Contabilità,,,,,8000.0,8000.0,B9D044A894,J39I25000810006,Full Heads srls,True,False,
Determinazione_229__5047_DeterminadiImpegno_Copia_765_2025,Determinazione,Cultura e Turismo,,"FSC 2021/2027. DGR n. 229 del 29/04/2025. Programma di percorsi turistici di tipo culturale, naturalistico ed enogastronomico per la promozione turistica della Campania. “Animus et Ignis… Natura in Festa - II Edizione” - Servizi di organizzazione e direzione artistica degli eventi previsti nel programma",491.0,29/12/2025,132000.0,160000.0,B9CADA14F1,J39I25000810006,LOIOLA CARMEN,True,False,
Determinazione_229__5047_VistoContabile,VistoContabile,Contabilità,,,,,2000.0,2000.0,B9CADA14F1,J39I25000810006,LOIOLA CARMEN,True,False,
Determinazione_229__5460_DeterminadiLiquidazione_Copia_229_2026,Determinazione,Contabilità,Liquidazione,“Predisposizione nuovi spazi da adibire al servizio di mensa scolastica – Plesso Scuola Elementare” - Stazione Unica Appaltante della Provincia di Avellino Missione 4 - Istruzione e ricerca Componente 1 - Potenziamento dell'offerta dei servizi di istruzione: dagli asili nido alle università - Investimento 1.2: Piano di estensione del tempo pieno e mense - -,148.0,02/04/2026,840222.9,4308299.32,A00259979E,J25E22000370006,CA.SA. SRL,True,False,
Determinazione_229__5460_VistoContabile,VistoContabile,Contabilità,Liquidazione,,,,156062.72,450826.64,A00259979E,,CA.SA. SRL,True,False,
Determinazione_22__5097_DeterminadiLiquidazione_Copia_22_2026,Determinazione,Contabilità,Liquidazione,Lavori di “Intervento di nuova pavimentazione delle strade comunali. CUP J27H24002020004”” – Liquidazione saldo per incarico di coordinamento della sicurezza in fase di esecuzione,12.0,15/01/2026,11228.88,84968.0,B794E41995,J27H24002020004,PESCIONE PASQUALE,True,False,
Determinazione_22__5097_VistoContabile,VistoContabile,Contabilità,Liquidazione,,,,5443.15,5443.15,B794E41995,J22E24000190004,PESCIONE PASQUALE,True,False,
Determinazione_22__5359_DeterminaGenerica_Copia_180_2026,Determinazione,Servizi Demografici,,Rettifica per mero errore materiale alla Determinazione n. 22 del 05/03/2026 RG N. 161/2026.,27.0,10/03/2026,650.0,2300.0,,,,True,False,
Determinazione_230__5458_DeterminadiImpegno_Copia_230_2026,Determinazione,Affari Generali,Liquidazione,PNRR - Misura 1.3.1 Piattaforma Digitale Nazionale Dati “Archivio Nazionale dei Numeri Civici delle Strade Urbane (ANNCSU) - Comuni - maggio 2025 -,152.0,03/04/2026,9506.14,14640.58,BA4838EC91,,MAVASOFT S.R.L.,True,False,
Determinazione_230__5458_VistoContabile,VistoContabile,Contabilità,,,,,1200.0,1200.0,,,MAVASOFT S.R.L.,True,False,
Determinazione_231__5459_DeterminadiImpegno_Copia_231_2026,Determinazione,Affari Generali,Liquidazione,PNRR - Misura 1.3.1 Piattaforma Digitale Nazionale Dati “Archivio Nazionale dei Numeri Civici delle Strade Urbane (ANNCSU) - Comuni - maggio 2025 -,153.0,03/04/2026,9506.14,45002.14,BA48231C90,,POSTE ITALIANE SPA,True,False,
Determinazione_231__5459_VistoContabile,VistoContabile,Contabilità,,,,,8296.0,8296.0,BA48231C90,,POSTE ITALIANE SPA,True,False,
Determinazione_2320__5103_DeterminadiLiquidazione_Copia_29_2026,Determinazione,Contabilità,Liquidazione,GIUDIZIO R.G. N. 2320-2016 INNANZI IL TRIBUNALE CIVILE DI AVELLINO TRA CONSORZIO UNICO BACINO E IL COMUNE DI AVELLA. PAGAMENTO SU SENTENZA. PROVVEDIMENTI.,25.0,21/01/2026,81543.72,256299.77,,,CONSORZIO UNICO DI BACINO DELLE PROVINCIE DI NAPOLI E CASERTA,True,False,
Determinazione_2320__5103_VistoContabile,VistoContabile,Contabilità,Liquidazione,,,,42441.68,113727.71,,,CONSORZIO UNICO DI BACINO DELLE PROVINCIE DI NAPOLI E CASERTA,True,False,
Determinazione_2320__5372_DeterminadiLiquidazione_Copia_184_2026,Determinazione,Contabilità,Liquidazione,GIUDIZIO R.G. N. 2320-2016 INNANZI IL TRIBUNALE CIVILE DI AVELLINO TRA CONSORZIO UNICO BACINO E IL COMUNE DI AVELLA. PAGAMENTO SU SENTENZA PER COMPENSI PROFESSIONALI. PROVVEDIMENTI.,124.0,10/03/2026,81543.72,18886.16,,,MINAFRA MENA,True,False,
Determinazione_2320__5372_VistoContabile,VistoContabile,Contabilità,Liquidazione,,,,5417.36,5417.36,,,MINAFRA MENA,True,False,
Determinazione_232__5213_Allegato_A,Determinazione,Contabilità,,,,,,0.0,,,,True,True,
Determinazione_232__5213_DeterminadiLiquidazione_Copia_100_2026,Determinazione,Contabilità,Liquidazione,"Contributi/voucher alle famiglie con figli disabili frequentanti la scuola dell’infanzia, primaria e/o secondaria di 1° grado finalizzati al potenziamento del trasporto degli alunni con disabilità (anno 2025) di cui all’ Art. 1 comma 449, lettera d-octies, della legge 11 dicembre 2016, n. 232, per",17.0,10/02/2026,18000.0,18000.0,,,DIVERSI CITTADINI,True,False,Partita IVA 00000234558 formalmente errata (Checksum fallito)
Determinazione_232__5213_VistoContabile,VistoContabile,Contabilità,Liquidazione,,,,18000.0,18000.0,,,DIVERSI CITTADINI,True,False,Partita IVA 00000234558 formalmente errata (Checksum fallito)
Determinazione_232__5472_DeterminadiLiquidazione_Copia_232_2026,Determinazione,Contabilità,Liquidazione,"Scannerizzazione laser e fotometrica delle strutture dell’anfiteatro romano, relativamente all’intervento PNRR M1C3 – Investimento 1.2 “Rimozione delle barriere fisiche e cognitive in musei, biblioteche e archivi – Area Anfiteatro Romano. Servizi di Supporto e consulenza in ambito ICT e Apparati di rete -",150.0,02/04/2026,498552.0,63376.0,A0135771B6,J27B23000020001,DIVERSI,True,False,Partita IVA 00000234552 formalmente errata (Checksum fallito)
Determinazione_232__5472_VistoContabile,VistoContabile,Contabilità,Liquidazione,,,,8296.0,8296.0,A0135771B6,J27B23000020001,DIVERSI,True,False,Partita IVA 00000234552 formalmente errata (Checksum fallito)
Determinazione_233__5473_DeterminadiLiquidazione_Copia_233_2026,Determinazione,Contabilità,Liquidazione,"LIQUIDAZIONE rata servizi, di gestione, esercizio, manutenzione ordinaria e straordinaria dell’impianto di illuminazione pubblica, ivi comprese le attività di messa a norma dell’impianto, dell’ammodernamento tecnologico e funzionale nonché delle attività finalizzate al conseguimento del risparmio energetico – Marzo 2026.",151.0,02/04/2026,22752.88,68258.64,ATTRIBUITO,,G.I.P.A. SRL,True,False,
Determinazione_233__5473_VistoContabile,VistoContabile,Contabilità,Liquidazione,,,,22752.88,22752.88,7564700BE9,,G.I.P.A. SRL,True,False,
Determinazione_234__5474_DeterminadiImpegno_Copia_234_2026,Determinazione,Contabilità,,Determina di affidamento diretto tramite OdA su MePA per l'acquisto di Servizi di telefonia e connettività presso gli Istituti Scolastici del Comune di Avella.,154.0,03/04/2026,140000.0,170672.0,BAF964DB07,,Telecom Italia S.p.A.,True,False,
Determinazione_234__5474_VistoContabile,VistoContabile,Contabilità,,,,,5270.4,5270.4,BAF964DB07,,Telecom Italia S.p.A.,True,False,
Determinazione_235__5475_DeterminadiLiquidazione_Copia_235_2026,Determinazione,Contabilità,Liquidazione,Missione 4 - Istruzione e ricerca Componente 1 - Potenziamento dell'offerta dei servizi di istruzione: dagli asili nido alle università - Investimento 1.2: Piano di estensione del tempo pieno e mense: “Predisposizione nuovi spazi da adibire al servizio di mensa scolastica – Plesso Scuola Elementare” LIQUIDAZIONE del Servizio di Progettazione e Direzione dei Lavori– II ACCONTO,155.0,03/04/2026,780313.0,213206.27,97448318EE,J25E22000370006,BONO S.R.L.,True,False,
Determinazione_235__5475_VistoContabile,VistoContabile,Contabilità,Liquidazione,,,,39001.62,39001.62,97448318EE,J25E22000370006,BONO S.R.L.,True,False,
Determinazione_236__5462_DeterminadiLiquidazione_Copia_236_2026,Determinazione,Contabilità,Liquidazione,Integrazione fornitura attrezzature informatiche per il Servizio Turismo e Promozione del Territorio – CIG BA3583CACB. Liquidazione.,14.0,07/04/2026,80.0,430.0,BA3583CACB,,ASWI INFORMATICA di Liguori Vincenzo,True,False,
Determinazione_236__5462_VistoContabile,VistoContabile,Contabilità,Liquidazione,,,,80.0,80.0,BA3583CACB,,ASWI INFORMATICA di Liguori Vincenzo,True,False,
Determinazione_239__5470_DeterminadiImpegno_Copia_239_2026,Determinazione,Cultura e Turismo,Liquidazione,"Lavori di restauro conservativo della Fontana del Nilo con tre peschiere del Giardino “L. Colonna” e del dipinto murale della volta dell’androne ovest del Palazzo Baronale - Nell’ambito dell’intervento “PNRR – M1C3 – Investimento 1.2 – Istituti pubblici non afferenti al MiC e privati - Rimozione delle barriere fisiche e cognitive in musei, biblioteche e archivi per consentire un più ampio accesso e partecipazione alla cultura. Museo Immersivo Archeologico MIA”",156.0,07/04/2026,495315.0,681127.0,BB239B68C0,J27B23000020001,Vassallo Antiques srl,True,False,
Determinazione_239__5470_VistoContabile,VistoContabile,Contabilità,,,,,24278.0,24278.0,BB239B68C0,J27B23000020001,Vassallo Antiques srl,True,False,
Determinazione_23__5096_DeterminadiLiquidazione_Copia_23_2026,Determinazione,Contabilità,Liquidazione,SIOPE + SERVIZIO DI ADEGUAMENTO PROCEDURA CONTABILITA' PER ESPORTAZIONE FLUSSO NEL FORMATO OPI- RINNOVO 2026- LIQUIDAZIONE,2.0,15/01/2026,1464.0,4656.0,B5EEF4D984,,UNIMATICA S.P.A.,True,False,
Determinazione_23__5096_VistoContabile,VistoContabile,Contabilità,Liquidazione,,,,1464.0,1464.0,B5EEF4D984,,UNIMATICA S.P.A.,True,False,
Determinazione_23__5360_DeterminaGenerica_Copia_181_2026,Determinazione,Servizi Demografici,,Rettifica per mero errore materiale alla Determinazione n. 23 del 05/03/2026 RG N. 162/2026.,28.0,10/03/2026,650.0,1600.0,,,,True,False,
Determinazione_240__5471_DeterminadiLiquidazione_Copia_240_2026,Determinazione,Contabilità,Liquidazione,SERVIZIO DI EROGAZIONE AL PERSONALE DIPENDENTE DEL SERVIZIO SOSTITUTIVO DI MENSA TRAMITE BUONI PASTO ELETTRONICI A VALORE –LIQUIDAZIONE DI SPESA. PROVVEDIMENTI.,19.0,07/04/2026,19000.0,19000.0,BA30E71574,,Pluxxe Italia Srl,True,False,
Determinazione_240__5471_VistoContabile,VistoContabile,Contabilità,Liquidazione,,,,19000.0,19000.0,BA30E71574,,Pluxxe Italia Srl,True,False,
Determinazione_241__5476_DeterminadiLiquidazione_Copia_241_2026,Determinazione,Contabilità,Liquidazione,“Predisposizione nuovi spazi da adibire al servizio di mensa scolastica - Plesso Scuola Elementare” - Stazione Unica Appaltante della Provincia di Avellino Missione 4 - Istruzione e ricerca Componente 1 - Potenziamento dell'offerta dei servizi di istruzione: dagli asili nido alle università - Investimento 1.2: Piano di estensione del tempo pieno e mense.,149.0,02/04/2026,840222.9,3336381.1,,J25E22000370006,DIVERSI,True,False,
Determinazione_241__5476_VistoContabile,VistoContabile,Contabilità,Liquidazione,,,,156062.72,164942.72,,,DIVERSI,True,False,
Determinazione_243__5479_DeterminadiLiquidazione_Copia_243_2026,Determinazione,Contabilità,Liquidazione,Liquidazione ditta Tecno Auto Srl per intervento di manutenzione ordinaria Dacia Sandero Polizia Municipale tg YA062AE,5.0,31/03/2026,230.78,1846.24,BAE0730F32,,TECNO AUTO SRL,True,False,
Determinazione_243__5479_VistoContabile,VistoContabile,Contabilità,Liquidazione,,,,230.78,230.78,BAE0730F32,,TECNO AUTO SRL,True,False,
Determinazione_247__5484_DeterminadiImpegno_Copia_247_2026,Determinazione,Contenzioso,Liquidazione,"RICORSO DA PROPORSI INNANZI AL CONSIGLIO DI STATO IN S.G. - ROMA, AVVERSO LA SENTENZA TAR RE.PROV.COL: n° 00654/2026. COSTITUZIONE IN GIUDIZIO.PROVVEDIMENTI.",157.0,10/04/2026,3100.0,10000.0,,,VISONE LODOVICO,True,False,
Determinazione_247__5484_VistoContabile,VistoContabile,Contabilità,Nomina,,,,3100.0,5000.0,,,VISONE LODOVICO,True,False,
Determinazione_249__5488_DeterminadiImpegno_Copia_249_2026,Determinazione,Ambiente,,SERVIZIO DI CONNETTIVITÀ -INTERNET E TELEFONIA MOBILE - PER 24 MESI .,159.0,14/04/2026,3780.0,6093.3,BB3EB69F1F,,Telecom Italia S.p.A.,True,False,
Determinazione_249__5488_VistoContabile,VistoContabile,Contabilità,,,,,2305.8,2305.8,BB3EB69F1F,,Telecom Italia S.p.A.,True,False,
Determinazione_250__5490_DeterminaGenerica_Copia_250_2026,Determinazione,Affari Generali,,SERVIZIO REFEZIONE SCOLASTICA DITTA RISTONET SRL - AFFIDAMENTO CIG.: 98295587DD - SVINCOLO CAUZIONE TEFINITIVA.,43.0,15/04/2026,189000.0,4680.0,98295587DD,,,True,False,
Determinazione_253__5494_DeterminadiLiquidazione_Copia_253_2026,Determinazione,Contabilità,Liquidazione,SERVIZIO DI INTERPRETARIATO E TRADUZIONE LINGUA DEI SEGNI ITALIANA IN FAVORE DI ALUNNA A.S. 2025/2026. LIQUIDAZIONE,42.0,10/04/2026,6750.0,8986.27,B8A065D86E,,IORO EMANUELA,True,False,
Determinazione_253__5494_VistoContabile,VistoContabile,Contabilità,Liquidazione,,,,6750.0,7591.25,B9B46B2165,,IORO EMANUELA,True,False,
Determinazione_256__5497_DeterminaGenerica_Copia_256_2026,Determinazione,Contabilità,Liquidazione,EMISSIONE CARTE D'IDENTITA' ELETTRONICHE CIE - LIQUIDAZIONE CORRISPETTIVI DOVUTI ALLO STATO PRIMO TRIMESTRE 2026.,44.0,17/04/2026,10142.0,17972.14,,,,True,False,
Determinazione_257__5498_DeterminaGenerica_Copia_257_2026,Determinazione,Contabilità,Nomina,APERTURA STRAORDINARIA UFFICI ANAGRAFICI PER IL RILASCIO DELLA CARTA D’IDENTITA’ ELETTRONICA (CIE). Costituzione Gruppo di Lavoro.,45.0,17/04/2026,760.0,760.7,,,,True,False,
Determinazione_259__5509_DeterminadiImpegno_Copia_259_2026,Determinazione,Personale,Concorso,Acquisto vestiario e strumenti tecnici personale P_M - Affidamento fornitura ditta Sartoria Filippo Panzera Srl.,6.0,17/04/2026,5000.0,36324.2,BB4F1BC930,,SARTORIA FILIPPO PANZERA SAS,True,False,
Determinazione_259__5509_VistoContabile,VistoContabile,Contabilità,,,,,3662.44,3662.44,BB4F1BC930,,SARTORIA FILIPPO PANZERA SAS,True,False,
Determinazione_260__5504_DeterminadiImpegno_Copia_260_2026,Determinazione,Personale,Concorso,"Determina a contrarre e relativo affidamento diretto, ai sensi del D.lgs. 36/2023, dei servizi di accoglienza mediante una hostess bilingue e di servizi accessori connessi allo svolgimento delle attività, nell’ambito del Programma Educativo di Cooperazione Ellenico-Italiana,1º Concorso Europeo Studentesco di Teatro Greco Antico.",17.0,17/04/2026,1225.0,4450.0,BB4FDD3345,,smart srls,True,False,
Determinazione_260__5504_VistoContabile,VistoContabile,Contabilità,Concorso,,,,1225.0,1225.0,BB4FDD3345,,smart srls,True,False,
Determinazione_261__5505_DeterminadiImpegno_Copia_261_2026,Determinazione,Personale,Concorso,"Affidamento diretto, ai sensi del D.lgs. 36/2023, del servizio di visita guidata in lingua inglese nelle giornate del 18 e 22 aprile 2026, nell’ambito del Programma Educativo di Cooperazione Ellenico-Italiana; 1º Concorso Europeo Studentesco di Teatro Greco Antico.",18.0,18/04/2026,400.0,1600.0,BB501CDB57,,TORRE MARIAGRAZIA,True,False,
Determinazione_261__5505_VistoContabile,VistoContabile,Contabilità,Concorso,,,,400.0,400.0,BB501CDB57,,TORRE MARIAGRAZIA,True,False,
Determinazione_262__5506_DeterminadiImpegno_Copia_262_2026,Determinazione,Personale,Concorso,"Affidamento diretto, ai sensi del D.lgs. 36/2023, del servizio di noleggio di sistemi audio portatili (“whisper”) a supporto delle visite guidate, nell’ambito del Programma Educativo di Cooperazione Ellenico-Italiana; 1º Concorso Europeo Studentesco di Teatro Greco Antico.",19.0,18/04/2026,976.0,4880.0,BB501E4E51,,AMALFI COAST WITH LOCALS,True,False,
Determinazione_262__5506_VistoContabile,VistoContabile,Contabilità,Concorso,,,,976.0,976.0,BB501E4E51,,AMALFI COAST WITH LOCALS,True,False,
Determinazione_263__5507_DeterminadiLiquidazione_Copia_263_2026,Determinazione,Contabilità,Liquidazione,SERVIZIO DI EROGAZIONE AL PERSONALE DIPENDENTE DEL SERVIZIO SOSTITUTIVO DI MENSA TRAMITE BUONI PASTO ELETTRONICI A VALORE –LIQUIDAZIONE DI SPESA. PROVVEDIMENTI.,21.0,20/04/2026,16102.27,16102.27,BA30E71574,,Pluxxe Italia Srl,True,False,
Determinazione_263__5507_VistoContabile,VistoContabile,Contabilità,Liquidazione,,,,16102.27,16102.27,BA30E71574,,Pluxxe Italia Srl,True,False,
Determinazione_264__5508_DeterminadiLiquidazione_Copia_264_2026,Determinazione,Contabilità,Liquidazione,LIQUIDAZIONE FATTURE PER FORNITURA DI GAS NATURALE,23.0,21/04/2026,37329.81,55917.65,,,A,True,False,
Determinazione_264__5508_VistoContabile,VistoContabile,Contabilità,Liquidazione,,,,36904.36,50917.65,,,A,True,False,
Determinazione_2672000__4971_DeterminadiImpegno_Copia_710_2025,Determinazione,Regolamenti,Variazione di Bilancio,"Variazione al bilancio 2025/2027 ai sensi dell'art. 175, comma 5 quater lett. c, del D.lgs. n. 267/2000",80.0,10/12/2025,,0.0,,,,True,True,
Determinazione_2672000__4971_Stampa_allegato_8_1_2025_336687,Determinazione,Affari Generali,,,,,,0.0,,,,True,True,
Determinazione_2672000__4971_VistoContabile,VistoContabile,Contabilità,,,,,,0.0,,,,True,False,
Determinazione_269__5513_DeterminadiLiquidazione_Copia_269_2026,Determinazione,Contabilità,Liquidazione,LIQUIDAZIONE QUOTA ASSOCIATIVA A.N.U.T.E.L. (ASSOCIAZIONE NAZIONALE UFFICI TRIBUTI ENTI LOCALI) ENTE DEL TERZO SETTORE - ANNUALITA' 2026,24.0,22/04/2026,1700.0,11093.92,,,ANUTEL ETS,True,False,
Determinazione_269__5513_VistoContabile,VistoContabile,Contabilità,Liquidazione,,,,800.0,1543.92,,,ANUTEL ETS,True,False,
Determinazione_270__5514_DeterminadiLiquidazione_Copia_270_2026,Determinazione,Contabilità,Liquidazione,LIQUIDAZIONE QUOTA ASSOCIATIVA ANCI - ANNO 2026,25.0,22/04/2026,1487.96,5951.84,,,ANCI -ASSOCIAZIONI- NAZ.-COMUNI- ITALIANI,True,False,
Determinazione_270__5514_VistoContabile,VistoContabile,Contabilità,Liquidazione,,,,1487.96,1487.96,,,ANCI -ASSOCIAZIONI- NAZ.-COMUNI- ITALIANI,True,False,
Determinazione_272__5521_DeterminadiImpegno_Copia_272_2026,Determinazione,Contabilità,Liquidazione,“Predisposizione nuovi spazi da adibire al servizio di mensa scolastica - Plesso Scuola Materna” - Stazione Unica Appaltante della Provincia di Avellino Missione 4 - Istruzione e ricerca Componente 1 - Potenziamento dell'offerta dei servizi di istruzione: dagli asili nido alle università - Investimento 1.2: Piano di estensione del tempo pieno e mense – Forniture delle attrezzature per l'allestimento dei locali per l'adeguamento igienico-funzionale,162.0,24/04/2026,384930.0,1658776.0,BB5BBE19D0,J27G22000110006,ing. FRANCESCO BASILE S.R.L.,True,False,
Determinazione_272__5521_VistoContabile,VistoContabile,Contabilità,,,480.0,26/04/2024,71462.0,99562.0,BB5BBE19D0,J27G22000110006,ing. FRANCESCO BASILE S.R.L.,True,False,
Determinazione_274__5523_DeterminadiImpegno_Copia_274_2026,Determinazione,Contabilità,Liquidazione,"Servizio di stampa, imbustamento e recapito avvisi di pagamento del ruolo IDRICO 2025",26.0,24/04/2026,3148.21,8881.56,BB6742F1A4,,INTEGRAA HOLDIG SRL,True,False,
Determinazione_274__5523_VistoContabile,VistoContabile,Contabilità,Liquidazione,,,,3148.21,3148.21,BB6742F1A4,,INTEGRAA HOLDIG SRL,True,False,
Determinazione_275__5526_DeterminadiImpegno_Copia_275_2026,Determinazione,Contabilità,Liquidazione,DETERMINA DI AFFIDAMENTO DEL SERVIZIO DI EMISSIONE AVVISI DI ACCERTAMENTO ESECUTIVI PER OMESSO/PARZIALE VERSAMENTO DEI TRIBUTI : TARI E IMU ANNUALITA' 2021/2022; RUOLO IDRICO 2023,27.0,24/04/2026,603945.0,1392911.1,BB3B832B96,,RES PUBLICA S.R.L.,True,False,
Determinazione_275__5526_VistoContabile,VistoContabile,Contabilità,,,,,34059.1,66313.1,BB3B832B96,,RES PUBLICA S.R.L.,True,False,
Determinazione_276__5535_DeterminadiLiquidazione_Copia_276_2026,Determinazione,Contabilità,Liquidazione,Liquidazione alla Cooperativa Ecovigilantes per il servizio di gestione integrata dei rifiuti solidi urbani a ridotto impatto ambientale mesi di: MARZO 2026.,168.0,27/04/2026,2260829.45,1649753.91,,,COOPERATIVA SOCIALE ECOVIGILANTES ONLUS,True,False,
Determinazione_276__5535_VistoContabile,VistoContabile,Contabilità,Liquidazione,,,,41244.97,41244.97,,,COOPERATIVA SOCIALE ECOVIGILANTES ONLUS,True,False,
Determinazione_277__5533_DeterminadiLiquidazione_Copia_277_2026,Determinazione,Contabilità,Liquidazione,"Determina a contrarre e relativo affidamento diretto, ai sensi del D.lgs. 36/2023, dei servizi di accoglienza mediante una hostess bilingue e di servizi accessori connessi allo svolgimento delle attività, nell’ambito del Programma Educativo di Cooperazione Ellenico-Italiana,1º Concorso Europeo Studentesco di Teatro Greco Antico. Liquidazione fattura.",20.0,28/04/2026,1225.0,6085.0,BB4FDD3345,,smart srls,True,False,Partita IVA 03709550640 formalmente errata (Checksum fallito)
Determinazione_277__5533_VistoContabile,VistoContabile,Contabilità,Liquidazione,,,,1225.0,1225.0,BB4FDD3345,,smart srls,True,False,
Determinazione_278__5534_DeterminadiLiquidazione_Copia_278_2026,Determinazione,Contabilità,Liquidazione,"LIQUIDAZIONE INDENNITA' DI SPECIFICHE RESPONSABILITA PER LANNO 2025 AI DIPENDENTI DI RUOLO DEI SERVIZI FINANZIARI, CONTABILI E TRIBUTARI AI SENSI DELL'ART. 84 DEL NUOVO CCNL E DELL'ART. 17, COMMA 2 LETT. f) DEL CCNL 01/04/1999.",28.0,27/04/2026,24587.6,80162.79999999999,,,Privacy,True,False,
Determinazione_278__5534_VistoContabile,VistoContabile,Contabilità,Liquidazione,,,,24587.6,74962.79999999999,,,Privacy,True,False,
Determinazione_27__5102_DeterminadiLiquidazione_Copia_27_2026,Determinazione,Contabilità,Liquidazione,Servizio di manutenzione e/o sostituzione estintori collocati nei plessi scolastici e negli edifici comunali - D.P.R. 457 – Legge 626/1994. –,17.0,16/01/2026,5000.0,11441.24,B8AC98DB53,,SMEAR di Antonio Picillo,True,False,
Determinazione_27__5102_VistoContabile,VistoContabile,Contabilità,Liquidazione,,,,1000.0,1251.72,B8AC98DB53,,SMEAR di Antonio Picillo,True,False,
Determinazione_281__5544_DeterminadiImpegno_Copia_281_2026,Determinazione,Ambiente,Liquidazione,"Servizi di supporto tecnico-amministrativo per la programmazione, gestione, attuazione, monitoraggio e rendicontazione nell’ambito del progetto “Rimozione delle barriere fisiche e cognitive in musei, biblioteche e archivi” – Anfiteatro Romano” - Aggiudicazione",163.0,27/04/2026,495315.0,671305.0,BB3D76E21B,J27B23000010001,ANGIERI GABRIELE,True,False,
Determinazione_281__5544_VistoContabile,VistoContabile,Contabilità,,,,,1134.0,1800.0,BB3D76E21B,J27B23000010001,ANGIERI GABRIELE,True,False,
Determinazione_282__5545_DeterminadiImpegno_Copia_282_2026,Determinazione,Contabilità,Liquidazione,"Servizi di supporto tecnico-amministrativo per la programmazione, gestione, attuazione, monitoraggio e rendicontazione nell’ambito del progetto “Rimozione delle barriere fisiche e cognitive in musei, biblioteche e archivi” – Museo MIA” - Aggiudicazione",164.0,27/04/2026,495315.0,678705.0,BB3D8C2AAC,J27B23000020001,ANGIERI GABRIELE,True,False,
Determinazione_282__5545_VistoContabile,VistoContabile,Contabilità,,,,,2299.5,3650.0,BB3D8C2AAC,J27B23000020001,ANGIERI GABRIELE,True,False,
Determinazione_283__5548_DeterminadiImpegno_Copia_283_2026,Determinazione,Contabilità,Liquidazione,"Servizi di supporto tecnico-amministrativo per la programmazione, gestione, attuazione, monitoraggio e rendicontazione nell’ambito del “Progetto per la Realizzazione di una Nuova Mensa Scolastica nel plesso Scuole Medie” - Aggiudicazione",165.0,27/04/2026,140000.0,189789.0,BB3D6CBB95,J25E24000230006,ANGIERI GABRIELE,True,False,
Determinazione_283__5548_VistoContabile,VistoContabile,Contabilità,,,,,4599.0,4599.0,BB3D6CBB95,J25E24000230006,ANGIERI GABRIELE,True,False,
Determinazione_284__5547_DeterminadiImpegno_Copia_284_2026,Determinazione,Contabilità,Liquidazione,"Servizi di supporto tecnico-amministrativo per la programmazione, gestione, attuazione, monitoraggio e rendicontazione nell’ambito del progetto “Predisposizione nuovi spazi da adibire al servizio di mensa scolastica - Plesso Scuola Elementare” - Aggiudicazione",166.0,27/04/2026,780313.6,1675662.58,BB3D6527BC,J25E22000370006,ANGIERI GABRIELE,True,False,
Determinazione_284__5547_VistoContabile,VistoContabile,Contabilità,,,,,4599.0,7300.0,BB3D6527BC,J25E22000370006,ANGIERI GABRIELE,True,False,
Determinazione_285__5546_DeterminadiImpegno_Copia_285_2026,Determinazione,Contabilità,Liquidazione,"Servizi di supporto tecnico-amministrativo per la programmazione, gestione, attuazione, monitoraggio e rendicontazione nell’ambito del progetto “Predisposizione nuovi spazi da adibire al servizio di mensa scolastica – Plesso Scuola Materna” - Aggiudicazione",167.0,27/04/2026,140000.0,183290.0,BB3D5A4825,J27G22000110006,ANGIERI GABRIELE,True,False,
Determinazione_285__5546_VistoContabile,VistoContabile,Contabilità,,,,,2299.5,3650.0,BB3D5A4825,J27G22000110006,ANGIERI GABRIELE,True,False,
Determinazione_287__5553_DeterminadiLiquidazione_Copia_287_2026,Determinazione,Ambiente,Liquidazione,Ministro della Transizione Ecologica (MITE) - Piano Nazionale di Ripresa e Resilienza Missione 2 Componente 1 Intervento 1.1: Miglioramento e meccanizzazione della rete di raccolta differenziata dei rifiuti urbani,169.0,28/04/2026,497980.0,1742081.16,B732483B1B,J24H23000140001,LIEMME COSTRUZIONI DI CANONICO ANDREANA,True,False,
Determinazione_287__5553_VistoContabile,VistoContabile,Contabilità,Liquidazione,,,,109380.5,109380.5,B732483B1B,J24H23000140001,LIEMME COSTRUZIONI DI CANONICO ANDREANA,True,False,
Determinazione_288__5554_DeterminadiLiquidazione_Copia_288_2026,Determinazione,Ambiente,Liquidazione,“Servizi integrati di supporto specialistico in ambiente ICT finalizzati al supporto Tecnico informatico del Servizio Tecnico – Ambiente – Protezione Civile-Ufficio Turistico- Acquedotto” – II Acconto.,170.0,28/04/2026,43540.12,210027.72,BA3E42D686,,Computer Lab Di Giovanni Notaro,True,False,
Determinazione_288__5554_VistoContabile,VistoContabile,Contabilità,Liquidazione,,,,4780.12,4780.12,BA3E42D686,,Computer Lab Di Giovanni Notaro,True,False,
Determinazione_289__5566_DeterminadiLiquidazione_Copia_289_2026,Determinazione,Contabilità,Liquidazione,Liquidazione a favore di Anci Digitale SPA canoni per l’accesso alla banca dati PRA anno 2026 e servizi digitali,10.0,28/04/2026,2155.47,23331.445,BB13649304,,Anci Digitale S.p.A.,True,False,
Determinazione_289__5566_VistoContabile,VistoContabile,Contabilità,Liquidazione,,,,2155.47,2155.47,BB13649304,,Anci Digitale S.p.A.,True,False,
Determinazione_28__4978_DeterminadiImpegnoeLiquidazione_Cop2025,Determinazione,Contabilità,Liquidazione,Interventi di efficientamento energetico dei plessi comunali e realizzazione di interramento e ampliamento rete pubblica illuminazione –,449.0,03/12/2025,70000.0,188002.65,9406735B48,J24D22001040007,G.I.P.A. SRL,True,False,
Determinazione_28__4978_VistoContabile,VistoContabile,Contabilità,Liquidazione,,,,417.55,417.55,,,G.I.P.A. SRL,True,False,
Determinazione_28__5098_DeterminaGenerica_Copia_28_2026,Determinazione,Ambiente,Bando,Ministro della Transizione Ecologica (MITE) - Piano Nazionale di Ripresa e Resilienza Missione 2 Componente 1 Intervento 1.1: Miglioramento e meccanizzazione della rete di raccolta differenziata dei rifiuti urbani – APPROVAZIONE QUADRO ECONOMICO,21.0,19/01/2026,497980.0,649043.37,,J24H23000140001,,True,False,
Determinazione_290__5558_DeterminadiLiquidazione_Copia_290_2026,Determinazione,Contabilità,Liquidazione,"LIQUIDAZIONE EMOLUMENTI ACCESSORI DOVUTI AL PERSONALE DIPENDENTE INCARICATO E ASSEGNATO AI SERVIZI GENERALI, IN ESECUZIONE DEL C.C.D.I. 2025 PARTE NORMATIVA ED ECONOMICA. PROVVEDIMENTI.",6.0,26/01/2026,24587.6,30587.6,,,Privacy,True,False,
Determinazione_290__5558_VistoContabile,VistoContabile,Contabilità,Liquidazione,,,,24587.6,30587.6,,,Privacy,True,False,
Determinazione_291__5557_DeterminadiLiquidazione_Copia_291_2026,Determinazione,Contabilità,Liquidazione,"CONSULATAZIONI REFERENDARIE NEI GIORNI 22 E 23 MARZ 2026. ORGANIZZAZIONE TECNICA E AFFIDAMENTO DIRETTO DEL SERVIZIO PER LA PULIZIA DEI LOCALI SCOLASTICI SEDI DI SEGGIO EFFETTUATA ALLA FINE DELLE CONSULTAZIONI, PRIMA DEL RIENTRO DEGLI ALUNNI NEI LOCALI MEDESIMI. LIQUIDAZIONE FATTURA.",53.0,28/04/2026,1098.0,3974.88,BAADD6A031,,COOPERATIVA SOCIALE ECOVIGILANTES ONLUS,True,False,
Determinazione_291__5557_VistoContabile,VistoContabile,Contabilità,Liquidazione,,,,1098.0,1098.0,,,COOPERATIVA SOCIALE ECOVIGILANTES ONLUS,True,False,
Determinazione_292026__5278_DeterminadiImpegnoeLiquidazione_Cop2026,Determinazione,Servizi Sociali,Liquidazione,ESECUZIONE DELLA DELIBERAZIONE DI G.C. N. 29/2026. CONTRIBUTO ECONOMICO ALL’ISTITUTO COMPRENSIVO STATALE “MONS. PASQUALE GUERRIERO”. PROVVEDIMENTI,7.0,23/02/2026,1000.0,1000.0,,,stituto comprensivo monsignor guerriero,True,False,Partita IVA 00023451293 formalmente errata (Checksum fallito)
Determinazione_292026__5278_VistoContabile,VistoContabile,Contabilità,Liquidazione,,,,1000.0,1000.0,,,stituto comprensivo monsignor guerriero,True,False,Partita IVA 00023451293 formalmente errata (Checksum fallito)
Determinazione_293__5568_DeterminadiLiquidazione_Copia_293_2026,Determinazione,Contabilità,Liquidazione,"LIQUIDAZIONE EMOLUMENTI ACCESSORI DOVUTI AL PERSONALE DIPENDENTE INCARICATO E ASSEGNATO AI SERVIZI FINANZIARI, IN ESECUZIONE DEL C.C.D.I. 2025 PARTE NORMATIVA ED ECONOMICA. PROVVEDIMENTI.",22.0,29/04/2026,2250.0,2250.0,,,PERSONALE DIPENDENTE,True,False,Partita IVA 00000234516 formalmente errata (Checksum fallito)
Determinazione_293__5568_VistoContabile,VistoContabile,Contabilità,Liquidazione,,,,2250.0,2250.0,,,PERSONALE DIPENDENTE,True,False,Partita IVA 00000234516 formalmente errata (Checksum fallito)
Determinazione_295__5559_DeterminadiLiquidazione_Copia_295_2026,Determinazione,Contabilità,Liquidazione,"Servizio di gestione delle immobilizzazioni materiali, mediante Ricognizione, Valutazione dei beni, Classificazione, Gestione inventariale, Creazione Banca dati digitale–",171.0,29/04/2026,30500.0,139173.0,B84BC7403F,,DEDA VALUE SRL,True,False,
Determinazione_295__5559_VistoContabile,VistoContabile,Contabilità,Liquidazione,,,,12273.0,12273.0,,,DEDA VALUE SRL,True,False,
Determinazione_296__5560_DeterminadiLiquidazione_Copia_296_2026,Determinazione,Contabilità,Liquidazione,“Predisposizione nuovi spazi da adibire al servizio di mensa scolastica - Plesso Scuola Materna” - Stazione Unica Appaltante della Provincia di Avellino Missione 4 - Istruzione e ricerca Componente 1 - Potenziamento dell'offerta dei servizi di istruzione: dagli asili nido alle università - Investimento 1.2: Piano di estensione del tempo pieno e mense - Lavori IV SAL -,172.0,29/04/2026,384930.0,2793800.92,A001A8B83A,J27G22000110006,ing. FRANCESCO BASILE S.R.L.,True,False,
Determinazione_296__5560_VistoContabile,VistoContabile,Contabilità,Liquidazione,,480.0,26/04/2024,85243.34,279405.4,BB5BBE19D0,J27G22000110006,ing. FRANCESCO BASILE S.R.L.,True,False,
Determinazione_297__5569_DeterminadiLiquidazione_Copia_297_2026,Determinazione,Contabilità,Liquidazione,Servizio di Supporto al Responsabile per la transizione digitale del Comune di Avella -,174.0,29/04/2026,21960.0,99720.0,ZE13D577C2,J21F22001350006,Bello Leopoldo Maria,True,False,
Determinazione_297__5569_VistoContabile,VistoContabile,Contabilità,Liquidazione,,,,21960.0,21960.0,ZE13D577C2,J21F22001350006,Bello Leopoldo Maria,True,False,
Determinazione_298__5570_DeterminadiLiquidazione_Copia_298_2026,Determinazione,Regolamenti,Liquidazione,"Artt. 62 e ss. del D. Lgs. 36/2023 – SUA Provincia di Avellino – “ANFITEATRO ROMANO, RIMOZIONE DELLE BARRIERE FISICHE, SENSORIALI E COGNITIVE” - CIG B2A7BB085C – CUP J27B23000010001-",175.0,29/04/2026,371697.85,2312079.0,B2A7BB085C,J27B23000010001,DIVERSI,True,False,
Determinazione_298__5570_VistoContabile,VistoContabile,Contabilità,Liquidazione,,,,214261.08,214261.08,,J27B23000010001,DIVERSI,True,False,
Determinazione_299__5562_DeterminadiLiquidazione_Copia_299_2026,Determinazione,Contabilità,Liquidazione,ERVIZIO DI RISCOSSIONE COATTIVA DEI RUOLI IMU TASI TARU E IDRICO - PROVVEDIMENTI A FAVORE DELLA SO.GE.R.T. SPA,29.0,29/04/2026,2069.18,2193.49,9318326DDD,,SO.GE.R.T. SPA,True,False,
Determinazione_299__5562_VistoContabile,VistoContabile,Contabilità,Liquidazione,,,,2069.18,2069.18,9318326DDD,,SO.GE.R.T. SPA,True,False,
Determinazione_2__4944_DeterminadiLiquidazione_Copia_696_2025,Determinazione,Contabilità,Liquidazione,"Fornitura SAAS suite “PLUS” IUC IMU/TARI/TASI-TERRITORIO WEBCAT Catasto-ICI-TARSU e tributi minori, integrati Pagopa comprensivo di Linkmate+Pagopa, IDRICO++2019, Migrazione dati idrico, n. 2 giornate di formazione da remoto comprese; TRIMESTRE NOVEMBRE 2025-GENNAIO 2026- LIQUIDAZIONE",78.0,02/12/2025,27511.0,100232.75,B85ECC83F5,,ADVANCED SYSTEMS SPA,True,False,
Determinazione_2__4944_VistoContabile,VistoContabile,Contabilità,Liquidazione,,,,5246.0,8906.0,,,ADVANCED SYSTEMS SPA,True,False,
Determinazione_2__5662_DeterminadiLiquidazione_Copia_366_2026,Determinazione,Contabilità,Liquidazione,"liquidazione fatture per servizio Fornitura SAAS suite “PLUS” IUC IMU/TARI/TASI-TERRITORIO-WEBCAT Catasto-ICI-TARSU e tributi minori, integrati Pagopa comprensivo di Linkmate+Pagopa, IDRICO++2019, Migrazione dati idrico, n. 2 giornate di formazione da remoto comprese",34.0,18/05/2026,27511.0,111959.25,B85ECC83F5,,ADVANCED SYSTEMS SPA,True,False,
Determinazione_2__5662_VistoContabile,VistoContabile,Contabilità,Liquidazione,,,,15738.0,20633.25,B85ECC83F5,,ADVANCED SYSTEMS SPA,True,False,
Determinazione_2__5672_DeterminadiLiquidazione_Copia_369_2026,Determinazione,Contabilità,Liquidazione,"“MIA – MUSEO IMMERSIVO E ARCHEOLOGICO DI AVELLA. RIMOZIONE DELLE BARRIERE FISICHE, SENSORIALI E COGNITIVE” - CIG B2BEB58EA2 – CUP J27B23000020001 –",217.0,21/05/2026,295579.3,1390962.37,B2BEB58EA2,J27B23000020001,DIVERSI,True,False,
Determinazione_2__5672_VistoContabile,VistoContabile,Contabilità,Liquidazione,,,,250838.71,250838.71,,J27B23000020001,DIVERSI,True,False,
Determinazione_300__5563_DeterminadiLiquidazione_Copia_300_2026,Determinazione,Contabilità,Liquidazione,SERVIZIO DI EMISSIONE AVVISI DI ACCERTAMENTO ESECUTIVI PER OMESSO/PARZIALE VERSAMENTO IMU TASI T.A.R.I. SU RUOLO ORDINARIO E CONNESSA RISCOSSIONE ANCHE COATTIVA DEGLI ATTI EMESSI PER GLI ANNI 2019 E 2020- RUOLO IDRICO 2022- PROVVEDIMENTI IN FAVORE DELLA SOCIETA’ RES PUBLICA S.R.L.,30.0,29/04/2026,11533.09,39091.49,B101CE0601,,RES PUBLICA S.R.L.,True,False,
Determinazione_300__5563_VistoContabile,VistoContabile,Contabilità,Liquidazione,,,,11123.58,27558.4,B621693865,,RES PUBLICA S.R.L.,True,False,
Determinazione_301__5571_DeterminadiLiquidazione_Copia_301_2026,Determinazione,Contabilità,Liquidazione,LIQUIDAZIONE DEI GETTONI DI PRESENZA IN FAVORE DEI CONSIGLIERI COMUNALI DI MINORANZA DEL GRUPPO VISIONE COMUNE. PROVVEDIMENTI.,23.0,30/04/2026,4000.0,4000.0,,,DIVERSI,True,False,
Determinazione_301__5571_VistoContabile,VistoContabile,Contabilità,Liquidazione,,,,4000.0,4000.0,,,DIVERSI,True,False,
Determinazione_302__5572_DeterminadiImpegno_Copia_302_2026,Determinazione,Regolamenti,Liquidazione,Incarico professionale per variazione catastale del “Palazzo Baronale Alvarez De Toledo” – Comune di Avella,173.0,29/04/2026,2000.0,8000.0,BB76350780,,PICARO DONATO,True,False,
Determinazione_302__5572_VistoContabile,VistoContabile,Contabilità,,,,,2000.0,2000.0,BB76350780,,PICARO DONATO,True,False,
Determinazione_303__5575_DeterminaGenerica_Copia_303_2026,Determinazione,Regolamenti,Liquidazione,"Interventi di abbattimento delle barriere architettoniche per immobili comunali, nell’ambito del finanziamento della Regione Campania di cui al D.D. n.r. 454 del 28.11.2023 D.g 18 UOD 91 .- -approvazione atti finali CUP J27D24000010002",178.0,30/04/2026,214674.63,1240105.51,,J27D24000010002,,True,False,
Determinazione_304__5578_DeterminadiLiquidazione_Copia_304_2026,Determinazione,Contabilità,Liquidazione,"Contratto collettivo decentrato integrativo, annualità economica 2025. liquidazione indennità ex art. 17, comma 2, lett. f) del ccnl del 1.4.1999, come modificato dai successivi contratti nazionali di lavoro (da ultimo dall’art. 7 del ccnl del 9.5.2006). Annualità 2025",177.0,30/04/2026,24587.6,42825.2,,,DIVERSI,True,False,
Determinazione_304__5578_VistoContabile,VistoContabile,Contabilità,Liquidazione,,,,24587.6,37325.2,,,DIVERSI,True,False,
Determinazione_305__5579_DeterminadiLiquidazione_Copia_305_2026,Determinazione,Contabilità,Liquidazione,"Determina di Liquidazione del servizio di smaltimento della frazione merceologica di rifiuti differenziati raccolti nel territorio del comune – codice CER 20.01.08, periodo 27.02.2026 al 03.03.2026.",179.0,30/04/2026,3629.82,18149.1,BB38C186CA,,INTERECO s.r.l.,True,False,
Determinazione_305__5579_VistoContabile,VistoContabile,Contabilità,Liquidazione,,,,3629.82,3629.82,BB38C186CA,,INTERECO s.r.l.,True,False,
Determinazione_306__5580_DeterminaGenerica_Copia_306_2026,Determinazione,Regolamenti,,approvazione Ruolo Canone Acquedotto anno 2025.,176.0,30/04/2026,818914.56,818917.56,,,,True,False,
Determinazione_306__5580_VistoContabile,VistoContabile,Contabilità,,,,,,0.0,,,,True,False,
Determinazione_307__5581_DeterminadiLiquidazione_Copia_307_2026,Determinazione,Contabilità,Liquidazione,"Determina di Liquidazione del servizio di smaltimento della frazione merceologica di rifiuti differenziati raccolti nel territorio del comune – codice CER 20.01.08, periodo 13.03.2026 al 17.03.2026.",180.0,30/04/2026,3797.38,18986.9,BB38C9B2E6,,INTERECO s.r.l.,True,False,
Determinazione_307__5581_VistoContabile,VistoContabile,Contabilità,Liquidazione,,,,3797.38,3797.38,BB38C9B2E6,,INTERECO s.r.l.,True,False,
Determinazione_308__5577_DeterminadiImpegno_Copia_308_2026,Determinazione,Contabilità,Liquidazione,Determina a contrarre e relativo affidamento diretto del servizio di organizzazione e svolgimento di laboratori didattici per scolaresche nei giorni 6 e 7 maggio 2026.,21.0,04/05/2026,770.0,7940.0,BB7DC0322B,,COMPAGNIA CITREA EVENTI,True,False,
Determinazione_308__5577_VistoContabile,VistoContabile,Contabilità,,,,,770.0,770.0,BB7DC0322B,,COMPAGNIA CITREA EVENTI,True,False,
Determinazione_309__5582_DeterminadiLiquidazione_Copia_309_2026,Determinazione,Contabilità,Liquidazione,"PNRR M1C3 – Investimento 1.2 “Rimozione delle barriere fisiche e cognitive in musei, biblioteche e archivi” - “Anfiteatro Romano, Rimozione delle Barriere Fisiche, Sensoriali e Cognitive” Rimozione delle barriere fisiche e cognitive in musei, biblioteche e archivi – Area Anfiteatro Romano, gruppo di lavoro di supporto al rup-",181.0,04/05/2026,498552.0,162955.86,,J27B23000010001,DIVERSI,True,False,
Determinazione_309__5582_VistoContabile,VistoContabile,Contabilità,Liquidazione,,,,102645.47,109615.47,,J27B23000010001,DIVERSI,True,False,
Determinazione_30__5104_DeterminadiLiquidazione_Copia_30_2026,Determinazione,Contabilità,Liquidazione,"Redazione del progetto esecutivo e Direzione dei Lavori, relativamente all’intervento PNRR M1C3 – Investimento 1.2 “Rimozione delle barriere fisiche e cognitive in musei, biblioteche e archivi – Museo Archeologico e Immersivo MIA Liquidazione ACCONTO - servizio di architettura",23.0,19/01/2026,545096.56,371969.96,9899380ACC,J27B23000020001,DIVERSI,True,False,Partita IVA 00000234552 formalmente errata (Checksum fallito)
Determinazione_30__5104_VistoContabile,VistoContabile,Contabilità,Liquidazione,,,,39942.0,39942.0,9899380ACC,627B23000020001,DIVERSI,True,False,Partita IVA 00000234552 formalmente errata (Checksum fallito)
Determinazione_310__5583_DeterminaGenerica_Copia_310_2026,Determinazione,Personale,Liquidazione,Provvedimento di affrancazione degli antichi livelli (canoni di natura enfiteutica istituiti ai sensi dell’art. 10 della Legge 1766/1927) imposti sui fondi soggetti ad usi civici siti in agro di Avella (AV) – (Legge 1766/1927 – RD 332/1928 - LR 11/1981). Sig. C. A.,183.0,04/05/2026,3200.0,4410.62,,,,True,False,
Determinazione_311__5586_DeterminaGenerica_Copia_311_2026,Determinazione,Personale,Liquidazione,Provvedimento di affrancazione degli antichi livelli (canoni di natura enfiteutica istituiti ai sensi dell’art. 10 della Legge 1766/1927) imposti sui fondi soggetti ad usi civici siti in agro di Avella (AV) – (Legge 1766/1927 – RD 332/1928 - LR 11/1981). Sig. C. F.,184.0,04/05/2026,3200.0,4386.61,,,,True,False,
Determinazione_312__5594_DeterminadiLiquidazione_Copia_312_2026,Determinazione,Contabilità,Liquidazione,"Artt. 62 e ss. del D. Lgs. 36/2023 – SUA Provincia di Avellino – “ANFITEATRO ROMANO, RIMOZIONE DELLE BARRIERE FISICHE, SENSORIALI E COGNITIVE” - – CUP J27B23000010001-",182.0,04/05/2026,310526.74,406325.88,,J27B23000010001,Stazione Unica Appaltante della Provincia di Avellino,True,False,
Determinazione_312__5594_VistoContabile,VistoContabile,Contabilità,Liquidazione,,,,1127.68,1377.68,,J27B23000010001,Stazione Unica Appaltante della Provincia di Avellino,True,False,
Determinazione_313__5593_DeterminadiLiquidazione_Copia_313_2026,Determinazione,Contabilità,Liquidazione,“Predisposizione nuovi spazi da adibire al servizio di mensa scolastica - Plesso Scuola Materna” - Stazione Unica Appaltante della Provincia di Avellino Missione 4 - Istruzione e ricerca Componente 1 - Potenziamento dell'offerta dei servizi di istruzione: dagli asili nido alle università - Investimento 1.2: Piano di estensione del tempo pieno e mense.,185.0,04/05/2026,384930.0,1540307.34,,J27G22000110006,DIVERSI,True,False,
Determinazione_313__5593_VistoContabile,VistoContabile,Contabilità,Liquidazione,,,,85243.34,89368.34,,J27G22000110006,DIVERSI,True,False,
Determinazione_316__5592_DeterminadiLiquidazione_Copia_316_2026,Determinazione,Contabilità,Liquidazione,"LIQUIDAZIONE rata servizi, di gestione, esercizio, manutenzione ordinaria e straordinaria dell’impianto di illuminazione pubblica, ivi comprese le attività di messa a norma dell’impianto, dell’ammodernamento tecnologico e funzionale nonché delle attività finalizzate al conseguimento del risparmio energetico – Aprile 2026.",186.0,04/05/2026,22752.88,68258.64,7564700BE9,,G.I.P.A. SRL,True,False,
Determinazione_316__5592_VistoContabile,VistoContabile,Contabilità,Liquidazione,,,,22752.88,22752.88,7564700BE9,,G.I.P.A. SRL,True,False,
Determinazione_317__5596_DeterminadiLiquidazione_Copia_317_2026,Determinazione,Contabilità,Liquidazione,"Liquidazione contributo in favore del Banco Alimentare Campania ODV per l’attuazione del progetto “Condividere i bisogni per condividere il senso della vita” annualità 2026. Liquidazione contributo una tantum di € 4.900,00.",54.0,05/05/2026,4900.0,34300.0,,,Banco Alimentare Campania ONLUS,True,False,
Determinazione_317__5596_VistoContabile,VistoContabile,Contabilità,Liquidazione,,,,2900.0,4900.0,,,Banco Alimentare Campania ONLUS,True,False,
Determinazione_318__5597_DeterminadiLiquidazione_Copia_318_2026,Determinazione,Contabilità,Liquidazione,EROGAZIONE DELLA QUOTA DI COMPARTECIPAZIONE AL FONDO UNICO D’AMBITO E ALLA SPESA SOCIO SANITARIA A CARICO DEL COMUNE DI AVELLA. SALDO 2020 (ESERCIZIO FINANZIARIO 2022) - PROVVEDIMENTI.,55.0,05/05/2026,73500.0,111828.0,,,CONSORZIO DEI SERVIZI SOCIALI VALLO DI LAURO BAIANESE AMBITO A,True,False,
Determinazione_318__5597_VistoContabile,VistoContabile,Contabilità,Liquidazione,,,,73500.0,78433.0,,,CONSORZIO DEI SERVIZI SOCIALI VALLO DI LAURO BAIANESE AMBITO A,True,False,
Determinazione_319__5595_DeterminadiLiquidazione_Copia_319_2026,Determinazione,Contabilità,Liquidazione,Affidamento del servizio di guida turistica – Liquidazione.,22.0,05/05/2026,600.0,4200.0,BB1DBE2AD1,,DI BLASI VINCENZO,True,False,
Determinazione_319__5595_VistoContabile,VistoContabile,Contabilità,Liquidazione,,,,600.0,600.0,BB1DBE2AD1,,DI BLASI VINCENZO,True,False,
Determinazione_31__5106_DeterminadiLiquidazione_Copia_31_2026,Determinazione,Contabilità,Liquidazione,INTERVENTI DI NUOVA PAVIMENTAZIONE DELLE STRADE COMUNALI -,24.0,21/01/2026,157868.1,875462.3,B79C805589,J27H24002020004,DIVERSI,True,False,
Determinazione_31__5106_VistoContabile,VistoContabile,Contabilità,Liquidazione,,,,146715.35,146715.35,,J27H24002020004,DIVERSI,True,False,Partita IVA 00023452517 formalmente errata (Checksum fallito)
Determinazione_32026__5319_DeterminadiLiquidazione_Copia_156_2026,Determinazione,Contabilità,Liquidazione,"Liquidazione fattura n. 3/2026 del 27/02/2026 ""Incarico di collaborazione professionale Esperto in Funzioni tecniche - Profilo Junior - per l'attuazione del PNRR"". Periodo III ANNUALITA’ Compenso BIMESTRE VI.",110.0,03/03/2026,115098.69,216900.92,,E99J21007460005,DIVERSI,True,False,
Determinazione_32026__5319_VistoContabile,VistoContabile,Contabilità,Liquidazione,,,,15756.0,15756.0,,,DIVERSI,True,False,
Determinazione_321__5598_DeterminadiLiquidazione_Copia_321_2026,Determinazione,Contabilità,Liquidazione,EROGAZIONE DELLA QUOTA DI COMPARTECIPAZIONE AL FONDO UNICO D’AMBITO E ALLA SPESA SOCIO SANITARIA A CARICO DEL COMUNE DI AVELLA. ANNUALITA' 2023 (ESERCIZIO FINANZIARIO 2025) - PROVVEDIMENTI.,56.0,05/05/2026,116000.0,261757.0,,,DIVERSI,True,False,Partita IVA 00000234552 formalmente errata (Checksum fallito)
Determinazione_321__5598_VistoContabile,VistoContabile,Contabilità,Liquidazione,,,,116000.0,189500.0,,,DIVERSI,True,False,Partita IVA 00000234552 formalmente errata (Checksum fallito)
Determinazione_323__5600_DeterminadiLiquidazione_Copia_323_2026,Determinazione,Contabilità,Liquidazione,LIQUIDAZIONE FORNITURA GAS PER UTENZE COMUNALI,31.0,06/05/2026,9441.87,28188.75,,,SALERNO ENERGIA VENDITE - SEV. IREN SPA,True,False,
Determinazione_323__5600_VistoContabile,VistoContabile,Contabilità,Liquidazione,,,,9441.87,15462.77,,,SALERNO ENERGIA VENDITE - SEV. IREN SPA,True,False,
Determinazione_327__5604_DeterminadiImpegno_Copia_327_2026,Determinazione,Contabilità,Liquidazione,"AFFIDAMENTO DIRETTO DEL SERVIZIO DI PULIZIA TEATRO COMUNALE “DOMENICO BIANCARDI” E INTERVENTO DI PULIZIA MOQUETTE, PERIODO MAGGIO – DICEMBRE 2026. DETERMINAZIONE A CONTRARRE.",23.0,06/05/2026,4697.0,22094.0,BB89A6F649,,COOPERATIVA SOCIALE ECOVIGILANTES ONLUS,True,False,
Determinazione_327__5604_VistoContabile,VistoContabile,Contabilità,,,,,4697.0,4697.0,BB89A6F649,,COOPERATIVA SOCIALE ECOVIGILANTES ONLUS,True,False,
Determinazione_328__5615_DeterminadiImpegno_Copia_328_2026,Determinazione,Regolamenti,Bando,"Potenziamento e riqualificazione dell’Impianto di illuminazione dell’Anfiteatro Romano - Servizio di progettazione esecutiva, direzione dei lavori, coordinamento della sicurezza in fase di progettazione ed esecuzione e collaudo - AFFIDAMENTO",188.0,05/05/2026,400000.0,564208.11,BB75758702,J24H25001050002,curci vincenzo,True,False,
Determinazione_328__5615_VistoContabile,VistoContabile,Contabilità,,,,,8427.37,8427.37,BB75758702,J24H25001050002,curci vincenzo,True,False,
Determinazione_32__5107_DeterminadiImpegno_Copia_32_2026,Determinazione,Contabilità,Liquidazione,Servizi professionali per la direzione dei lavori nell'ambito del progetto “Progetto per la Realizzazione di una Nuova Mensa Scolastica nel plesso Scuole Medie”,22.0,19/01/2026,515481082.75,519185192.75,B97F43CECD,J25E24000230006,FLAD S.R.L.,True,False,
Determinazione_32__5107_VistoContabile,VistoContabile,Contabilità,,,,,54900.0,54900.0,B97F43CECD,J25E24000230006,FLAD S.R.L.,True,False,
Determinazione_331__5617_DeterminadiLiquidazione_Copia_331_2026,Determinazione,Contabilità,Liquidazione,"Ministro dell’Istruzione e del Merito - Piano Nazionale di Ripresa e Resilienza Missione 4 Componente 1: Potenziamento dell’offerta dei servizi di istruzione: dagli asili nido alle Università PRESA D’ATTO DEL DOCUMENTO DI INDIRIZZO ALLA PROGETTAZIONE, AI SENSI DELL’ART. 3 – ALL. I.7 DEL D. LGS. 36/2023, PER L’INTERVENTO DENOMINATO “REALIZZAZIONE NUOVA MENSA SCOLASTICA NEL PLESSO SCUOLA MEDIA”.",191.0,07/05/2026,515481082.75,519211392.52,,J25E24000150006,Stazione Unica Appaltante della Provincia di Avellino,True,False,
Determinazione_331__5617_VistoContabile,VistoContabile,Contabilità,Liquidazione,,,,160443.32,324310.61,,J25E24000150006,Stazione Unica Appaltante della Provincia di Avellino,True,False,
Determinazione_332__5621_DeterminadiLiquidazione_Copia_332_2026,Determinazione,Contabilità,Liquidazione,Liquidazione fattura alla ditta Acierno Vincenzo S.r.l. per servizio di trasporto Alunni dell’IC Monsignor P. Guerriero di Avella (AV) Avella – Avellino A/R. Nuovi giochi della gioventù competizione Atletica su pista c/o campo Coni di Avellino. CIG BB255AFE30.,60.0,07/05/2026,330.0,1620.0,BB255AFE30,,ACIERNO VINCENZO SRL,True,False,
Determinazione_332__5621_VistoContabile,VistoContabile,Contabilità,Liquidazione,,,,330.0,330.0,BB255AFE30,,ACIERNO VINCENZO SRL,True,False,
Determinazione_333__5620_DeterminadiLiquidazione_Copia_333_2026,Determinazione,Contabilità,Liquidazione,LIQUIDAZIONE SERVIZIO DI INTERPRETARIATO E TRADUZIONE LINGUA DEI SEGNI ITALIANA IN FAVORE DI UN'ALUNNA - APRILE 2026,61.0,08/05/2026,2500.0,7339.53,B8A065D86E,,IORIO EMANUELA,True,False,
Determinazione_333__5620_VistoContabile,VistoContabile,Contabilità,Liquidazione,,,,2500.0,3559.4700000000003,B8A065D86E,,IORIO EMANUELA,True,False,
Determinazione_334__5618_DeterminadiLiquidazione_Copia_334_2026,Determinazione,Contabilità,Liquidazione,Liquidazione di spesa per la fornitura di ipoclorito di sodio per clorazione acqua potabile presso i serbatoi comunali,192.0,08/05/2026,1830.0,12810.0,B6966E0AB1,,ITALPOMPE SRL,True,False,
Determinazione_334__5618_VistoContabile,VistoContabile,Contabilità,Liquidazione,,,,1830.0,1830.0,B6966E0AB1,,ITALPOMPE SRL,True,False,
Determinazione_335__5614_DeterminadiImpegno_Copia_335_2026,Determinazione,Affari Generali,Liquidazione,DETERMINA A CONTRARRE PER LA FORNITURA DI MATERIALE DI CONSUMO E DOTAZIONE STRUMENTALE PER LA POSTAZIONE DELL'UFFICIO PROTOCOLLO COMUNALE.,24.0,11/05/2026,170.0,5788.68,BB97602911,,ASWI INFORMATICA di Liguori Vincenzo,True,False,
Determinazione_335__5614_VistoContabile,VistoContabile,Contabilità,,,,,170.0,170.0,BB97602911,,ASWI INFORMATICA di Liguori Vincenzo,True,False,
Determinazione_337__5613_DeterminadiLiquidazione_Copia_337_2026,Determinazione,Personale,Liquidazione,"Affidamento diretto, ai sensi del D.lgs. 36/2023, del servizio di visita guidata in lingua inglese nelle giornate del 18 e 22 aprile 2026, nell’ambito del Programma Educativo di Cooperazione Ellenico-Italiana; 1º Concorso Europeo Studentesco di Teatro Greco Antico.",25.0,11/05/2026,400.0,2800.0,BB501CDB57,,TORRE MARIAGRAZIA,True,False,
Determinazione_337__5613_VistoContabile,VistoContabile,Contabilità,Liquidazione,,,,400.0,400.0,BB501CDB57,,TORRE MARIAGRAZIA,True,False,
Determinazione_338__5611_DeterminadiLiquidazione_Copia_338_2026,Determinazione,Contabilità,Liquidazione,Liquidazione parziale del servizio di noleggio di sistemi audio portatili (“whisper”) a supporto delle visite guidate nell’ambito del Programma Educativo di Cooperazione Ellenico-Italiana – 1º Concorso Europeo Studentesco di Teatro Greco Antico.,26.0,11/05/2026,976.0,3152.0,BB501E4E51,,AMALFI COAST WITH LOCALS,True,False,
Determinazione_338__5611_VistoContabile,VistoContabile,Contabilità,Liquidazione,,,,976.0,976.0,BB501E4E51,,AMALFI COAST WITH LOCALS,True,False,
Determinazione_339__5625_DeterminaGenerica_Copia_339_2026,Determinazione,Personale,Liquidazione,Provvedimento di affrancazione degli antichi livelli (canoni di natura enfiteutica istituiti ai sensi dell’art. 10 della Legge 1766/1927) imposti sui fondi soggetti ad usi civici siti in agro di Avella (AV) – (Legge 1766/1927 – RD 332/1928 -LR 11/1981).Sig.ra P. F.,197.0,12/05/2026,3200.0,4451.26,,,,True,False,
Determinazione_33__5109_DeterminadiLiquidazione_Copia_33_2026,Determinazione,Regolamenti,Liquidazione,RIMBORSO SPESE AL COMUNE DI SOLOFRA (AV) PER IL SERVIZIO DI SEGRETERIA GENERALE IN CONVENZIONE AL 50% - PERIODO OTTOBRE - DICEMBRE 2025,3.0,22/01/2026,27292.71,62497.44,,,COMUNE DI SOLOFRA,True,False,
Determinazione_33__5109_VistoContabile,VistoContabile,Contabilità,Liquidazione,,,,14600.0,35205.23,,,COMUNE DI SOLOFRA,True,False,
Determinazione_341__5631_DeterminadiImpegno_Copia_341_2026,Determinazione,Contenzioso,Nomina,INCARICO LEGALE PER LA COSTITUZIONE NEL GIUDIZIO INTRAPRESO DALLA SIG.RA A.A. CONTRO IL COMUNE DI AVELLA INNANZI IL TRIBUNALE CIVILE DI AVELLINO. PROVVEDIMENTI.,193.0,11/05/2026,1000.0,1600.0,,,PONTE GIOVANNA,True,False,
Determinazione_341__5631_VistoContabile,VistoContabile,Contabilità,Nomina,,,,1000.0,1300.0,,,PONTE GIOVANNA,True,False,
Determinazione_342__5639_DeterminadiLiquidazione_Copia_342_2026,Determinazione,Contabilità,Liquidazione,"Servizio di fornitura carburante da autotrazione (gasolio, benzina, GPL e Metano) -",194.0,11/05/2026,4002.0,20010.0,BB70E6DA82,,FUEL,True,False,
Determinazione_342__5639_VistoContabile,VistoContabile,Contabilità,Liquidazione,,,,3000.0,4002.0,BB70E6DA82,,FUEL,True,False,
Determinazione_343__5630_DeterminadiLiquidazione_Copia_343_2026,Determinazione,Contabilità,Liquidazione,RENDICONTAZIONE ECONOMATO I TRIMESTRE.,32.0,11/05/2026,950.0,104500.0,,,,True,False,
Determinazione_343__5630_VistoContabile,VistoContabile,Contabilità,,,,,,0.0,,,,True,False,
Determinazione_344__5632_DeterminadiLiquidazione_Copia_344_2026,Determinazione,Contabilità,Liquidazione,Liquidazione di spesa per rinnovo polizze assicurative scadenza annuale per automezzi comunali.,196.0,12/05/2026,3370.0,13480.0,ZBD31E57BA,,MARF BROKER SNC DI MARCO MATTA E FRANCESCO SQUILLANTE,True,False,
Determinazione_344__5632_VistoContabile,VistoContabile,Contabilità,Liquidazione,,,,3370.0,3370.0,ZBD31E57BA,,MARF BROKER SNC DI MARCO MATTA E FRANCESCO SQUILLANTE,True,False,
Determinazione_345__5633_DeterminadiLiquidazione_Copia_345_2026,Determinazione,Contabilità,Liquidazione,Ministro dell’Istruzione e del Merito - Piano Nazionale di Ripresa e Resilienza Missione 4 Componente 1: Potenziamento dell’offerta dei servizi di istruzione: dagli asili nido alle Università Progetto per la realizzazione di un nuovo edificio adibito ad asilo nido sito in via De Sanctis –,199.0,12/05/2026,734955734.85,739029040.32,B440ED5841,J25E24000050006,COIN srl,True,False,
Determinazione_345__5633_VistoContabile,VistoContabile,Contabilità,Liquidazione,,,,580441.86,580441.86,B440ED5841,J25E24000050006,COIN srl,True,False,
Determinazione_346__5659_DeterminadiLiquidazione_Copia_346_2026,Determinazione,Contabilità,Liquidazione,INTEGRAZIONE DEL BENEFICIO E LIQUIDAZIONE - VOUCHER,62.0,12/05/2026,4700.0,4700.0,,,DIVERSI CITTADINI,True,False,Partita IVA 00000234558 formalmente errata (Checksum fallito)
Determinazione_346__5659_VistoContabile,VistoContabile,Contabilità,Liquidazione,,,,4700.0,4700.0,,,DIVERSI CITTADINI,True,False,Partita IVA 00000234558 formalmente errata (Checksum fallito)
Determinazione_347__5634_DeterminadiLiquidazione_Copia_347_2026,Determinazione,Contabilità,Liquidazione,“Concessione degli interventi di efficientamento energetico e della gestione integrata dei servizi energetici delle scuole di proprietà del Comune di Avella” –,195.0,11/05/2026,1312960.0,1388941.2,B8EDD74FEB,J24D25002000007,DIVERSI,True,False,
Determinazione_347__5634_VistoContabile,VistoContabile,Contabilità,Liquidazione,,,,10660.4,14160.4,,,DIVERSI,True,False,
Determinazione_349__5636_DeterminadiLiquidazione_Copia_349_2026,Determinazione,Contabilità,Liquidazione,“Predisposizione nuovi spazi da adibire al servizio di mensa scolastica - Plesso Scuola Materna” - Stazione Unica Appaltante della Provincia di Avellino Missione 4 - Istruzione e ricerca Componente 1 - Potenziamento dell'offerta dei servizi di istruzione: dagli asili nido alle università - Investimento 1.2: Piano di estensione del tempo pieno e mense – Forniture delle attrezzature per l'allestimento dei locali per l'adeguamento igienico-funzionale –,201.0,12/05/2026,384930.0,1828319.34,BB5BBE19D0,J27G22000110006,ing. FRANCESCO BASILE S.R.L.,True,False,
Determinazione_349__5636_VistoContabile,VistoContabile,Contabilità,Liquidazione,,480.0,26/04/2024,85243.34,184805.34,BB5BBE19D0,J27G22000110006,ing. FRANCESCO BASILE S.R.L.,True,False,
Determinazione_34__5111_DeterminadiImpegno_Copia_34_2026,Determinazione,Lavori Pubblici,,Interventi di manutenzione straordinaria sull'impianto di videosorveglianza e filodiffusione su territorio comunale–,18.0,16/01/2026,12200.0,109231.0,B9ED7EBEDD,,MAXFON S.R.L.,True,False,
Determinazione_34__5111_VistoContabile,VistoContabile,Contabilità,,,,,10431.0,24400.0,B9ED7EBEDD,,MAXFON S.R.L.,True,False,
Determinazione_351__5638_DeterminadiImpegno_Copia_351_2026,Determinazione,Servizi Sociali,,"incarico professionale di consulenza, assistenza e supporto legale stragiudiziale, per l’identificazione e tutti gli adempimenti consequenziali per la messa in sicurezza dell’immobile sito in Avella al foglio 18 particella 2133 sub 9, 18 – Provvedimenti.",203.0,13/05/2026,2500.0,5000.0,,,ANNUNZIATA FIORAVANTE,True,False,
Determinazione_351__5638_VistoContabile,VistoContabile,Contabilità,,,,,2500.0,2500.0,,,ANNUNZIATA FIORAVANTE,True,False,
Determinazione_352__5644_DeterminadiLiquidazione_Copia_352_2026,Determinazione,Contabilità,Liquidazione,SERVIZIO DI EROGAZIONE AL PERSONALE DIPENDENTE DEL SERVIZIO SOSTITUTIVO DI MENSA TRAMITE BUONI PASTO ELETTRONICI A VALORE – LIQUIDAZIONE DI SPESA. PROVVEDIMENTI.,30.0,15/05/2026,15199.55,15199.55,BA30E71574,,Pluxxe Italia Srl,True,False,
Determinazione_352__5644_VistoContabile,VistoContabile,Contabilità,Liquidazione,,,,15199.55,15199.55,BA30E71574,,Pluxxe Italia Srl,True,False,
Determinazione_353__5645_DeterminaGenerica_Copia_353_2026,Determinazione,Contabilità,Liquidazione,Autorizzazione per lavorazioni di fornitura e relativa posa in opera di strutture in legno con relativa copertura per la realizzazione di un nuovo edificio adibito ad Asilo Nido.,212.0,18/05/2026,519000.0,849000.0,B440ED5841,J25E24000050006,,True,False,
Determinazione_354__5658_DeterminadiLiquidazione_Copia_354_2026,Determinazione,Contabilità,Liquidazione,"Determina di Liquidazione del servizio di smaltimento della frazione merceologica di rifiuti differenziati raccolti nel territorio del comune – codice CER 20.01.08, periodo 24.03.2026 al 27.03.2026.",204.0,14/05/2026,3832.58,19162.9,BB7D395D51,,INTERECO s.r.l.,True,False,
Determinazione_354__5658_VistoContabile,VistoContabile,Contabilità,Liquidazione,,,,3832.58,3832.58,BB7D395D51,,INTERECO s.r.l.,True,False,
Determinazione_355__5651_DeterminadiLiquidazione_Copia_355_2026,Determinazione,Contabilità,Liquidazione,"Determina di Liquidazione del servizio di smaltimento della frazione merceologica di rifiuti differenziati raccolti nel territorio del comune – codice CER 20.01.08, periodo 31.03.2026 al 10.04.2026.",205.0,14/05/2026,4561.92,22809.6,BB7D3A9DD2,,INTERECO s.r.l.,True,False,
Determinazione_355__5651_VistoContabile,VistoContabile,Contabilità,Liquidazione,,,,4561.92,4561.92,BB7D3A9DD2,,INTERECO s.r.l.,True,False,
Determinazione_359__5653_DeterminadiLiquidazione_Copia_359_2026,Determinazione,Contabilità,Liquidazione,"Servizio di sorveglianza, custodia, apertura e pulizia ordinaria struttura “TEATRO DOMENICO BIANCARDI”.",208.0,15/05/2026,5978.0,39690.0,B78DBCF81C,,COOPERATIVA SOCIALE ECOVIGILANTES ONLUS,True,False,
Determinazione_359__5653_VistoContabile,VistoContabile,Contabilità,Liquidazione,,,,5978.0,5978.0,,,COOPERATIVA SOCIALE ECOVIGILANTES ONLUS,True,False,
Determinazione_35__5112_DeterminadiImpegno_Copia_35_2026,Determinazione,Ambiente,,Servizi di fornitura di attrezzature per l'allestimento della sala espositiva San F. Neri e dotazioni comando PM e manutenzione totem–,19.0,16/01/2026,27450.0,191200.0,B9DE004B8B,,MAXFON S.R.L.,True,False,
Determinazione_35__5112_VistoContabile,VistoContabile,Contabilità,,,,,27450.0,27450.0,B9DE004B8B,,MAXFON S.R.L.,True,False,
Determinazione_360__5654_DeterminadiLiquidazione_Copia_360_2026,Determinazione,Contabilità,Liquidazione,Liquidazione alla Cooperativa Ecovigilantes per il servizio di gestione integrata dei rifiuti solidi urbani a ridotto impatto ambientale mesi di: APRILE 2026.,209.0,15/05/2026,2260829.45,1649753.91,7584472849,,COOPERATIVA SOCIALE ECOVIGILANTES ONLUS,True,False,
Determinazione_360__5654_VistoContabile,VistoContabile,Contabilità,Liquidazione,,,,41244.97,41244.97,7584472849,,COOPERATIVA SOCIALE ECOVIGILANTES ONLUS,True,False,
Determinazione_361__5655_DeterminadiLiquidazione_Copia_361_2026,Determinazione,Contabilità,Liquidazione,Liquidazione alla Cooperativa Ecovigilantes per il servizio di spazzamento strade comunali mesi di: MARZO-APRILE 2026.,210.0,15/05/2026,31720.0,95160.0,,,COOPERATIVA SOCIALE ECOVIGILANTES ONLUS,True,False,
Determinazione_361__5655_VistoContabile,VistoContabile,Contabilità,Liquidazione,,,,31720.0,31720.0,,,COOPERATIVA SOCIALE ECOVIGILANTES ONLUS,True,False,
Determinazione_362023__4992_DeterminaaContrarre_Copia_729_2025,Determinazione,Affari Generali,Liquidazione,"DETERMINA A CONTRARRE ED AFFIDAMENTO DIRETTO AI SENSI DELL’ART. 50, COMMA 1, LETT. B), DEL D.LGS. N. 36/2023 E SS.MM.II. MEDIANTE TRATTATIVA DIRETTA SUL MEPA PER IL SERVIZIO DI WELFARE AZIENDALE. PROVVEDIMENTI. CIG B9925EC1B6.",66.0,16/12/2025,140000.0,49547.6,B9925EC1B6,,DAY RISTOSERVICE S.P.A. SOCIETA BENEFIT,True,False,
Determinazione_362023__4992_VistoContabile,VistoContabile,Contabilità,,,,,24587.6,24587.6,B9925EC1B6,,DAY RISTOSERVICE S.P.A. SOCIETA BENEFIT,True,False,
Determinazione_362023__4998_DeterminadiLiquidazione_Copia_731_2025,Determinazione,Ambiente,Liquidazione,Stipula di un Accordo Quadro (ex art. 59 del D. Lgs. n. 36/2023) - Servizi di supporto amministrativo all’Ufficio Tecnico – Protezione Civile – Ambiente – Territorio del Comune di Avella – ASSISTENZA AMMINISTRATIVA -,466.0,18/12/2025,60000.0,211932.0,B6752C3D90,,GAGLIONE PASQUALINA,True,False,
Determinazione_362023__4998_VistoContabile,VistoContabile,Contabilità,Liquidazione,,,,1266.0,1266.0,B6752C3D90,,GAGLIONE PASQUALINA,True,False,
Determinazione_362023__5010_DeterminadiLiquidazione_Copia_736_2025,Determinazione,Ambiente,Liquidazione,Stipula di un Accordo Quadro (ex art. 59 del D. Lgs. n. 36/2023) - Servizi di supporto tecnico-amministrativo all’Ufficio Tecnico – Protezione Civile – Ambiente – Territorio del Comune di Avella – ASSISTENZA TECNICO -,475.0,22/12/2025,75000.0,385576.91,B6752D8EE4,,NAPOLITANO SALVATORE,True,False,
Determinazione_362023__5010_VistoContabile,VistoContabile,Contabilità,Liquidazione,,,,11250.0,11250.0,B6752D8EE4,,NAPOLITANO SALVATORE,True,False,
Determinazione_362023__5042_DeterminadiLiquidazione_Copia_760_2025,Determinazione,Contabilità,Liquidazione,"Determinazione a contrattare e affidamento diretto, ai sensi dell’art. 50, comma 1, lett. b) del Dlgs n.36/2023, per la fornitura di materiale in uso presso l’ufficio di stato civile ed elettorale dell’Ente. Liquidazione fattura.",111.0,29/12/2025,616.1,3080.5,B84E93E648,,EUROPRINT,True,False,
Determinazione_362023__5042_VistoContabile,VistoContabile,Contabilità,Liquidazione,,,,616.1,616.1,B84E93E648,,EUROPRINT,True,False,
Determinazione_362023__5067_DeterminadiLiquidazione_Copia_9_2026,Determinazione,Contabilità,Liquidazione,"DETERMINA DI LIQUIDAZIONE PER L’AFFIDAMENTO DIRETTO AI SENSI DELL’ART. 50, COMMA 1, LETT. B), DEL D.LGS. N. 36/2023 E SS.MM.II. PER IL SERVIZIO DI WELFARE AZIENDALE. PROVVEDIMENTI.",2.0,08/01/2026,24587.6,24587.6,B9925EC1B6,,DAY RISTOSERVICE S.P.A. SOCIETA BENEFIT,True,False,
Determinazione_362023__5067_VistoContabile,VistoContabile,Contabilità,Liquidazione,,,,24587.6,24587.6,,,DAY RISTOSERVICE S.P.A. SOCIETA BENEFIT,True,False,
Determinazione_362023__5162_DeterminadiLiquidazione_Copia_70_2026,Determinazione,Ambiente,Liquidazione,Stipula di un Accordo Quadro (ex art. 59 del D. Lgs. n. 36/2023) - Servizi di supporto amministrativo all’Ufficio Tecnico – Protezione Civile – Ambiente – Territorio del Comune di Avella – ASSISTENZA AMMINISTRATIVA -,48.0,29/01/2026,60000.0,149875.0,B6752C3D90,,DIVERSI,True,False,
Determinazione_362023__5162_VistoContabile,VistoContabile,Contabilità,Liquidazione,,,,5975.0,5975.0,,,DIVERSI,True,False,
Determinazione_362023__5257_DeterminaaContrarre_Copia_117_2026,Determinazione,Contabilità,Nomina,"AFFIDAMENTO EX ART. 50, COMMA 1, LETT. B), D.LGS. N. 36/2023 E SS.MM.II. DEL SERVIZIO SOSTITUTIVO DI MENSA TRAMITE BUONI PASTO ELETTRONICI A VALORE DA GENNAIO 2026 A DICEMBRE 2027 – CIG BA30E71574.",10.0,19/02/2026,12000.0,12000.0,BA30E71574,,Pluxxe Italia Srl,True,False,
Determinazione_362023__5257_VistoContabile,VistoContabile,Contabilità,,,,,12000.0,12000.0,BA30E71574,,Pluxxe Italia Srl,True,False,
Determinazione_362023__5323_DeterminadiLiquidazione_Copia_159_2026,Determinazione,Regolamenti,Liquidazione,Stipula di un Accordo Quadro (ex art. 59 del D. Lgs. n. 36/2023) - Servizi di supporto amministrativo all’Ufficio Tecnico – Protezione Civile – Ambiente – Territorio del Comune di Avella – ASSISTENZA AMMINISTRATIVA -,113.0,05/03/2026,60000.0,220000.0,B6752C3D90,,GAGLIONE PASQUALINA,True,False,
Determinazione_362023__5323_VistoContabile,VistoContabile,Contabilità,Liquidazione,,,,20000.0,20000.0,B6752C3D90,,GAGLIONE PASQUALINA,True,False,
Determinazione_362023__5591_DeterminadiLiquidazione_Copia_322_2026,Determinazione,Ambiente,Liquidazione,Stipula di un Accordo Quadro (ex art. 59 del D. Lgs. n. 36/2023) - Servizi di supporto amministrativo all’Ufficio Tecnico – Protezione Civile – Ambiente – Territorio del Comune di Avella – ASSISTENZA AMMINISTRATIVA -,187.0,05/05/2026,60000.0,216000.0,B6752C3D90,,GAGLIONE PASQUALINA,True,False,
Determinazione_362023__5591_VistoContabile,VistoContabile,Contabilità,Liquidazione,,,,16000.0,16000.0,B6752C3D90,,GAGLIONE PASQUALINA,True,False,
Determinazione_362023__5616_DeterminadiLiquidazione_Copia_330_2026,Determinazione,Regolamenti,Liquidazione,Artt. 62 e ss. del D.Lgs. n. 36/2023 – SUA Provincia di Avellino – “Appalto integrato per la progettazione esecutiva e l’esecuzione dei lavori relativi al progetto per la Realizzazione Nuova Mensa Scolastica nel Plesso Scuola Media” – Anticipazione del 30% lavori e Progettazione esecutiva -,189.0,05/05/2026,690911.48,5130245.19,B5F4BB8D89,J25E24000150006,Natale Bernardo s.r.l.,True,False,
Determinazione_362023__5616_VistoContabile,VistoContabile,Contabilità,Liquidazione,,,,681378.65,681378.65,B5F4BB8D89,,Natale Bernardo s.r.l.,True,False,
Determinazione_362023__5635_DeterminadiImpegno_Copia_348_2026,Determinazione,Contabilità,,"Artt. 62 e ss. del D. Lgs. 36/2023 – SUA Provincia di Avellino – “PROCEDURA APERTA PER L'AFFIDAMENTO MEDIANTE PARTENARIATO PUBBLICO PRIVATO, AI SENSI DELL'ART. 193, COMMA 3, E DELLART. 176 E SS. DEL D.LGS. N. 36/2023, DELLA CONCESSIONE DEGLI INTERVENTI DI EFFICIENTAMENTO ENERGETICO E DELLA GESTIONE INTEGRATA DEI SERVIZI ENERGETICI DELLE SCUOLE DI PROPRIETÀ DEL COMUNE DI AVELLA”. CUP D69G18000040001 – CIG BB0640D558 - Aggiudicazione ai sensi dell’art. 17, comma 5, del D. Lgs. 36/2023 e provvedimenti consequenziali",198.0,12/05/2026,400000.0,77122.8,BB0640D558,D69G18000040001,Stazione Unica Appaltante della Provincia di Avellino,True,False,
Determinazione_362023__5635_VistoContabile,VistoContabile,Contabilità,,,,,10660.4,28481.2,,,Stazione Unica Appaltante della Provincia di Avellino,True,False,
Determinazione_362023__5673_DeterminadiLiquidazione_Copia_370_2026,Determinazione,Regolamenti,Liquidazione,"Artt. 62 e ss. del D.Lgs. n. 36/2023 – SUA Provincia di Avellino – “MIA – MUSEO IMMERSIVO E ARCHEOLOGICO DI AVELLA. RIMOZIONE DELLE BARRIERE FISICHE, SENSORIALI E COGNITIVE” - CIG B2BEB58EA2 – CUP J27B23000020001 -",218.0,21/05/2026,295579.3,417855.11,B2BEB58EA2,J27B23000020001,Stazione Unica Appaltante della Provincia di Avellino,True,False,
Determinazione_362023__5673_VistoContabile,VistoContabile,Contabilità,Liquidazione,,,,1127.68,1377.68,,J27B23000020001,Stazione Unica Appaltante della Provincia di Avellino,True,False,
Determinazione_362023__Vai,Determinazione,Servizi Demografici,Liquidazione,"Determinazione a contrattare e affidamento diretto, ai sensi dell’art. 50, comma 1, lett. b) del Dlgs n.36/2023, per la fornitura di materiale in uso presso l’ufficio di stato civile ed elettorale dell’Ente.",62.0,19/09/2025,616.1,7464.400000000001,B84E93E648,,EUROPRINT,True,False,
Determinazione_363__5657_DeterminadiLiquidazione_Copia_363_2026,Determinazione,Regolamenti,Liquidazione,"Contributi concessi con D.D. n°393 del 31/07/72024, per la riduzione del rischio sismico tramite la realizzazione di studi di microzonazione sismica e analisi della CLE – Servizi di consulenza geologica e geofisica -",213.0,18/05/2026,129096242.62,129394941.1,B4CA8C3F40,,REGA GIUSEPPE,True,False,
Determinazione_363__5657_VistoContabile,VistoContabile,Contabilità,Liquidazione,,,,100000.0,119285.5,B4CA8C3F40,,REGA GIUSEPPE,True,False,
Determinazione_367__5670_DeterminadiLiquidazione_Copia_367_2026,Determinazione,Contabilità,Liquidazione,"interventi di potatura, manutenzione verde e sistemazione delle aree pubbliche –",216.0,20/05/2026,70000.0,258220.0,B66C00DBB9,,ARBUCCI VITO,True,False,
Determinazione_367__5670_VistoContabile,VistoContabile,Contabilità,Liquidazione,,,,27676.0,27676.0,,,ARBUCCI VITO,True,False,
Determinazione_368__5671_DeterminadiLiquidazione_Copia_368_2026,Determinazione,Ambiente,Liquidazione,Servizi di fornitura di attrezzature per l'allestimento della sala espositiva San F. Neri e dotazioni comando PM e manutenzione totem–,200.0,12/05/2026,63498.32,218298.32,B9DE004B8B,,MAXFON S.R.L.,True,False,
Determinazione_368__5671_VistoContabile,VistoContabile,Contabilità,Liquidazione,,,,63498.32,90948.32,B9DE004B8B,,MAXFON S.R.L.,True,False,
Determinazione_36__5113_DeterminadiLiquidazione_Copia_36_2026,Determinazione,Lavori Pubblici,Liquidazione,"Redazione del progetto esecutivo ed esecutivo e Direzione dei Lavori, relativamente all’intervento PNRR M1C3 – Investimento 1.2 “Rimozione delle barriere fisiche e cognitive in musei, biblioteche e archivi – Area Anfiteatro Romano - servizio di architettura –",28.0,22/01/2026,498552.0,373286.28,9897926AEB,J27B23000010001,SPIZUOCO GIOVANNI,True,False,
Determinazione_36__5113_VistoContabile,VistoContabile,Contabilità,Liquidazione,,,,40320.0,40320.0,9897926AEB,J27B23000010001,SPIZUOCO GIOVANNI,True,False,
Determinazione_371__5674_DeterminadiLiquidazione_Copia_371_2026,Determinazione,Contabilità,Liquidazione,"PNRR – Missione 4 – Istruzione e Ricerca – Componente 1 – per la messa in sicurezza e/o realizzazione di mense scolastiche, da finanziare nell’ambito– Potenziamento dell’offerta dei servizi di istruzione: dagli asili nido alle università – Investimento 1.2: “Piano di estensione del tempo pieno e mense”, finanziato dall’Unione europea – Next Generation EU”. Servizi professionali per la direzione dei lavori nell'ambito del progetto “Progetto per la Realizzazione di una Nuova Mensa Scolastica nel plesso Scuole Medie” – DETERMIDA DI LIQUIDAZIONE. – ACCONTO.",214.0,18/05/2026,515481082.75,519213436.07,B97F43CECD,J25E24000230006,FLAD S.R.L.,True,False,
Determinazione_371__5674_VistoContabile,VistoContabile,Contabilità,Liquidazione,,,,160443.32,215343.32,B97F43CECD,J25E24000230006,FLAD S.R.L.,True,False,
Determinazione_372__5678_DeterminadiLiquidazione_Copia_372_2026,Determinazione,Ambiente,Liquidazione,“Servizi integrati di supporto specialistico in ambiente ICT finalizzati al supporto Tecnico informatico del Servizio Tecnico – Ambiente – Protezione Civile-Ufficio Turistico- Acquedotto” – III Acconto.,219.0,25/05/2026,43540.12,224027.72,BA3E42D686,,Computer Lab Di Giovanni Notaro,True,False,
Determinazione_372__5678_VistoContabile,VistoContabile,Contabilità,Liquidazione,,,,14000.0,18780.12,BA3E42D686,,Computer Lab Di Giovanni Notaro,True,False,
Determinazione_373__5679_DeterminadiLiquidazione_Copia_373_2026,Determinazione,Contabilità,Liquidazione,"Servizi di supporto tecnico-amministrativo per la programmazione, gestione, attuazione, monitoraggio e rendicontazione nell’ambito del “Progetto per la Realizzazione di una Nuova Mensa Scolastica nel plesso Scuole Medie” –",215.0,19/05/2026,160443.32,528476.64,BB3D6CBB95,J25E24000230006,ANGIERI GABRIELE,True,False,
Determinazione_373__5679_VistoContabile,VistoContabile,Contabilità,Liquidazione,,,,160443.32,328186.64,BB3D6CBB95,J25E24000230006,ANGIERI GABRIELE,True,False,
Determinazione_374__5680_DeterminadiImpegno_Copia_374_2026,Determinazione,Contabilità,Liquidazione,ACQUISTO LICENZE SOFTWARE Connet CDS. Partner tecnologico Deda Next Srl,11.0,26/05/2026,6001.18,197380.54,BBCCFDE6A0,,DEDA NEXT Srl,True,False,
Determinazione_374__5680_VistoContabile,VistoContabile,Contabilità,,,,,6001.18,6001.18,BBCCFDE6A0,,DEDA NEXT Srl,True,False,
Determinazione_375__5681_DeterminadiLiquidazione_Copia_375_2026,Determinazione,Contabilità,Liquidazione,"Determina di Liquidazione del servizio di smaltimento della frazione merceologica di rifiuti differenziati raccolti nel territorio del comune – codice CER 20.01.08, periodo 14.04.2026 al 21.04.2026.",220.0,26/05/2026,3815.68,19078.4,BBB9656AAC,,INTERECO s.r.l.,True,False,
Determinazione_375__5681_VistoContabile,VistoContabile,Contabilità,Liquidazione,,,,3815.68,3815.68,BBB9656AAC,,INTERECO s.r.l.,True,False,
Determinazione_376__5682_DeterminadiLiquidazione_Copia_376_2026,Determinazione,Contabilità,Liquidazione,"Determina di Liquidazione del servizio di smaltimento della frazione merceologica di rifiuti differenziati raccolti nel territorio del comune – codice CER 20.01.08, periodo 24.04.2026 al 05.05.2026.",221.0,26/05/2026,4025.47,20127.35,BBB9675443,,INTERECO s.r.l.,True,False,
Determinazione_376__5682_VistoContabile,VistoContabile,Contabilità,Liquidazione,,,,4025.47,4025.47,BBB9675443,,INTERECO s.r.l.,True,False,
Determinazione_377__5683_DeterminadiLiquidazione_Copia_377_2026,Determinazione,Regolamenti,Liquidazione,"Servizio di manutenzione, restyling e aggiornamento funzionale del sito web “AvellArte” -",222.0,26/05/2026,63498.32,119130.32,B9A0ED7776,,Computer Lab Di Giovanni Notaro,True,False,
Determinazione_377__5683_VistoContabile,VistoContabile,Contabilità,Liquidazione,,,,63498.32,67402.32,B9A0ED7776,,Computer Lab Di Giovanni Notaro,True,False,
Determinazione_379__5685_DeterminadiImpegno_Copia_379_2026,Determinazione,Contabilità,Concorso,AFFIDAMENTO DIRETTO AI SENSI DELL'ART. 50 DLGS. 36/2023 PER IL SERVIZIO DI VISITA GUIDATA PER IL GIORNO 31 MAGGIO 2026.,29.0,27/05/2026,150.0,600.0,BBD23D7284,,TORRE MARIAGRAZIA,True,False,
Determinazione_379__5685_VistoContabile,VistoContabile,Contabilità,,,,,150.0,150.0,BBD23D7284,,TORRE MARIAGRAZIA,True,False,
Determinazione_37__5114_DeterminadiLiquidazione_Copia_37_2026,Determinazione,Regolamenti,Liquidazione,"Artt. 62 e ss. del D. Lgs. 36/2023 – SUA Provincia di Avellino – “ANFITEATRO ROMANO, RIMOZIONE DELLE BARRIERE FISICHE, SENSORIALI E COGNITIVE” - CIG B2A7BB085C – CUP J27B23000010001-",29.0,22/01/2026,371697.85,2175590.58,B2A7BB085C,J27B23000010001,DIVERSI,True,False,
Determinazione_37__5114_VistoContabile,VistoContabile,Contabilità,Liquidazione,,,,371697.85,371697.85,,J27B23000010001,DIVERSI,True,False,
Determinazione_380__5686_DeterminaGenerica_Copia_380_2026,Determinazione,Contabilità,Liquidazione,Liquidazione indennità di reggenza/supplenza ai sensi dell’art. 62 del C.C.N.L. Funzioni Locali 16.07.2024 – Periodo dal 01.03.2026 al 30.04.2026.,31.0,26/05/2026,233.0,0.0,,,,True,True,
Determinazione_380__5686_VistoContabile,VistoContabile,Contabilità,,,,,,0.0,,,,True,False,
Determinazione_381__5688_DeterminadiLiquidazione_Copia_381_2026,Determinazione,Contabilità,Liquidazione,PROGETTO SERVIZI APPLICATIVI ACCRUAL- ADEGUAMENTO SOFTWERE ACCRUAL CON SUPPORTO ALLA REDAZIONE DEGLI SCHEMI DI RENDICONTAZIONE ECONOMICO PATRIMONIALI PREVISTI DAL D.LGS 118/2011- LIQUIDAZIONE SERVIZIO CONTABILITA' ECONOMICO PATRIMONIALE 2025,35.0,27/05/2026,11000.0,15950.0,,,DEDA NEXT Srl,True,False,
Determinazione_381__5688_VistoContabile,VistoContabile,Contabilità,Liquidazione,,,,11000.0,11000.0,,,DEDA NEXT Srl,True,False,
Determinazione_382__5690_DeterminaGenerica_Copia_382_2026,Determinazione,Affari Generali,,Rilascio nulla osta all'utilizzo temporaneo del veicolo di proprietà comunale targato FV182Wf in dotazione al Corpo di Polizia Locale.,224.0,28/05/2026,,0.0,,,,True,True,
Determinazione_384__5696_DeterminaGenerica_Copia_384_2026,Determinazione,Contabilità,Liquidazione,Autorizzazione per lavorazioni di fornitura e relativa posa in opera di strutture in legno con relativa copertura per la realizzazione della Nuova Mensa Scolastica nel plesso Scuola Media,229.0,29/05/2026,618043.53,978043.53,B5F4BB8D89,J25E24000230006,,True,False,
Determinazione_386__5700_DeterminadiLiquidazione_Copia_386_2026,Determinazione,Contabilità,Liquidazione,"Fondi PNRR ‐ “Piano Nazionale di Ripresa e Resilienza”, nell’ambito della Missione 4 – Istruzione e Ricerca – Componente 1 – Potenziamento dell’offerta dei servizi di istruzione: dagli asili nido alle Università – Investimento 1.1: “Piano per asili nido e scuole dell’infanzia e servizi di educazione e cura per la prima infanzia” REALIZZAZIONE DI UN NUOVO EDIFICIO ADIBITO AD ASILO NIDO FABBRICATO SITO IN VIA DE SANCTIS -",225.0,28/05/2026,734955734.85,735029744.0500001,,J25E24000050006,DIVERSI BENEFICIARI,True,False,
Determinazione_386__5700_VistoContabile,VistoContabile,Contabilità,Liquidazione,,,,43139.2,53429.2,,J25E24000050006,DIVERSI BENEFICIARI,True,False,
Determinazione_387__5701_DeterminadiLiquidazione_Copia_387_2026,Determinazione,Contabilità,Liquidazione,"LIQUIDAZIONE rata servizi, di gestione, esercizio, manutenzione ordinaria e straordinaria dell’impianto di illuminazione pubblica, ivi comprese le attività di messa a norma dell’impianto, dell’ammodernamento tecnologico e funzionale nonché delle attività finalizzate al conseguimento del risparmio energetico – maggio 2026.",226.0,28/05/2026,22752.88,68258.64,7564700BE9,,G.I.P.A. SRL,True,False,
Determinazione_387__5701_VistoContabile,VistoContabile,Contabilità,Liquidazione,,,,22752.88,22752.88,7564700BE9,,G.I.P.A. SRL,True,False,
Determinazione_388__5713_DeterminadiLiquidazione_Copia_388_2026,Determinazione,Contabilità,Liquidazione,Liquidazione ditta Tuttosegnaletica Srl per fornitura segnaletica stradale verticale,12.0,29/05/2026,778.3,4950.5,B78000EF5B,,Tuttosegnaletica Srl,True,False,
Determinazione_388__5713_VistoContabile,VistoContabile,Contabilità,Liquidazione,,,,778.3,778.3,B78000EF5B,,Tuttosegnaletica Srl,True,False,
Determinazione_389__5702_DeterminadiImpegno_Copia_389_2026,Determinazione,Contabilità,,Affidamento del servizio di manutenzione e/o sostituzione estintori collocati nei plessi scolastici e negli edifici comunali - D.P.R. 457 – Legge 626/1994.,227.0,29/05/2026,5000.0,6717.76,BBA9157931,,SMEAR di Antonio Picillo,True,False,
Determinazione_389__5702_VistoContabile,VistoContabile,Contabilità,,,,,858.88,858.88,BBA9157931,,SMEAR di Antonio Picillo,True,False,
Determinazione_38__5119_DeterminadiLiquidazione_Copia_38_2026,Determinazione,Contabilità,Liquidazione,LIQUIDAZIONE FATTURE PER FORNITURA DI ENERGIA ELETTRICA -,5.0,23/01/2026,69779.75,156208.54,,,UNICA SPA,True,False,
Determinazione_38__5119_VistoContabile,VistoContabile,Contabilità,Liquidazione,,,,49525.47,81428.79,,,UNICA SPA,True,False,
Determinazione_390__5703_DeterminadiLiquidazione_Copia_390_2026,Determinazione,Contabilità,Liquidazione,Ministro dell’Istruzione e del Merito - Piano Nazionale di Ripresa e Resilienza - Missione 4 Componente 1: Potenziamento dell’offerta dei servizi di istruzione: dagli asili nido alle Università - Servizi professionali per la Direzione dei Lavori e Coordinamento della Sicurezza in fase di esecuzione nell’ambito del progetto per la Realizzazione di un nuovo edificio adibito ad Asilo Nido sito in via De Sanctis – DETERMIDA DI LIQUIDAZIONE – I ACCONTO,228.0,29/05/2026,734955734.85,737710530.85,B6457BC209,J25E24000050006,FLAD S.R.L.,True,False,
Determinazione_390__5703_VistoContabile,VistoContabile,Contabilità,Liquidazione,,,,39528.0,39528.0,,J25E24000050006,FLAD S.R.L.,True,False,
Determinazione_391__5705_ALLEGATO_B,Determinazione,Contabilità,,,,,,0.0,,,,True,True,
Determinazione_391__5705_DeterminaGenerica_Copia_391_2026,Determinazione,Cultura e Turismo,,Approvazione schema di Manifestazione di Interesse per l’individuazione di operatori economici e soggetti qualificati per la realizzazione di laboratori didattici e attività educative rivolte alle scuole di ogni ordine e grado – Catalogo dell’Offerta Didattica A.S. 2026/2027 e relativi allegati.,30.0,29/05/2026,,0.0,,,,True,True,
Determinazione_391__5705_allegato_a_corretto,Determinazione,Cultura e Turismo,,,,,,0.0,,,,True,True,
Determinazione_391__allegato1780482506,Determinazione,Regolamenti,,Approvazione schema di Manifestazione di Interesse per l’individuazione di operatori economici e soggetti qualificati per la realizzazione di laboratori didattici e attività educative rivolte alle scuole di ogni ordine e grado – Catalogo dell’Offerta Didattica A.S. 2026/2027 e relativi allegati.,18.0,10/02/2026,,0.0,,,,True,True,
Determinazione_391__allegato1780482543,Determinazione,Cultura e Turismo,Bando,"Schema di manifestazione di Interesse per l’individuazione di operatori economici e soggetti qualificati per la realizzazione di laboratori didattici e attività educative rivolte alle scuole di ogni ordine e grado Catalogo dell’Offerta Didattica A.S. 2026/2027 AVVISO PUBBLICO Il Comune di Avella, nell’ambito delle attività di valorizzazione del patrimonio culturale, archeologico, ambientale e museale del territorio, intende predisporre il Catalogo dell’Offerta Didattica 2026/2027, rivolto alle istituzioni scolastiche di ogni ordine e grado. A tal fine, il Comune invita operatori economici, associazioni, cooperative, professionisti, enti del terzo settore, guide abilitate, esperti e soggetti qualificati a presentare una manifestazione di interesse per proporre laboratori didattici, visite guidate e attività educative da inserire nel catalogo. 1. Finalità dell’Avviso L’iniziativa è finalizzata a: • ampliare l’offerta educativa e culturale del territorio; • promuovere la conoscenza del patrimonio storico, archeologico, artistico e naturalistico di Avella; • favorire esperienze formative innovative e inclusive; • creare una rete di operatori specializzati nella didattica per le scuole; • offrire alle istituzioni scolastiche un catalogo strutturato di attività prenotabili. 2. Soggetti Ammessi Possono presentare domanda: • associazioni culturali e di promozione sociale; • cooperative sociali e imprese culturali e creative; • fondazioni ed enti del terzo settore; • professionisti e ...",,,,0.0,,,,True,True,
Determinazione_392026__5403_DeterminadiImpegnoeLiquidazione_Cop2026,Determinazione,Contenzioso,Liquidazione,ESECUZIONE DELIBERAZIONE DI G.C. N. 39/2026. CON OGGETTO “INCARICO LEGALE PER LA PROPOSIZIONE DEL GIUDIZIO DI APPELLO AVVERSO LA SENTENZA N. 396/2026 RESA DAL TRIBUNALE CIVILE DI AVELLINO NEL GIUDIZIO CONTRO LA SIG.RA V.M.”. PROVVEDIMENTI.,138.0,18/03/2026,3000.0,3804.0,,,DIVERSI,True,False,
Determinazione_392026__5403_VistoContabile,VistoContabile,Contabilità,Liquidazione,,,,3000.0,3804.0,,,DIVERSI,True,False,
Determinazione_392__5710_DeterminadiImpegno_Copia_392_2026,Determinazione,Affari Generali,Liquidazione,Lavori di preparazione del fondo e di scavo archeologico preventivo nell'ambito della realizzazione del nuovo Asilo Nido Comunale – Aggiudicazione definitiva,230.0,01/06/2026,155430.0,881060.0,BBD7E79D66,,COIN srl,True,False,
Determinazione_392__5710_VistoContabile,VistoContabile,Contabilità,,,,,78749.61,155430.0,BBD7E79D66,,COIN srl,True,False,
Determinazione_393__5711_DeterminaGenerica_Copia_393_2026,Determinazione,Ambiente,Liquidazione,"Interventi di adeguamento alla normativa antincendio dell’edificio scolastico Scuola Primaria “S. Arbucci” sito in via De Sanctis, 17 - Decreto M.I. nr 43 del 30.06.2020, attraverso piattaforma Mepa.",231.0,03/06/2026,75000.0,518025.0,,J26B20000220001,,True,False,
Determinazione_393__5711_VistoContabile,VistoContabile,Contabilità,,,,,,0.0,,,,True,False,
Determinazione_3962026__5402_DeterminadiLiquidazione_Copia_206_2026,Determinazione,Contenzioso,Liquidazione,Giudizio promosso dinanzi al Tribunale di Avellino da Vetrano Marianna conclusosi con Sentenza n. 396/2026. Liquidazione onorari. Provvedimenti.,137.0,18/03/2026,2392.0,11956.0,ZDB306CEFD,,PICCIOCCHI RACHELE,True,False,
Determinazione_3962026__5402_VistoContabile,VistoContabile,Contabilità,Liquidazione,,,,2392.0,2392.0,,,PICCIOCCHI RACHELE,True,False,
Determinazione_39__5122_DeterminadiLiquidazione_Copia_39_2026,Determinazione,Regolamenti,Liquidazione,"Contributi concessi con D.D. n°393 del 31/07/72024, per la riduzione del rischio sismico tramite la realizzazione di studi di microzonazione sismica e analisi della CLE – Servizi di consulenza geologica e geofisica -",30.0,22/01/2026,129096242.62,129289010.62,B4CA8C3F40,,REGA GIUSEPPE,True,False,
Determinazione_39__5122_VistoContabile,VistoContabile,Contabilità,Liquidazione,,,,34500.0,46000.0,B4CA8C3F40,,REGA GIUSEPPE,True,False,
Determinazione_3__5070_DeterminadiLiquidazione_Copia_3_2026,Determinazione,Contabilità,Liquidazione,SERVIZIO DI EROGAZIONE AL PERSONALE DIPENDENTE DEL SERVIZIO SOSTITUTIVO DI MENSA TRAMITE BUONI PASTO ELETTRONICI A VALORE –LIQUIDAZIONE DI SPESA. PROVVEDIMENTI.,1.0,08/01/2026,2428.89,2428.89,B12A6AAF0E,,DAY RISTOSERVICE S.P.A. SOCIETA BENEFIT,True,False,
Determinazione_3__5070_VistoContabile,VistoContabile,Contabilità,Liquidazione,,,,2428.89,2428.89,B12A6AAF0E,,DAY RISTOSERVICE S.P.A. SOCIETA BENEFIT,True,False,
Determinazione_3__5325_DeterminadiImpegnoeLiquidazione_Cop2026,Determinazione,Contabilità,Liquidazione,Installazione presso gli Uffici Comunali di n. 3 (tre) terminali modello “SMARTPOS MINI PagoPA”.,9.0,04/03/2026,180.0,420.0,,,ASMEL ASSOCIAZIONE PER LA SUSSUDARIETA E LA MODERNIZZA,True,False,
Determinazione_3__5325_VistoContabile,VistoContabile,Contabilità,Liquidazione,,,,180.0,180.0,,,ASMEL ASSOCIAZIONE PER LA SUSSUDARIETA E LA MODERNIZZA,True,False,
Determinazione_3__5325_allegato_schema_di_convenzione,Determinazione,Contabilità,Liquidazione,,,,140086201.8,120.0,,,,True,False,
Determinazione_41__5123_DeterminadiLiquidazione_Copia_41_2026,Determinazione,Servizi Sociali,Liquidazione,"Servizio di noleggio per stampanti fotocopiatrici multifunzione compreso di assistenza, forniture ricambi e copie mensili B/N e a colori . -",31.0,22/01/2026,4977.6,24888.0,B7B8482331,,Copy Service di Sommese Giuseppe,True,False,
Determinazione_41__5123_VistoContabile,VistoContabile,Contabilità,Liquidazione,,,,4977.6,4977.6,B7B8482331,,Copy Service di Sommese Giuseppe,True,False,
Determinazione_42__5120_DeterminadiLiquidazione_Copia_42_2026,Determinazione,Contabilità,Liquidazione,Liquidazione di spesa per servizio smaltimento rifiuti legnosi derivanti dalle utenze domestiche periodo SETTEMBRE-OTTOBRE-NOVEMBRE 2025,32.0,22/01/2026,5003.86,26948.86,Z2B3D668EC,,DIVERSI,True,False,
Determinazione_42__5120_VistoContabile,VistoContabile,Contabilità,Liquidazione,,,,5003.86,5003.86,,,DIVERSI,True,False,
Determinazione_43__5128_DeterminadiLiquidazione_Copia_43_2026,Determinazione,Contabilità,Liquidazione,"AFFIDAMENTO DIRETTO A SEGUITO DI T.D. ID5636164 DEL SERVIZIO DI TRASPORTO DEGLI STUDENTI DELLA SCUOLA DELL'INFANZIA E PRIMARIA AI SENSI DELLART. 50, COMMA 1, LETT. B) E DELLART. 128 D. LGS. 36/2023 PER",7.0,23/01/2026,5578.98,16887.3,B861BD03AE,,ACIERNO vincenzo di ACIERNO LUIGI,True,False,Partita IVA 01857520000 formalmente errata (Checksum fallito)
Determinazione_43__5128_VistoContabile,VistoContabile,Contabilità,Liquidazione,,,,3421.02,5729.34,B861BD03AE,,ACIERNO vincenzo di ACIERNO LUIGI,True,False,Partita IVA 01857520000 formalmente errata (Checksum fallito)
Determinazione_44272020__5068_DeterminadiLiquidazione_Copia_8_2026,Determinazione,Contenzioso,Liquidazione,GIUDIZIO CIVILE R.G. N. 4427/2020 INNANZI IL TRIBUNALE CIVILE DI AVELLINO TRA GLI EX AMMINISTRATORI E FUNZIONARI DELL’ENTE E IL COMUNE DI AVELLA. LIQUIDAZIONE DELLE COMPETENZE PROFESSIONALI IN FAVORE DELL’AVV. GIORGIO PALMA. PROVVEDIMENTI.,4.0,09/01/2026,2600.0,5398.98,,,PALMA GIORGIO,True,False,
Determinazione_44272020__5068_VistoContabile,VistoContabile,Contabilità,Liquidazione,,,,2231.2,5398.98,,,PALMA GIORGIO,True,False,
Determinazione_44__5129_DeterminaGenerica_Copia_44_2026,Determinazione,Contabilità,Nomina,Individuazione e attribuzione della figura di specifica Responsabilità – Ag. REGA Gianpaolo.,1.0,23/01/2026,,0.0,,,,True,True,
Determinazione_44__5129_VistoContabile,VistoContabile,Contabilità,,,,,,0.0,,,,True,False,
Determinazione_45__5121_DeterminadiLiquidazione_Copia_45_2026,Determinazione,Contabilità,Liquidazione,Liquidazione di spesa per rinnovo polizza assicurativa scadenza annuale per autocarro comunale ed automezzo comunale in dotazione alla Polizia Municipale.,35.0,23/01/2026,1350.0,5400.0,ZBD31E57BA,,MARF BROKER SNC DI MARCO MATTA E FRANCESCO SQUILLANTE,True,False,
Determinazione_45__5121_VistoContabile,VistoContabile,Contabilità,Liquidazione,,,,1350.0,1350.0,ZBD31E57BA,,MARF BROKER SNC DI MARCO MATTA E FRANCESCO SQUILLANTE,True,False,
Determinazione_462025__5195_DeterminadiLiquidazione_Copia_95_2026,Determinazione,Contenzioso,Liquidazione,"Esecuzione deliberazione di Consiglio Comunale n. 46/2025: Riconoscimento debito fuori bilancio ai sensi dell’art. 194, comma 1, lett. a), del D.lgs. n. 267/2000 e ss.mm.ii. – Sentenza n. 1469/2025 resa dal Tribunale Civile di Avellino nel giudizio R.G. n. 443/2021. Provvedimenti.",7.0,04/02/2026,111283.54,333850.62,,,DIVERSI,True,False,
Determinazione_462025__5195_VistoContabile,VistoContabile,Contabilità,Liquidazione,,,,111283.54,333850.62,,,DIVERSI,True,False,
Determinazione_46772021__5590_DeterminadiLiquidazione_Copia_320_2026,Determinazione,Contenzioso,Liquidazione,GIUDIZIO CIVILE R.G. N. 4677/2021 INNANZI IL TRIBUNALE CIVILE DI AVELLINO TRA DON G.G. E IL COMUNE DI AVELLA. LIQUIDAZIONE DELLE COMPETENZE PROFESSIONALI IN FAVORE DELL’AVV. CARMINE CORRADO. PROVVEDIMENTI.,26.0,05/05/2026,3681.6,7181.6,Z883586EEB,,CORRADO CARMINE,True,False,
Determinazione_46772021__5590_VistoContabile,VistoContabile,Contabilità,Liquidazione,,,,3681.6,7181.6,Z1E2EAC505,,CORRADO CARMINE,True,False,
Determinazione_46__5134_DeterminadiLiquidazione_Copia_46_2026,Determinazione,Contabilità,Liquidazione,Liquidazione alla Cooperativa Ecovigilantes per il servizio di spazzamento strade comunali mesi di: DICEMBRE 2025,33.0,23/01/2026,15860.0,47580.0,62754411BD,,COOPERATIVA SOCIALE ECOVIGILANTES ONLUS,True,False,
Determinazione_46__5134_VistoContabile,VistoContabile,Contabilità,Liquidazione,,,,15860.0,15860.0,,,COOPERATIVA SOCIALE ECOVIGILANTES ONLUS,True,False,
Determinazione_476__5652_DeterminaaContrarre_Copia_356_2026,Determinazione,Lavori Pubblici,Liquidazione,"Determina a contrarre per l’affidamento dei lavori nell’ambito dell’intervento denominato “Lavori di riqualificazione rete idrica comunale – Lotto 1 – Realizzazione sistema di contabilizzazione, telegestione e controllo della rete idrica Comunale di Avella” - PR Campania FESR 2021-2027 – Obiettivo di Policy 2 – Asse II – Obiettivo Specifico 2.5 AZIONE 2.5.1_ D.G.R. n. 476 del 01/08/2023 Importo € 1.030.525,16 CUP J21E17000260001 Codice SURF OP_26827 23047BP000000028",207.0,14/05/2026,1030525.16,11863926.09,,J21E17000260001,DIVERSI,True,False,
Determinazione_476__5652_VistoContabile,VistoContabile,Contabilità,,,,,630525.0,962459.45,,J21E17000260001,DIVERSI,True,False,
Determinazione_47__5135_DeterminadiLiquidazione_Copia_47_2026,Determinazione,Contabilità,Liquidazione,Liquidazione alla Cooperativa Ecovigilantes per il servizio di gestione integrata dei rifiuti solidi urbani a ridotto impatto ambientale mesi di: DICEMBRE 2025.,34.0,23/01/2026,2260829.45,1649753.91,7584472849,,COOPERATIVA SOCIALE ECOVIGILANTES ONLUS,True,False,
Determinazione_47__5135_VistoContabile,VistoContabile,Contabilità,Liquidazione,,,,28907.84,41244.97,7584472849,,COOPERATIVA SOCIALE ECOVIGILANTES ONLUS,True,False,
Determinazione_4922026__5601_DeterminadiImpegno_Copia_324_2026,Determinazione,Contenzioso,Liquidazione,INCARICO LEGALE PER IL GIUDIZIO DI APPELLO INNANZI LA CORTE DI APPELLO DI NAPOLI PROPOSTO DA DON G.G. AVVERSO LA SENTENZA N. 492/2026 RESA DAL TRIBUNALE CIVILE DI AVELLINO. ESECUZIONE DELIBERAZIONE DI G.C. N. 56/2026. PROVVEDIMENTI.,27.0,05/05/2026,2000.0,2000.0,BB85A5B547,,CORRADO CARMINE,True,False,
Determinazione_4922026__5601_VistoContabile,VistoContabile,Contenzioso,,,,,2000.0,2000.0,BB85A5B547,,CORRADO CARMINE,True,False,
Determinazione_4__5071_DeterminadiLiquidazione_Copia_4_2026,Determinazione,Affari Generali,Liquidazione,"Interventi di impermeabilizzazione strutture comunali, sistemazione caditoie stradali ed opere in ferro -",3.0,08/01/2026,63498.32,314142.32,B9056C2C83,,GIOSA IMMOBILIARE SRL,True,False,
Determinazione_4__5071_VistoContabile,VistoContabile,Contabilità,Liquidazione,,,,63498.32,89018.32,B9056C2C83,,GIOSA IMMOBILIARE SRL,True,False,
Determinazione_502016__5022_DeterminadiLiquidazione_Copia_750_2025,Determinazione,Contabilità,Liquidazione,"Art. 37 Decreto Legislativo n. 50/2016. Centrale Unica di Committenza per l'acquisizione di lavori, servizi e forniture. Servizio redazione Piano Urbanistico Comunale ( PUC ) e allegati nel Comune di Avella.",480.0,23/12/2025,84279.42,360007.11,807360017D,,DIVERSI,True,False,Partita IVA 00000234552 formalmente errata (Checksum fallito)
Determinazione_502016__5022_VistoContabile,VistoContabile,Contabilità,Liquidazione,,,,42302.24,42302.24,,,DIVERSI,True,False,Partita IVA 00000234552 formalmente errata (Checksum fallito)
Determinazione_502016__5656_DeterminadiLiquidazione_Copia_362_2026,Determinazione,Contabilità,Liquidazione,"Art. 37 Decreto Legislativo n. 50/2016. Centrale Unica di Committenza per l'acquisizione di lavori, servizi e forniture. Servizio redazione Piano Urbanistico Comunale ( PUC ) e allegati nel Comune di Avella.",211.0,15/05/2026,84279.42,334339.75,807360017D,,DIVERSI,True,False,Partita IVA 00000234552 formalmente errata (Checksum fallito)
Determinazione_502016__5656_VistoContabile,VistoContabile,Contabilità,Liquidazione,,,,16636.9,16636.9,,,DIVERSI,True,False,Partita IVA 00000234552 formalmente errata (Checksum fallito)
Determinazione_50__5138_DeterminadiLiquidazione_Copia_50_2026,Determinazione,Contabilità,Liquidazione,LIQUIDAZIONE SERVIZIO PER POSTALIZZAZIONE TARI 2023,6.0,26/01/2026,1157.01,3511.89,ZAD3C23998,,POSTE CENTRALI CORNER di Ruberto Antonella,True,False,
Determinazione_50__5138_VistoContabile,VistoContabile,Contabilità,Liquidazione,,,,1157.01,1157.01,ZAD3C23998,,POSTE CENTRALI CORNER di Ruberto Antonella,True,False,
Determinazione_51__5137_DeterminadiLiquidazione_Copia_51_2026,Determinazione,Contabilità,Liquidazione,"RENDICONTAZIONE ECONOMATO IV TRIMESTRE ( OTTOBRE, NOVEMBRE, DICEMBRE ) ANNO 2025",4.0,22/01/2026,548.8,119955.16,,,CARUSO ROSA,True,False,
Determinazione_51__5137_VistoContabile,VistoContabile,Contabilità,Liquidazione,,,,548.8,4485.16,,,CARUSO ROSA,True,False,
Determinazione_52__5139_DeterminaGenerica_Copia_52_2026,Determinazione,Contabilità,Nomina,REFERENDUM COSTITUZIONALE DI DOMENICA 22 E LUNEDI’ 23 MARZO 2026 – COSTITUZIONE UFFICIO ELETTORALE COMUNALE - AUTORIZZAZIONE ALLO SVOLGIMENTO DI LAVORO STRAORDINARIO AL PERSONALE DIPENDENTE.,8.0,26/01/2026,,0.0,,,,True,True,
Determinazione_53__5141_DeterminadiLiquidazione_Copia_53_2026,Determinazione,Contabilità,Liquidazione,LIQUIDAZIONE DIRITTI DI ROGITO - SALDO 2025,7.0,26/01/2026,3265.34,12817.77,,,URCIUOLI STEFANIA,True,False,
Determinazione_53__5141_VistoContabile,VistoContabile,Contabilità,Liquidazione,,,,3265.34,5509.9400000000005,,,URCIUOLI STEFANIA,True,False,
Determinazione_55__5143_DeterminadiLiquidazione_Copia_55_2026,Determinazione,Contabilità,Liquidazione,"Determina di Liquidazione del servizio di smaltimento della frazione merceologica di rifiuti differenziati raccolti nel territorio del comune – codice CER 20.01.08, periodo 05.11.2025 al 25.11.2025.",38.0,26/01/2026,26747.76,46651.24,B9724CC003,,INTERECO s.r.l.,True,False,
Determinazione_55__5143_VistoContabile,VistoContabile,Contabilità,Liquidazione,,,,26747.76,26747.76,,,INTERECO s.r.l.,True,False,
Determinazione_560__Vai,Determinazione,Servizi Demografici,,Rettifica per mero errore materiale alla Determinazione n. 560 del 08/10/2025.,72.0,08/10/2025,,0.0,,,,True,True,
Determinazione_5692025__5588_DeterminaGenerica_Copia_315_2026,Determinazione,Contenzioso,Liquidazione,INCARICO LEGALE PER LA COSTITUZIONE NEL GIUDIZIO DI APPELLO PROPOSTO DA HERA COMM S.P.A. AVVERSO LA SENTENZA CIVILE N. 569/2025 INNANZI LA CORTE DI APPELLO DI NAPOLI. ESECUZIONE DELIBERAZIONE DI G.C. N. 13/2026. PROVVEDIMENTI.,25.0,04/05/2026,6000.0,0.0,BB7B125223,,,True,True,
Determinazione_5692025__5588_VistoContabile,VistoContabile,Contabilità,,,,,,0.0,,,,True,False,
Determinazione_5692025__5589_DeterminaGenerica_Copia_314_2026,Determinazione,Contenzioso,Liquidazione,INCARICO LEGALE PER LA COSTITUZIONE NEL GIUDIZIO DI APPELLO PROPOSTO DA BFF BANK S.P.A. AVVERSO LA SENTENZA CIVILE N. 569/2025 INNANZI LA CORTE DI APPELLO DI NAPOLI. ESECUZIONE DELIBERAZIONE DI G.C. N. 12/2026. PROVVEDIMENTI.,24.0,04/05/2026,6000.0,0.0,BB7B29844B,,,True,True,
Determinazione_5692025__5589_VistoContabile,VistoContabile,Contabilità,,,,,,0.0,,,,True,False,
Determinazione_56__5144_DeterminadiLiquidazione_Copia_56_2026,Determinazione,Contabilità,Liquidazione,"Determina di Liquidazione del servizio di smaltimento della frazione merceologica di rifiuti differenziati raccolti nel territorio del comune – codice CER 20.01.08, periodo 26.11.2025 al 09.12.2025.",39.0,26/01/2026,26747.76,47084.92,B9725B82C3,,INTERECO s.r.l.,True,False,
Determinazione_56__5144_VistoContabile,VistoContabile,Contabilità,Liquidazione,,,,26747.76,26747.76,,,INTERECO s.r.l.,True,False,
Determinazione_57__5145_DeterminadiLiquidazione_Copia_57_2026,Determinazione,Contabilità,Liquidazione,"Determina di Liquidazione del servizio di smaltimento della frazione merceologica di rifiuti differenziati raccolti nel territorio del comune – codice CER 20.01.08, periodo 10.12.2025 al 19.12.2025.",40.0,26/01/2026,26747.76,45947.24,B9AE9ADE45,,INTERECO s.r.l.,True,False,
Determinazione_57__5145_VistoContabile,VistoContabile,Contabilità,Liquidazione,,,,26747.76,26747.76,,,INTERECO s.r.l.,True,False,
Determinazione_58__5146_DeterminadiLiquidazione_Copia_58_2026,Determinazione,Contabilità,Liquidazione,"Determina di Liquidazione del servizio di smaltimento della frazione merceologica di rifiuti differenziati raccolti nel territorio del comune – codice CER 20.01.08, periodo 23.12.2025 al 07.01.2025.",41.0,26/01/2026,26747.76,48036.72,B9AEA558EA,,INTERECO s.r.l.,True,False,
Determinazione_58__5146_VistoContabile,VistoContabile,Contabilità,Liquidazione,,,,26747.76,26747.76,,,INTERECO s.r.l.,True,False,
Determinazione_59__5147_DeterminadiLiquidazione_Copia_59_2026,Determinazione,Contabilità,Liquidazione,"Determina di Liquidazione del servizio di smaltimento della frazione merceologica di rifiuti differenziati raccolti nel territorio del comune – codice CER 20.01.08, periodo 08.01.2026 al 20.01.2026.",42.0,26/01/2026,26747.76,48408.44,,,INTERECO s.r.l.,True,False,
Determinazione_59__5147_VistoContabile,VistoContabile,Contabilità,Liquidazione,,,,26747.76,26747.76,,,INTERECO s.r.l.,True,False,
Determinazione_5__5072_DeterminadiLiquidazione_Copia_5_2026,Determinazione,Lavori Pubblici,Liquidazione,Interventi straordinari di sistemazione e piantumazione del verde pubblico con nuovi fiori e piante -,4.0,08/01/2026,8601.0,75908.0,B90596D028,,ARBUCCI VITO,True,False,
Determinazione_5__5072_VistoContabile,VistoContabile,Contabilità,Liquidazione,,,,8601.0,8601.0,B90596D028,,ARBUCCI VITO,True,False,
Determinazione_613__4945_DeterminaGenerica_Copia_697_2025,Determinazione,Contabilità,Liquidazione,DETERMINAZIONE A CONTRATTARE (art. 192 TUEL) – PRESTITO ORDINARIO PER ADEGUAMENTO STRUTTURALE E TECNOLOGICO PER LA REALIZZAZIONE DELLA BIBLIOTECA COMUNALE NEL CONVENTO DEI FRATI MINORI - II LOTTO ANNULLAMENTO E SOSTITUZIONE DELLA,75.0,26/11/2025,200000.0,200000.0,,J23G23000020004,,True,False,
Determinazione_613__4945_VistoContabile,VistoContabile,Contabilità,,,,,,0.0,,,,True,False,
Determinazione_61__5154_DeterminadiLiquidazione_Copia_61_2026,Determinazione,Servizi Sociali,Liquidazione,"SERVIZIO DI ASSISTENZA PER IL TRASPORTO DI UTENTI DIVERSAMENTE ABILI DELLA SCUOLA DELL’INFANZIA E PRIMARIA DI PRIMO GRADO AI SENSI DELL'ART. 50, COMMA 1, LETT. B) E DELLART. 128 D. LGS. 36/2023 PER",9.0,27/01/2026,13805.0,17749.3,B8CCFED224,,ACIERNO vincenzo di ACIERNO LUIGI,True,False,
Determinazione_61__5154_VistoContabile,VistoContabile,Contabilità,Liquidazione,,,,13805.0,13805.0,B8CCFED224,,ACIERNO vincenzo di ACIERNO LUIGI,True,False,Partita IVA 01857520000 formalmente errata (Checksum fallito)
Determinazione_622160__5492_DeterminaGenerica_Copia_251_2026,Determinazione,Contabilità,Liquidazione,"AFFIDAMENTO DEL SERVIZIO DI FORNITURA DI GAS NATURALE MEDIANTE TRATTATIVA DIRETTA SUL MEPA N. 622160, AI SENSI DELL'ART. 50, COMMA 1 LETT. b) DEL d.lGS. N. 36/23 E SS.MM.II. , CIG BB3F11C324",19.0,02/04/2026,,0.0,BB3F11C324,,,True,True,
Determinazione_622160__5492_VistoContabile,VistoContabile,Contabilità,,,,,,0.0,,,,True,False,
Determinazione_6222058__5493_DeterminaGenerica_Copia_252_2026,Determinazione,Contabilità,Liquidazione,"AFFIDAMENTO DEL SERVIZIO DI FORNITURA DI ENERGIA ELETTRICA MEDIANTE TRATTATIVA DIRETTA SUL MEPA N. 6222058, AI SENSI DELL'ART. 50, COMMA 1 LETT. b) DEL d.lGS. N. 36/23 E SS.MM.II. , Cig BB3F323F6B",20.0,02/04/2026,,0.0,BB3F323F6B,,,True,True,
Determinazione_6222058__5493_VistoContabile,VistoContabile,Contabilità,,,,,,0.0,,,,True,False,
Determinazione_62__5155_DeterminadiLiquidazione_Copia_62_2026,Determinazione,Contenzioso,Liquidazione,INCARICO PER IL PATROCINIO E L’ASSISTENZA LEGALE NEL GIUDIZIO PROPOSTO DAL SIG. L.C. CONTRO IL COMUNE DI AVELLA PENDENTE INNANZI IL GIUDICE DI PACE DI AVELLINO.,45.0,27/01/2026,800.0,2672.0,ZDE28C6CEB,,DIVERSI,True,False,Partita IVA 00000234552 formalmente errata (Checksum fallito)
Determinazione_62__5155_VistoContabile,VistoContabile,Contabilità,Liquidazione,,,,800.0,800.0,,,DIVERSI,True,False,Partita IVA 00000234552 formalmente errata (Checksum fallito)
Determinazione_63__5156_DeterminadiLiquidazione_Copia_63_2026,Determinazione,Contabilità,Liquidazione,"LIQUIDAZIONE rata servizi, di gestione, esercizio, manutenzione ordinaria e straordinaria dell’impianto di illuminazione pubblica, ivi comprese le attività di messa a norma dell’impianto, dell’ammodernamento tecnologico e funzionale nonché delle attività finalizzate al conseguimento del risparmio energetico – dicembre 2025.",43.0,27/01/2026,21898.05,65694.15,7564700BE9,,G.I.P.A. SRL,True,False,
Determinazione_63__5156_VistoContabile,VistoContabile,Contabilità,Liquidazione,,,,21898.05,21898.05,,,G.I.P.A. SRL,True,False,
Determinazione_64__5157_DeterminadiLiquidazione_Copia_64_2026,Determinazione,Ambiente,Liquidazione,Servizio di controllo e gestione software del ciclo dei rifiuti-,46.0,27/01/2026,1000.0,1000.0,B9D78755FB,,DIVERSI,True,False,
Determinazione_64__5157_VistoContabile,VistoContabile,Contabilità,Liquidazione,,,,1000.0,1000.0,,,DIVERSI,True,False,
Determinazione_65__5153_DeterminaGenerica_Copia_65_2026,Determinazione,Contabilità,,INDIVIDUAZIONE E ATTRIBUZIONE DI SPECIFICHE RESPONSABILITA' AI DIPENDENTI DI RUOLO DEI SERVIZI TRIBUTARI CONTABILI. ANNO 2026,9.0,28/01/2026,,0.0,,,,True,True,
Determinazione_65__5153_VistoContabile,VistoContabile,Contabilità,,,,,,0.0,,,,True,False,
Determinazione_66__5167_DeterminadiLiquidazione_Copia_66_2026,Determinazione,Contabilità,Liquidazione,FORNITURA GRATUITA DEI LIBRI DI TESTO AGLI ALUNNI DELLE SCUOLE PRIMARIE DEL COMUNE DI AVELLA MEDIANTE SISTEMA DELLE CEDOLE LIBRARIE A.S. 2025/2026. LIQUIDAZIONE CARTOLIBERIA ANTONELLA RUBERTO.,10.0,27/01/2026,11674.4,29477.34,,,DIVERSI,True,False,Partita IVA 00023452517 formalmente errata (Checksum fallito)
Determinazione_66__5167_VistoContabile,VistoContabile,Contabilità,Liquidazione,,,,11674.4,11674.4,,,DIVERSI,True,False,Partita IVA 00023452517 formalmente errata (Checksum fallito)
Determinazione_67626__5624_DeterminadiLiquidazione_Copia_329_2026,Determinazione,Contabilità,Liquidazione,"FORNITURA UOVA DI PASQUA PER GLI ALUNNI DELLE SCUOLE DELL’INFANZIA, PRIMARIA E SECONDARIA DI PRIMO GRADO PRESENTI SUL TERRITORIO COMUNALE. LIQUIDAZIONE DG3 DOLCIARIA SRL FATTURA N. 676/26.",57.0,07/05/2026,2108.7,8042.4,BAC369EF0E,,DG,True,False,
Determinazione_67626__5624_VistoContabile,VistoContabile,Contabilità,Liquidazione,,,,1108.7,2108.7,BAC369EF0E,,DG,True,False,
Determinazione_6792016__4984_DeterminadiLiquidazione_Copia_720_2025,Determinazione,Regolamenti,Liquidazione,"“Servizio di Responsabile della protezione dei dati e adempimenti di cui al regolamento U.E. n. 679/2016, nomina DPO e attuazione normativa Whistleblowing”",459.0,12/12/2025,9150.0,36350.0,B343B3675C,,Computer Lab Di Giovanni Notaro,True,False,
Determinazione_6792016__4984_VistoContabile,VistoContabile,Contabilità,Liquidazione,,,,3050.0,3050.0,,,Computer Lab Di Giovanni Notaro,True,False,
Determinazione_67__5158_DeterminadiLiquidazione_Copia_67_2026,Determinazione,Contabilità,Liquidazione,“INTERVENTI DI NUOVA PAVIMENTAZIONE DELLE STRADE COMUNALI” –,47.0,28/01/2026,157868.1,476934.46,,J27H24002020004,MAIELLA PASQUALE,True,False,
Determinazione_67__5158_VistoContabile,VistoContabile,Contabilità,Liquidazione,,,,146715.35,295994.26,,,MAIELLA PASQUALE,True,False,
Determinazione_689__4926_DeterminadiImpegno_Copia_689_2025,Determinazione,Personale,Concorso,DETERMINAZIONE A CONTRARRE PER AFFIDAMENTO DELLA FORNITURA DI PANETTONI/TAVOLETTE PER GLI ALUNNI DELLE SCUOLE PRESENTI SUL TERRITORIO COMUNALE.,96.0,01/12/2025,2720.85,13356.9,B956A25635,,SWEET FANTASY SRL,True,False,
Determinazione_689__4926_VistoContabile,VistoContabile,Contabilità,,,,,2720.85,2720.85,B956A25635,,SWEET FANTASY SRL,True,False,
Determinazione_68__5159_DeterminadiLiquidazione_Copia_68_2026,Determinazione,Affari Generali,Liquidazione,Rimborso tributi non dovuti 2° semestre 2025,8.0,28/01/2026,2611.72,13287.03,,,DIVERSI,True,False,Partita IVA 00000234552 formalmente errata (Checksum fallito)
Determinazione_68__5159_VistoContabile,VistoContabile,Contabilità,Liquidazione,,,,2500.0,4765.87,,,DIVERSI,True,False,Partita IVA 00000234552 formalmente errata (Checksum fallito)
Determinazione_690__4939_DeterminadiLiquidazione_Copia_690_2025,Determinazione,Contabilità,Liquidazione,servizio di disinfestazione adulticida su territorio comunale.,444.0,01/12/2025,5490.0,37440.0,B8793EA21A,,COOPERATIVA SOCIALE ECOVIGILANTES ONLUS,True,False,
Determinazione_690__4939_VistoContabile,VistoContabile,Contabilità,Liquidazione,,,,3000.0,5490.0,B8793EA21A,,COOPERATIVA SOCIALE ECOVIGILANTES ONLUS,True,False,
Determinazione_692__4941_DeterminadiLiquidazione_Copia_692_2025,Determinazione,Contabilità,Liquidazione,“Predisposizione nuovi spazi da adibire al servizio di mensa scolastica - Plesso Scuola Materna” - Stazione Unica Appaltante della Provincia di Avellino Missione 4 - Istruzione e ricerca Componente 1 - Potenziamento dell'offerta dei servizi di istruzione: dagli asili nido alle università - Investimento 1.2: Piano di estensione del tempo pieno e mense - Lavori III SAL -,436.0,27/11/2025,384930.0,3025388.64,A001A8B83A,J27G22000110006,ing. FRANCESCO BASILE S.R.L.,True,False,
Determinazione_692__4941_VistoContabile,VistoContabile,Contabilità,Liquidazione,,,,260982.15,354378.46,A001A8B83A,J27G22000110006,ing. FRANCESCO BASILE S.R.L.,True,False,
Determinazione_694__4942_DeterminadiLiquidazione_Copia_694_2025,Determinazione,Contabilità,Liquidazione,FORNITURA APPLICATIVO WEB DATE X FONDO INCENTIVANTE - CANONE ABBONAMENTO ANNO 2025- LIQUIDAZIONE,77.0,02/12/2025,2800.0,5282.650000000001,B88A580748,,DASEIN S.R.L.,True,False,
Determinazione_694__4942_VistoContabile,VistoContabile,Contabilità,Liquidazione,,,,1138.66,1138.66,B88A580748,,DASEIN S.R.L.,True,False,
Determinazione_695__4943_DeterminadiLiquidazione_Copia_695_2025,Determinazione,Contabilità,Liquidazione,SERVIZIO DI RICALCOLO DEL FONDO INCENTIVANTE ANNUALITA' 2024- LIQUIDAZIONE,76.0,02/12/2025,1390.8,4423.2,B2C0AE57FE,,GRAFICHE GASPARI,True,False,
Determinazione_695__4943_VistoContabile,VistoContabile,Contabilità,Liquidazione,,,,1390.8,1390.8,B2C0AE57FE,,GRAFICHE GASPARI,True,False,
Determinazione_69__5160_DeterminaGenerica_Copia_69_2026,Determinazione,Cultura e Turismo,,"INDIVIDUAZIONE ED ATTRIBUZIONE SPECIFICHE RESPONSABILITÀ – SERVIZIO TURISMO E PROMOZIONE DEL TERRITORIO, ANNO 2026.",2.0,28/01/2026,,0.0,,,,True,True,
Determinazione_69__5160_VistoContabile,VistoContabile,Contabilità,,,,,,0.0,,,,True,False,
Determinazione_69__5622_DeterminadiImpegnoeLiquidazione_Cop2026,Determinazione,Contabilità,Liquidazione,"Acquisto materiale per funzionamento uffici servizio sociale. Impegno di spesa e liquidazione. Fattura n. 69 - € 150,00.",59.0,07/05/2026,183.0,966.0,BB5E408C4F,,EUROPRINT,True,False,
Determinazione_69__5622_VistoContabile,VistoContabile,Contabilità,Liquidazione,,,,183.0,333.0,BB5E408C4F,,EUROPRINT,True,False,
Determinazione_6__5073_DeterminadiLiquidazione_Copia_6_2026,Determinazione,Contabilità,Liquidazione,"fornitura materiali di cancelleria, stampati e materiale vario di piccolo consumo per gli uffici comunali. –",6.0,08/01/2026,18170.0,55060.0,B98F0919F0,,GIRO ANNARITA,True,False,
Determinazione_6__5073_VistoContabile,VistoContabile,Contabilità,Liquidazione,,,,18170.0,22440.0,B98F0919F0,,GIRO ANNARITA,True,False,
Determinazione_6__5646_DeterminadiImpegno_Copia_364_2026,Determinazione,Contabilità,Liquidazione,IMPEGNO DI SPESA PER CORSO SPECIALISTICO DI FORMAZIONE DELLA DURATA DI N. 6 GIORNATE PER UN TOTALE DI 24 ORE CON SOMMINISTRAZIONE DI ESAME FINALE AD OGGETTO: “Rudimenti di partita doppia per la riforma Accrual”.,33.0,18/05/2026,267.0,6070.0,,,DEDA VALUE SRL,True,False,
Determinazione_6__5646_VistoContabile,VistoContabile,Contabilità,,“Rudimenti di partita doppia per la riforma Accrual”.,,,267.0,267.0,,,DEDA VALUE SRL,True,False,
Determinazione_702__4958_DeterminadiLiquidazione_Copia_702_2025,Determinazione,Contabilità,Liquidazione,SERVIZIO DI EROGAZIONE AL PERSONALE DIPENDENTE DEL SERVIZIO SOSTITUTIVO DI MENSA TRAMITE BUONI PASTO ELETTRONICI A VALORE –LIQUIDAZIONE DI SPESA. PROVVEDIMENTI – CIG B12A6AAF0E,64.0,09/12/2025,3210.39,3210.39,B12A6AAF0E,,DAY RISTOSERVICE S.P.A. SOCIETA BENEFIT,True,False,
Determinazione_702__4958_VistoContabile,VistoContabile,Contabilità,Liquidazione,,,,3210.39,3210.39,B12A6AAF0E,,DAY RISTOSERVICE S.P.A. SOCIETA BENEFIT,True,False,
Determinazione_704__4963_DeterminadiLiquidazione_Copia_704_2025,Determinazione,Contabilità,Liquidazione,"ELEZIONI REGIONALI DEL 23 E 24 NOVEMBRE 2025. ORGANIZZAZIONE TECNICA E AFFIDAMENTO DIRETTO DEL SERVIZIO PER LA PULIZIA DEI LOCALI SCOLASTICI SEDI DI SEGGIO EFFETTUATA ALLA FINE DELLE CONSULTAZIONI, PRIMA DEL RIENTRO DEGLI ALUNNI NEI LOCALI MEDESIMI. SPESE PER ALLOGGIO FORZE DELL’ORDINE. SPESE PER L’ACQUISTO DI MATERIALE DI CONSUMO VARIO. LIQUIDAZIONE.",100.0,05/12/2025,1250.0,5642.0,B8FF2B7DA5,,DIVERSI,True,False,Partita IVA 00023452517 formalmente errata (Checksum fallito)
Determinazione_704__4963_VistoContabile,VistoContabile,Contabilità,Liquidazione,,,,1250.0,1250.0,,,DIVERSI,True,False,Partita IVA 00023452517 formalmente errata (Checksum fallito)
Determinazione_706__4965_DeterminadiLiquidazione_Copia_706_2025,Determinazione,Contabilità,Liquidazione,Determina a contrarre per l'affidamento diretto del servizio di postalizzazione e consegna all'indirizzo di residenza comunicazioni censimento ISTAT 2025. LIQUIDAZIONE FATTURA FATTPA 9_25,98.0,04/12/2025,406.0,2029.7,B93991C3DE,,RDS DI PICCIOCCHI GIANCARLO,True,False,
Determinazione_706__4965_VistoContabile,VistoContabile,Contabilità,Liquidazione,,,,406.0,406.0,B93991C3DE,,RDS DI PICCIOCCHI GIANCARLO,True,False,
Determinazione_707__4959_DeterminadiLiquidazione_Copia_707_2025,Determinazione,Contenzioso,Liquidazione,LIQUIDAZIONE ACCONTO SPETTANZE PROFESSIONALE PER INCARICO LEGALE PER IL GIUDIZIO DI APPELLO INNANZI LA CORTE DI APPELLO DI NAPOLI PROPOSTO DALLA SOCIETA’ EAV S.R.L. IN FAVORE DELL’AVV. EMANUELE LITTO. PROVVEDIMENTI.,65.0,09/12/2025,6000.0,6000.0,B9228BE764,,LITTO EMANUELE,True,False,
Determinazione_707__4959_VistoContabile,VistoContabile,Contabilità,Liquidazione,,,,6000.0,6000.0,,,LITTO EMANUELE,True,False,
Determinazione_708__4967_DeterminadiLiquidazione_Copia_708_2025,Determinazione,Contabilità,Liquidazione,Piano Nazionale Di Ripresa E Resilienza - Missione 1 - Componente 1 - “Misura 1.4.5 'Piattaforma Notifiche Digitali” Comuni (Settembre 2022)” - Pnrr M1c1 Investimento 1.4 “Servizi E Cittadinanza Digitale” Finanziato Dall’unione Europea - Nextgenerationeu. –,450.0,05/12/2025,26352.0,154298.0,9849923D96,J21F22003580006,Deda Next s.r.l.,True,False,
Determinazione_708__4967_VistoContabile,VistoContabile,Contabilità,Liquidazione,,,,26352.0,26352.0,9849923D96,,Deda Next s.r.l.,True,False,
Determinazione_709__4966_DeterminadiLiquidazione_Copia_709_2025,Determinazione,Contabilità,Liquidazione,DETERMINA A CONTRARRE PER L’AFFIDAMENTO DIRETTO DEL SERVIZIO DI INTERPRETARIATO E TRADUZIONE LINGUA DEI SEGNI ITALIANA IN FAVORE DI ALUNNA A.S. 2025/2026. LIQUIDAZIONE MESI DI OTTOBRE E NOVEMBRE 2025.,99.0,04/12/2025,3375.0,9450.06,B8A065D86E,,IORO EMANUELA,True,False,
Determinazione_709__4966_VistoContabile,VistoContabile,Contabilità,Liquidazione,,,,3375.0,3375.0,B8A065D86E,,IORO EMANUELA,True,False,
Determinazione_711__4973_DeterminadiLiquidazione_Copia_711_2025,Determinazione,Contenzioso,Liquidazione,LIQUIDAZIONE SALDO SPETTANZE PROFESSIONALE PER GIUDIZIO IL TRIBUNALE DI AVELLINO PER RICORSO PER DENUNCIA DI DANNO TEMUTO IN FAVORE DELL’AVV. EMANUELE LITTO. PROVVEDIMENTI.,454.0,10/12/2025,1301.92,1301.92,B0EE7BB8C8,,LITTO EMANUELE,True,False,
Determinazione_711__4973_VistoContabile,VistoContabile,Contabilità,Liquidazione,,,,1301.92,1301.92,,,LITTO EMANUELE,True,False,
Determinazione_712__4974_DeterminaGenerica_Copia_712_2025,Determinazione,Urbanistica,Liquidazione,Rateizzazione oneri concessori relativi alla di permesso di costruire per Permesso di costruire per Realizzazione Di Un Opificio Industriale Ricadente Sul Fondo Sito In Località Santa Ed Individuato Catastalmente Al Foglio 21 P.lla 121,452.0,09/12/2025,15671.11,47013.31,,,,True,False,
Determinazione_712__4974_VistoContabile,VistoContabile,Contabilità,,,,,,0.0,,,,True,False,
Determinazione_713__4975_DeterminadiLiquidazione_Copia_713_2025,Determinazione,Contenzioso,Liquidazione,"RICORSO AMMINISTRATIVO INNANZI IL T.A.R. CAMPANIA, SEZIONE DI SALERNO, PROMOSSO DALLE GERMANE SIGG.RE M.A.M. E F.M. CONTRO IL COMUNE DI AVELLA.",451.0,09/12/2025,2500.0,12500.0,,,VISONE LODOVICO,True,False,
Determinazione_713__4975_VistoContabile,VistoContabile,Contabilità,Liquidazione,,,,2500.0,2500.0,,,VISONE LODOVICO,True,False,
Determinazione_719__4982_DeterminadiLiquidazione_Copia_719_2025,Determinazione,Contabilità,Liquidazione,"AFFIDAMENTO DIRETTO A SEGUITO DI T.D. ID5636164 DEL SERVIZIO DI TRASPORTO DEGLI STUDENTI DELLA SCUOLA DELL'INFANZIA, PRIMARIA E SECONDARIA DI PRIMO GRADO AI SENSI DELLART. 50, COMMA 1, LETT. B) E DELLART. 128 D. LGS. 36/2023 PER",104.0,15/12/2025,11157.96,38864.92,B861BD03AE,,ACIERNO vincenzo di ACIERNO LUIGI,True,False,Partita IVA 01857520000 formalmente errata (Checksum fallito)
Determinazione_719__4982_VistoContabile,VistoContabile,Contabilità,Liquidazione,,,,9000.0,16337.0,B861BD03AE,,ACIERNO vincenzo di ACIERNO LUIGI,True,False,Partita IVA 01857520000 formalmente errata (Checksum fallito)
Determinazione_721__4985_DeterminadiImpegno_Copia_721_2025,Determinazione,Contabilità,Liquidazione,"Lavori di manutenzione, prima accensione caldaie plessi scolastici.",457.0,11/12/2025,5000.0,13000.0,B92AD4A8F6,,SANSEVERINO FRANCESCO,True,False,
Determinazione_721__4985_VistoContabile,VistoContabile,Contabilità,,,,,4000.0,4000.0,B92AD4A8F6,,SANSEVERINO FRANCESCO,True,False,
Determinazione_722__4986_DeterminadiImpegno_Copia_722_2025,Determinazione,Contabilità,Liquidazione,"Impegno di spesa per fornitura materiali di cancelleria, stampati e materiale vario di piccolo consumo per gli uffici comunali.",458.0,11/12/2025,40000.0,18040.0,B98F0919F0,,GIRO ANNARITA,True,False,
Determinazione_722__4986_VistoContabile,VistoContabile,Contabilità,,,,,2500.0,2500.0,B98F0919F0,,GIRO ANNARITA,True,False,
Determinazione_723__4983_DeterminadiLiquidazione_Copia_723_2025,Determinazione,Contabilità,Liquidazione,FORNITURA GRATUITA DEI LIBRI DI TESTO AGLI ALUNNI DELLE SCUOLE PRIMARIE DEL COMUNE DI AVELLA MEDIANTE SISTEMA DELLE CEDOLE LIBRARIE A.S. 2025/2026. LIQUIDAZIONE FATTURA CARTOLIBERIA PELUSO DI MARRONE OLIMPIA.,103.0,11/12/2025,13700.0,17751.2,,,DIVERSI,True,False,Partita IVA 00023452517 formalmente errata (Checksum fallito)
Determinazione_723__4983_VistoContabile,VistoContabile,Contabilità,Liquidazione,,,,13700.0,13700.0,,,DIVERSI,True,False,Partita IVA 00023452517 formalmente errata (Checksum fallito)
Determinazione_724__4987_DeterminadiImpegno_Copia_724_2025,Determinazione,Regolamenti,Liquidazione,Servizio di noleggio ed installazione delle luminarie periodo natalizio 2025- 2026 -,461.0,16/12/2025,3000.0,15003.0,,,LUMINART snc,True,False,
Determinazione_724__4987_VistoContabile,VistoContabile,Contabilità,,,,,1830.0,3000.0,,,LUMINART snc,True,False,
Determinazione_726__4989_DeterminadiImpegno_Copia_726_2025,Determinazione,Ambiente,,Interventi di impermeabilizzazione delle coperture e dei terrazzi piani e obliqui degli edifici scolastici in via De Sanctis ed altri interventi di carattere urgente sul territorio -,462.0,16/12/2025,5555.0,47504.24,B97F354F59,,SPERANDEO PAOLO,True,False,
Determinazione_726__4989_VistoContabile,VistoContabile,Contabilità,,,,,5555.0,5555.0,B97F354F59,,SPERANDEO PAOLO,True,False,
Determinazione_727__4988_DeterminadiImpegno_Copia_727_2025,Determinazione,Regolamenti,Liquidazione,Lavori di riparazione e sostituzione di alcuni tratti della rete idrica e fognaria sul territorio comunale -,456.0,11/12/2025,15917.0,133130.0,B97B48C055,,SANSEVERINO FRANCESCO,True,False,
Determinazione_727__4988_VistoContabile,VistoContabile,Contabilità,,,,,15917.0,15917.0,B97B48C055,,SANSEVERINO FRANCESCO,True,False,
Determinazione_728__4990_DeterminadiImpegno_Copia_728_2025,Determinazione,Contabilità,,Determina di affidamento per “fornitura materiali e manutenzione servizi igienici nei plessi scolastici - Istituto Comprensivo Mons. P. Guerriero”.,460.0,15/12/2025,5002.0,45508.0,B9A1E9CAE5,,PM IMPIANTI DI PECCHIA GENNARO,True,False,
Determinazione_728__4990_VistoContabile,VistoContabile,Contabilità,,,,,5002.0,5002.0,B9A1E9CAE5,,PM IMPIANTI DI PECCHIA GENNARO,True,False,
Determinazione_72__5164_DeterminaGenerica_Copia_72_2026,Determinazione,Servizi Demografici,,"INDIVIDUAZIONE ED ATTRIBUZIONE SPECIFICHE RESPONSABILITÀ – SERVIZI DEMOGRAFICI E STATISTICI, SERVIZI SOCIO ASSISTENZIALI, SERVIZI ALLA PERSONA, SERVIZI SCOLASTICI. ANNO 2026",12.0,29/01/2026,,0.0,,,,True,True,
Determinazione_732__5000_DeterminadiImpegno_Copia_732_2025,Determinazione,Ambiente,Liquidazione,Servizi professionali per il Collaudo tecnico e Amministrativo nell’ambito del progetto per la Realizzazione di un nuovo edificio adibito ad Asilo Nido sito in via De Sanctis – DETERMIDA DI AFFIDAMENTO,463.0,17/12/2025,734955734.85,737538754.85,B97F3B5F65,J25E24000050006,curci vincenzo,True,False,
Determinazione_732__5000_VistoContabile,VistoContabile,Contabilità,,,,,4880.0,4880.0,B97F3B5F65,J25E24000050006,curci vincenzo,True,False,
Determinazione_734__5001_DeterminadiImpegno_Copia_734_2025,Determinazione,Affari Generali,,Fornitura di dispositivi di climatizzazione pompa di calore e materiale per l’installazione.,467.0,18/12/2025,4514.0,24314.0,B9AEAD1F3C,,BRANDOLINO COMMERCIALE S,True,False,
Determinazione_734__5001_VistoContabile,VistoContabile,Contabilità,,,,,4514.0,4514.0,B9AEAD1F3C,,BRANDOLINO COMMERCIALE S,True,False,
Determinazione_737__5009_DeterminadiImpegno_Copia_737_2025,Determinazione,Contabilità,Liquidazione,"AFFIDAMENTO DEL SERVIZIO DI RISTORAZIONE SCOLASTICA AI SENSI DELL’ART. 50, COMMA 1, LETT. B) D. LGS. 36/2023 PER UNA DURATA PARI A 5 MESI, PROROGABILI PER UN MASSIMO DI TRE MESI ULTERIORI - CIG B9B46F58AD",107.0,19/12/2025,75000.0,147151.5,B9B46F58AD,,Caribu Catering S.R.L.,True,False,
Determinazione_737__5009_VistoContabile,VistoContabile,Contabilità,,,,,50000.0,75000.0,,,Caribu Catering S.R.L.,True,False,
Determinazione_738__5011_DeterminadiImpegno_Copia_738_2025,Determinazione,Ambiente,Liquidazione,Servizi professionali per il Collaudo tecnico e Amministrativo nell'ambito del progetto “Progetto per la Realizzazione di una Nuova Mensa Scolastica nel plesso Scuole Medie” – DETERMIDA DI AFFIDAMENTO,464.0,17/12/2025,515481082.75,518778192.75,B97F27FF93,J25E24000230006,GRIMALDI STEFANO,True,False,
Determinazione_738__5011_VistoContabile,VistoContabile,Contabilità,,,,,3950.0,3950.0,B97F27FF93,,GRIMALDI STEFANO,True,False,
Determinazione_739__4979_DeterminaaContrarre_Copia_716_2025,Determinazione,Lavori Pubblici,Liquidazione,"STAZIONE UNICA APPALTANTE DELLA PROVINCIA DI AVELLINO PER I LAVORI, I SERVIZI E LE FORNITURE “COMPLETAMENTO EX CASA COMUNALE” - PR CAMPANIA FESR 2021-2027 - ASSE 2 - OBIETTIVO SPECIFICO 2.1 AZIONE 2.1.2_ DGR N. 739 DEL 21/12/2024 Indirizzi per l’avvio della procedura di scelta del contraente – Decisione a contrarre CUP J24J25000320002",453.0,09/12/2025,920939.4,5471390.7,,J24J25000320002,oneri per versamento ANAC,True,False,
Determinazione_739__4979_VistoContabile,VistoContabile,Contabilità,,,,,3500.0,7285.0,,,oneri per versamento ANAC,True,False,
Determinazione_739__5012_DeterminadiLiquidazione_Copia_739_2025,Determinazione,Contabilità,Liquidazione,"Servizio di fornitura carburante da autotrazione (gasolio, benzina, GPL e Metano) -",470.0,19/12/2025,5000.0,24998.24,B8E733A6BB,,DIVERSI,True,False,
Determinazione_739__5012_VistoContabile,VistoContabile,Contabilità,Liquidazione,,,,5000.0,5000.0,,,DIVERSI,True,False,Partita IVA 00023452517 formalmente errata (Checksum fallito)
Determinazione_739__5074_DeterminadiLiquidazione_Copia_11_2026,Determinazione,Lavori Pubblici,Liquidazione,Incarico specialistico di supporto al RUP nell’ambito del PR CAMPANIA FESR 2021-2027 - ASSE 2 - OBIETTIVO SPECIFICO 2.1 AZIONE 2.1.2_ DGR n. 739 del 21/12/2024 - Intervento denominato “Completamento ex casa Comunale”-,5.0,08/01/2026,920939.4,2787795.0,B874BE31C2,J24J25000320002,ADMAXIMA S.R.L.,True,False,
Determinazione_739__5074_VistoContabile,VistoContabile,Contabilità,Liquidazione,,739.0,21/12/2024,920939.4,924587.2,B874BE31C2,J24125000320002,ADMAXIMA S.R.L.,True,False,
Determinazione_739__5270_DeterminadiImpegno_Copia_124_2026,Determinazione,Lavori Pubblici,Concorso,PR CAMPANIA FESR 2021-2027 - ASSE 2 - OBIETTIVO SPECIFICO 2.1 AZIONE 2.1.2_ DGR n. 739 del 21/12/2024-Intervento denominato “Completamento ex casa Comunale”-Rimodulazione quadro economico- CUP J24J25000320002 -,82.0,19/02/2026,920939.4,2781818.2,,J24J25000320002,DIVERSI,True,False,
Determinazione_739__5270_VistoContabile,VistoContabile,Contabilità,,,,,920939.4,930389.4,,J24125000320002,DIVERSI,True,False,
Determinazione_73__5166_DeterminaGenerica_Copia_73_2026,Determinazione,Ambiente,Liquidazione,Avvio della procedura di scelta del contraente per il Servizio di gestione integrata dei rifiuti solidi urbani a ridotto impatto ambientale sul territorio del Comune di Avella (AV) .,59.0,30/01/2026,3368250.0,10016090.4,,,,True,False,
Determinazione_740__5008_DeterminadiImpegno_Copia_740_2025,Determinazione,Servizi Sociali,,ATTIVAZIONE SERVIZIO DI ASSISTENZA SPECIALISTICA PER L'AUTONOMIA E/O LA COMUNICAZIONE IN FAVORE DEGLI STUDENTI CON DISABILITA. INFANZIA PRIMARIA SECONDARIA I GRADO ART. 139 D.LGS 112/1998. A.S. 2025/2026 PROVVEDIMENTI. Trattativa MEPA numero RDO: 5909069.,106.0,19/12/2025,23818.9,88737.8,B9B46B2165,,Societa' Cooperativa Sociale Atena,True,False,
Determinazione_740__5008_VistoContabile,VistoContabile,Contabilità,,,,,16602.65,20443.9,B9B46B2165,,Societa' Cooperativa Sociale Atena,True,False,
Determinazione_74152020__5629_DeterminaGenerica_Copia_340_2026,Determinazione,Contenzioso,Liquidazione,GIUDIZIO R.G. N. 7415/2020 INNANZI IL TRIBUNALE CIVILE DI NOLA. SOSTITUZIONE DIFENSORE COSTITUITO DEL COMUNE DI AVELLA. PROVVEDIMENTI.,29.0,13/05/2026,,0.0,ZF7310E349,,,True,True,
Determinazione_74152020__5629_VistoContabile,VistoContabile,Contabilità,,,,,,0.0,,,,True,False,
Determinazione_743__5015_DeterminaaContrarre_Copia_743_2025,Determinazione,Cultura e Turismo,Bando,"“Festival Armonia di Suoni e Sapori - 2025” - Finanziato con fondi della Regione Campania, Bilancio di Previsione finanziario per il triennio 2025/2027 Missione 5, Programma 02, Titolo 1 - Servizio di organizzazione e gestione integrata per le prestazioni artistiche degli eventi natalizi",479.0,22/12/2025,845000.0,1400005.08,,J69I25000220002,DIVERSI,True,False,
Determinazione_743__5015_VistoContabile,VistoContabile,Contabilità,,,,,32658.0,32658.0,,J69I25000220002,DIVERSI,True,False,
Determinazione_744__5016_DeterminadiLiquidazione_Copia_744_2025,Determinazione,Contabilità,Liquidazione,"incarico professionale di consulenza legale, per danni ricevuti ai nostri beni a supporto dei servizi –",471.0,19/12/2025,3500.0,17500.0,Z273B73EC0,,ANNUNZIATA FIORAVANTE,True,False,
Determinazione_744__5016_VistoContabile,VistoContabile,Contabilità,Liquidazione,,,,3500.0,3500.0,,,ANNUNZIATA FIORAVANTE,True,False,
Determinazione_745__5017_DeterminadiLiquidazione_Copia_745_2025,Determinazione,Contabilità,Liquidazione,Messa in sicurezza area Comune di Avella – Località San Nazzaro – Lavori di rimozione materiali pericolosi.,469.0,19/12/2025,3740.0,18020.0,B7B0A0810E,,ECOSISTEM S.R.L.,True,False,
Determinazione_745__5017_VistoContabile,VistoContabile,Contabilità,Liquidazione,,,,3740.0,3740.0,B7B0A0810E,,ECOSISTEM S.R.L.,True,False,
Determinazione_746__5018_DeterminadiLiquidazione_Copia_746_2025,Determinazione,Contabilità,Liquidazione,Interventi di impermeabilizzazione delle coperture e dei terrazzi piani e obliqui degli edifici scolastici in via De Sanctis ed altri interventi di carattere urgente sul territorio -,472.0,19/12/2025,5555.0,49507.12,B97F354F59,,SPERANDEO PAOLO,True,False,
Determinazione_746__5018_VistoContabile,VistoContabile,Contabilità,Liquidazione,,,,5555.0,5555.0,B97F354F59,,SPERANDEO PAOLO,True,False,
Determinazione_747__5019_DeterminadiLiquidazione_Copia_747_2025,Determinazione,Regolamenti,Liquidazione,Lavori di riparazione e sostituzione di alcuni tratti della rete idrica e fognaria sul territorio comunale -,476.0,22/12/2025,15917.0,138918.0,B97B48C055,,SANSEVERINO FRANCESCO,True,False,
Determinazione_747__5019_VistoContabile,VistoContabile,Contabilità,Liquidazione,,,,15917.0,15917.0,B97B48C055,,SANSEVERINO FRANCESCO,True,False,
Determinazione_748__5020_DeterminadiLiquidazione_Copia_748_2025,Determinazione,Contabilità,Liquidazione,"Lavori di manutenzione, prima accensione caldaie plessi scolastici.",477.0,22/12/2025,25000.0,53000.0,B92AD4A8F6,,SANSEVERINO FRANCESCO,True,False,
Determinazione_748__5020_VistoContabile,VistoContabile,Contabilità,Liquidazione,,,,25000.0,29000.0,B92AD4A8F6,,SANSEVERINO FRANCESCO,True,False,
Determinazione_751__5023_DeterminadiLiquidazione_Copia_751_2025,Determinazione,Contabilità,Liquidazione,"Attribuzione ai comuni dei contributi aggiuntivi, per investimenti destinati ad opere pubbliche in materia di efficientamento energetico e sviluppo territoriale sostenibile - “Interramento, estendimento ed efficientamento della rete di pubblica illuminazione” -",481.0,23/12/2025,70000.0,380458.62,B506FC2CCD,J22C23000000006,G.I.P.A. SRL,True,False,
Determinazione_751__5023_VistoContabile,VistoContabile,Contabilità,Liquidazione,,,,70000.0,79956.1,B506FC2CCD,J22C23000000006,G.I.P.A. SRL,True,False,
Determinazione_755__5038_DeterminadiLiquidazione_Copia_755_2025,Determinazione,Contabilità,Liquidazione,"Attribuzione ai comuni dei contributi aggiuntivi, per investimenti destinati ad opere pubbliche in materia di efficientamento energetico e sviluppo territoriale sostenibile - “Efficientamento energetico della casa comunale mediante impianto fotovoltaico” -",482.0,23/12/2025,70000.0,659879.19,B4AD63E356,J22C23000000006,Idroelettrica sas di Stefano Perna,True,False,
Determinazione_755__5038_VistoContabile,VistoContabile,Contabilità,Liquidazione,,,,70000.0,157681.57,B4AD63E356,J22C23000000006,Idroelettrica sas di Stefano Perna,True,False,
Determinazione_756__5039_DeterminadiLiquidazione_Copia_756_2025,Determinazione,Contabilità,Liquidazione,Liquidazione per la fornitura di dispositivi di climatizzazione pompa di calore e materiale per l’installazione.,483.0,23/12/2025,4514.0,34114.0,B9AEAD1F3C,,BRANDOLINO COMMERCIALE S,True,False,
Determinazione_756__5039_VistoContabile,VistoContabile,Contabilità,Liquidazione,,,,4514.0,4514.0,B9AEAD1F3C,,BRANDOLINO COMMERCIALE S,True,False,
Determinazione_757__5040_DeterminadiLiquidazione_Copia_757_2025,Determinazione,Contabilità,Liquidazione,ELEZIONE DIRETTA DEL PRESIDENTE DELLA GIUNTA E RINNOVO DEL CONSIGLIO REGIONALE DELLA CAMPANIA – DOMENICA 23 E LUNEDI 24 NOVEMBRE 2025. AUTORIZZAZIONE ALLO SVOLGIMENTO DI LAVORO STRAORDINARIO AL PERSONALE DIPENDENTE. LIQUIDAZIONE.,109.0,29/12/2025,14398.0,26980.8,,,DIVERSI,True,False,Partita IVA 00023452517 formalmente errata (Checksum fallito)
Determinazione_757__5040_VistoContabile,VistoContabile,Contabilità,Liquidazione,,,,14398.0,14398.0,,,DIVERSI,True,False,Partita IVA 00023452517 formalmente errata (Checksum fallito)
Determinazione_75__5174_DeterminadiLiquidazione_Copia_75_2026,Determinazione,Cultura e Turismo,Liquidazione,"“Festival Armonia di Suoni e Sapori - 2025” - Finanziato con fondi della Regione Campania, Bilancio di Previsione finanziario per il triennio 2025/2027 Missione 5, Programma 02, Titolo 1 - Servizio di organizzazione e gestione integrata degli eventi per le prestazioni artistiche -",49.0,29/01/2026,845000.0,1404000.0,B78C9558CA,,CMN PRODUZIONI S.R.L.,True,False,
Determinazione_75__5174_VistoContabile,VistoContabile,Contabilità,Liquidazione,,,,16500.0,16500.0,B78C9558CA,,CMN PRODUZIONI S.R.L.,True,False,
Determinazione_766__5048_DeterminadiImpegno_Copia_766_2025,Determinazione,Cultura e Turismo,Bando,"“Festival Armonia di Suoni e Sapori - 2025” - Finanziato con fondi della Regione Campania, Bilancio di Previsione finanziario per il triennio 2025/2027 Missione 5, Programma 02, Titolo 1 - Servizio di organizzazione e gestione integrata per le prestazioni artistiche degli eventi natalizi",487.0,29/12/2025,845000.0,1548450.54,B9D0CAE52B,J69I25000220002,Full Heads srls,True,False,
Determinazione_766__5048_VistoContabile,VistoContabile,Contabilità,,,,,32658.0,32658.0,B9D0CAE52B,J69I25000220002,Full Heads srls,True,False,
Determinazione_767__5049_DeterminadiLiquidazione_Copia_767_2025,Determinazione,Contabilità,Liquidazione,Determinazioni a contrarre per l’affidamento della fornitura di panettoni e tavolette di cioccolato per gli alunni delle scuole presenti sul territorio comunale. Liquidazione fattura ditta Sweet Fantasy S.r.l.,112.0,29/12/2025,2720.85,8162.549999999999,B956A25635,,SWEET FANTASY SRL,True,False,
Determinazione_767__5049_VistoContabile,VistoContabile,Contabilità,Liquidazione,,,,2720.85,2720.85,B956A25635,,SWEET FANTASY SRL,True,False,
Determinazione_76__5175_DeterminadiLiquidazione_Copia_76_2026,Determinazione,Cultura e Turismo,Liquidazione,"“Festival Armonia di Suoni e Sapori - 2025” - Finanziato con fondi della Regione Campania, Bilancio di Previsione finanziario per il triennio 2025/2027 Missione 5, Programma 02, Titolo 1 - Servizio professionale per la redazione dei piani di sicurezza e dei piani di gestione per gli eventi del cartellone -",50.0,29/01/2026,845000.0,1332000.02,B759B41C5D,,PESCIONE PASQUALE,True,False,
Determinazione_76__5175_VistoContabile,VistoContabile,Contabilità,Liquidazione,,,,4500.0,4500.0,B759B41C5D,,PESCIONE PASQUALE,True,False,
Determinazione_77__5176_DeterminadiLiquidazione_Copia_77_2026,Determinazione,Cultura e Turismo,Liquidazione,"“Festival Armonia di Suoni e Sapori - 2025” - Finanziato con fondi della Regione Campania, Bilancio di Previsione finanziario per il triennio 2025/2027 Missione 5, Programma 02, Titolo 1 - Servizio di organizzazione e gestione integrata degli eventi per le prestazioni artistiche -",51.0,29/01/2026,845000.0,1596884.0,,J69I25000220002,CMN PRODUZIONI S.R.L.,True,False,
Determinazione_77__5176_VistoContabile,VistoContabile,Contabilità,Liquidazione,,,,31542.0,31542.0,,J69I25000220002,CMN PRODUZIONI S.R.L.,True,False,
Determinazione_78__5177_DeterminadiLiquidazione_Copia_78_2026,Determinazione,Cultura e Turismo,Liquidazione,"“Festival Armonia di Suoni e Sapori - 2025” - Finanziato con fondi della Regione Campania, Bilancio di Previsione finanziario per il triennio 2025/2027 Missione 5, Programma 02, Titolo 1 - Servizio per le prestazioni artistiche Peppe Iodice -",52.0,29/01/2026,845000.0,1357800.0,B839BE4F20,,CLAUDIO MALFI MANAGEMENT,True,False,
Determinazione_78__5177_VistoContabile,VistoContabile,Contabilità,Liquidazione,,,,8800.0,8800.0,B839BE4F20,,CLAUDIO MALFI MANAGEMENT,True,False,
Determinazione_79__5178_DeterminadiLiquidazione_Copia_79_2026,Determinazione,Cultura e Turismo,Liquidazione,"“Festival Armonia di Suoni e Sapori - 2025” - Finanziato con fondi della Regione Campania, Bilancio di Previsione finanziario per il triennio 2025/2027 Missione 5, Programma 02, Titolo 1 - Servizio di noleggio e installazione palco, luci, sedie ed allestimenti vari nell’ambito degli eventi del cartellone -",53.0,29/01/2026,845000.0,1383000.0,B9117ACF20,J69I25000220002,ROYAL SERVICE SAS,True,False,
Determinazione_79__5178_VistoContabile,VistoContabile,Contabilità,Liquidazione,,,,13000.0,13000.0,B9117ACF20,J69I25000220002,ROYAL SERVICE SAS,True,False,
Determinazione_80__5179_DeterminadiLiquidazione_Copia_80_2026,Determinazione,Cultura e Turismo,Liquidazione,"“Festival Armonia di Suoni e Sapori - 2025” - Finanziato con fondi della Regione Campania, Bilancio di Previsione finanziario per il triennio 2025/2027 Missione 5, Programma 02, Titolo 1 - Servizio di organizzazione e gestione integrata per le prestazioni artistiche degli eventi natalizi -",54.0,29/01/2026,845000.0,1500948.0,B9D0CAE52B,J69I25000220002,Full Heads srls,True,False,
Determinazione_80__5179_VistoContabile,VistoContabile,Contabilità,Liquidazione,,,,32658.0,32658.0,B9D0CAE52B,J69I25000220002,Full Heads srls,True,False,
Determinazione_81__5184_DeterminadiLiquidazione_Copia_81_2026,Determinazione,Regolamenti,Liquidazione,"Approvazione affidamento nella procedura di urgenza, la immediata esecuzione dei lavori di salpaggio, pulizia del pozzo e sostituzione della elettropompa guasta.",56.0,29/01/2026,22000.0,204800.0,B9D1D1E5B8,,PROCOGEM SRLS,True,False,
Determinazione_81__5184_VistoContabile,VistoContabile,Contabilità,Liquidazione,,,,22000.0,22000.0,B9D1D1E5B8,,PROCOGEM SRLS,True,False,
Determinazione_827__5637_DeterminaGenerica_Copia_350_2026,Determinazione,Regolamenti,Bando,"Determina per Avvio di procedura asta pubblica per l’alienazione dell’immobile “Lotto di terreno sito in Via Carlo III (ex via Carmignano) casto terreni Fg. 16 part. 1306 già 417”, conformemente al Regolamento Comunale per l’Alienazione del Patrimonio Comunale, da aggiudicarsi con il criterio di cui all’art. 73, lett. c) del R.D. n. 827 del 23.05.1924",202.0,13/05/2026,158000.0,158000.0,,,,True,False,
Determinazione_827__5637_VistoContabile,VistoContabile,Contabilità,,,,,,0.0,,,,True,False,
Determinazione_82__5185_DeterminadiLiquidazione_Copia_82_2026,Determinazione,Contenzioso,Liquidazione,"RICORSO AMMINISTRATIVO INNANZI IL T.A.R. CAMPANIA, SEZIONE DI SALERNO PROPOSTO E NOTIFICATO DA ILIAD ITALIA S.P.A. CONTRO IL COMUNE DI AVELLA. INCARICO PROFESSIONALE.",57.0,29/01/2026,2500.0,12500.0,,,VISONE LODOVICO,True,False,
Determinazione_82__5185_VistoContabile,VistoContabile,Contabilità,Liquidazione,,,,2500.0,2500.0,,,VISONE LODOVICO,True,False,
Determinazione_84__5190_DeterminadiLiquidazione_Copia_84_2026,Determinazione,Contabilità,Liquidazione,SERVIZIO DI TELEASSISTENZA E TELESOCCORSO PER IL MONITORAGGIO CONTINUO DELLE CONDIZIONI DI SALUTE DI ANZIANI BISOGNOSI DI CURE E INTERVENTO TEMPESTIVO NEI CASI DI EMERGENZA. LIQUIDAZIONE FATTURA 27/01.,13.0,30/01/2026,680.69,2180.74,B4FE67A311,,LA MERIDIANA COOP. SOCIALE,True,False,
Determinazione_84__5190_VistoContabile,VistoContabile,Contabilità,Liquidazione,,,,680.69,680.69,,,LA MERIDIANA COOP. SOCIALE,True,False,
Determinazione_85__5187_DeterminadiLiquidazione_Copia_85_2026,Determinazione,Contabilità,Liquidazione,Intervento “Piano Urbanistico Comunale - PUC”. Servizi di ICT finalizzati alla realizzazione di un Sistema GIS su base Open Source a servizio del redigendo PUC Comunale. -,60.0,30/01/2026,84279.42,227882.66,,,DIVERSI,True,False,
Determinazione_85__5187_VistoContabile,VistoContabile,Contabilità,Liquidazione,,,,15784.12,24054.120000000003,,,DIVERSI,True,False,
Determinazione_86__5171_DeterminadiImpegno_Copia_86_2026,Determinazione,Cultura e Turismo,Concorso,"DETERMINAZIONE A CONTRARRE PER AFFIDAMENTO DIRETTO DELLA FORNITURA DI POSTAZIONE INFORMATICA (PC, MONITOR, TASTIERA E MOUSE) PER IL SERVIZIO TURISMO E PROMOZIONE DEL TERRITORIO.",4.0,30/01/2026,650.0,2482.79,BA3583CACB,,ASWI INFORMATICA di Liguori Vincenzo,True,False,
Determinazione_86__5171_VistoContabile,VistoContabile,Contabilità,,,,,650.0,650.0,BA3583CACB,,ASWI INFORMATICA di Liguori Vincenzo,True,False,
Determinazione_87__5172_DeterminaaContrarre_Copia_87_2026,Determinazione,Ambiente,Bando,Ministro della Transizione Ecologica (MITE) - Piano Nazionale di Ripresa e Resilienza Missione 2 Componente 1 Intervento 1.1: Miglioramento e meccanizzazione della rete di raccolta differenziata dei rifiuti urbani,26.0,22/01/2026,497980.0,1870132.4,,J24H23000140001,DIVERSI,True,False,
Determinazione_87__5172_VistoContabile,VistoContabile,Contabilità,,,,,103700.0,103700.0,,J24H23000140001,DIVERSI,True,False,
Determinazione_88__5173_DeterminaaContrarre_Copia_88_2026,Determinazione,Ambiente,Bando,Ministro della Transizione Ecologica (MITE) - Piano Nazionale di Ripresa e Resilienza Missione 2 Componente 1 Intervento 1.1: Miglioramento e meccanizzazione della rete di raccolta differenziata dei rifiuti urbani,27.0,22/01/2026,497980.0,1936732.4,,J24H23000140001,DIVERSI,True,False,
Determinazione_88__5173_VistoContabile,VistoContabile,Contabilità,,,,,122000.0,122000.0,,J24H23000140001,DIVERSI,True,False,
Determinazione_90__5182_DeterminadiLiquidazione_Copia_90_2026,Determinazione,Cultura e Turismo,Liquidazione,"“Festival Armonia di Suoni e Sapori - 2025” - Finanziato con fondi della Regione Campania, Bilancio di Previsione finanziario per il triennio 2025/2027 Missione 5, Programma 02, Titolo 1 - Servizio di progettazione, organizzazione del programma e rendicontazione all'attuazione nell’ambito del progetto -",55.0,29/01/2026,845000.0,1353000.0,B7874B20A0,J69I25000220002,NAPOLITANO SALVATORE,True,False,
Determinazione_90__5182_VistoContabile,VistoContabile,Contabilità,Liquidazione,,,,8000.0,8000.0,B7874B20A0,,NAPOLITANO SALVATORE,True,False,
Determinazione_912017__5142_DeterminadiLiquidazione_Copia_54_2026,Determinazione,Contabilità,Liquidazione,"Decreto Legge n. 91/2017 – Decreto del Consiglio dei Ministri del 17.12.2021 (GURI del 18.02.2021). Affidamento incarico, ai sensi dell’art. 24 comma 1 lettera d) del D. Lgs. 50/2016, per la redazione dello studio di fattibilità tecnico economica, dell’intervento “Riqualificazione urbana di Piazzetta Madonna delle Grazie e di Piazzetta San Romano”. ex art. 36, comma 2 lettera a) del D. Lgs 50/2016 e s.m.i., -",37.0,26/01/2026,50678.33,218052.51,9649900565,J26F23000000006,DIVERSI,True,False,Partita IVA 00000234552 formalmente errata (Checksum fallito)
Determinazione_912017__5142_VistoContabile,VistoContabile,Contabilità,Liquidazione,,,,23339.17,23339.17,96514547CB,J24J23000020006,DIVERSI,True,False,Partita IVA 00000234552 formalmente errata (Checksum fallito)
Determinazione_91__5188_DeterminadiLiquidazione_Copia_91_2026,Determinazione,Contabilità,Liquidazione,liquidazione fatture per fornitura di gas naturale - periodo ottobre dicembre 2025,11.0,03/02/2026,36904.36,50356.47,,,A,True,False,
Determinazione_91__5188_VistoContabile,VistoContabile,Contabilità,Liquidazione,,,,36904.36,40019.8,,,A,True,False,
Determinazione_9253__5100_DeterminadiLiquidazione_Copia_25_2026,Determinazione,Contenzioso,Liquidazione,"RICORSO AMMINISTRATIVO INNANZI IL T.A.R. CAMPANIA, SEZIONE DI SALERNO PROPOSTO E NOTIFICATO DA ILIAD ITALIA S.P.A. CONTRO IL COMUNE DI AVELLA ED ALTRI, AVVERSO IL PROVVEDIMENTO U.T.C. PROT. N. 9253 del 12.02.2025.",13.0,15/01/2026,2188.68,10943.4,,,VISONE LODOVICO,True,False,
Determinazione_9253__5100_VistoContabile,VistoContabile,Contabilità,Liquidazione,,,,2188.68,2188.68,,,VISONE LODOVICO,True,False,
Determinazione_92__5192_DeterminadiLiquidazione_Copia_92_2026,Determinazione,Contabilità,Liquidazione,"LIQUIDAZIONE rata servizi, di gestione, esercizio, manutenzione ordinaria e straordinaria dell’impianto di illuminazione pubblica, ivi comprese le attività di messa a norma dell’impianto, dell’ammodernamento tecnologico e funzionale nonché delle attività finalizzate al conseguimento del risparmio energetico – Gennaio 2026.",61.0,03/02/2026,22752.88,68258.32,7564700BE9,J22F17000060005,G.I.P.A. SRL,True,False,
Determinazione_92__5192_VistoContabile,VistoContabile,Contabilità,Liquidazione,,,,22752.56,22752.56,7564700BE9,J22F17000060005,G.I.P.A. SRL,True,False,
Determinazione_9352020__4949_DeterminadiLiquidazione_Copia_700_2025,Determinazione,Contenzioso,Liquidazione,GIUDIZIO AMMINISTRATIVO INNANZI IL T.A.R. DI SALERNO PROMOSSO DAI SIGG.RI F.B. E P.T. CONTRO IL COMUNE DI AVELLA E CONCLUSO CON LA SENTENZA N. 935/2020. PROVVEDIMENTI.,63.0,04/12/2025,1300.0,1300.0,,,STUDIO LEGALE AVV. ZULLO ANTONIO e PARTNERS,True,False,
Determinazione_9352020__4949_VistoContabile,VistoContabile,Contabilità,Liquidazione,,,,1300.0,1300.0,,,STUDIO LEGALE AVV. ZULLO ANTONIO e PARTNERS,True,False,
Determinazione_93__5193_DeterminadiLiquidazione_Copia_93_2026,Determinazione,Contabilità,Liquidazione,Liquidazione di spesa per interventi di riparazione e manutenzione automezzo comunale,62.0,03/02/2026,3831.0,18767.0,BA17F6794D,,DIVERSI,True,False,
Determinazione_93__5193_VistoContabile,VistoContabile,Contabilità,Liquidazione,,,,3831.0,5831.0,,,DIVERSI,True,False,
Determinazione_94__5194_DeterminaGenerica_Copia_94_2026,Determinazione,Servizi Demografici,Liquidazione,Finanziamento per le attività socio-educative a favore dei minori – annualità 2025. Restituzione somme non utilizzate al Dipartimento per le Politiche della Famiglia.,14.0,03/02/2026,440.28,1761.12,,,,True,False,
Determinazione_94__5194_VistoContabile,VistoContabile,Contabilità,,,,,,0.0,,,,True,False,
Determinazione_96__5211_DeterminadiLiquidazione_Copia_96_2026,Determinazione,Contabilità,Liquidazione,SERVIZIO DI INTERPRETARIATO E TRADUZIONE LINGUA DEI SEGNI ITALIANA IN FAVORE DI ALUNNA A.S. 2025/2026. LIQUIDAZIONE GENNAIO 2026.,15.0,06/02/2026,6750.0,11115.05,B8A065D86E,,IORO EMANUELA,True,False,
Determinazione_96__5211_VistoContabile,VistoContabile,Contabilità,Liquidazione,,,,6750.0,6997.46,B8A065D86E,,IORO EMANUELA,True,False,
Determinazione_97__5212_DeterminadiLiquidazione_Copia_97_2026,Determinazione,Contabilità,Liquidazione,SERVIZIO DI ASSISTENZA SPECIALISTICA PER L'AUTONOMIA E/O LA COMUNICAZIONE IN FAVORE DEGLI STUDENTI CON DISABILITA. INFANZIA PRIMARIA SECONDARIA I GRADO ART. 139 D.LGS 112/1998. A.S. 2024/2025 LIQUIDAZIONE FATTURA MESE DI GENNAIO 2026.,16.0,06/02/2026,924.92,1691.24,B9B46B2165,,COOPERATIVA ATENA,True,False,
Determinazione_97__5212_VistoContabile,VistoContabile,Contabilità,Liquidazione,,,,924.92,1229.1999999999998,Z8939387D2,,COOPERATIVA ATENA,True,False,
Determinazione_98__5208_DeterminadiImpegno_Copia_98_2026,Determinazione,Ambiente,Liquidazione,“Servizi integrati di supporto specialistico in ambiente ICT finalizzati al supporto Tecnico informatico del Servizio Tecnico – Ambiente – Protezione Civile-Ufficio Turistico- Acquedotto” – AGGIUDICAZIONE,64.0,06/02/2026,43540.12,357185.08,BA3E42D686,,Computer Lab Di Giovanni Notaro,True,False,
Determinazione_98__5208_VistoContabile,VistoContabile,Contabilità,,,,,15000.0,43540.12,BA3E42D686,,Computer Lab Di Giovanni Notaro,True,False,
Determinazione___4938_DeterminadiImpegnoeLiquidazione_Cop2025,Determinazione,Contabilità,Liquidazione,Liquidazione alla Cooperativa Ecovigilantes per il servizio di spazzamento strade comunali mesi di: OTTOBRE 2025.,442.0,01/12/2025,15860.0,47580.0,62754411BD,,COOPERATIVA SOCIALE ECOVIGILANTES ONLUS,True,False,
Determinazione___4940_DeterminadiImpegnoeLiquidazione_Cop2025,Determinazione,Contabilità,Liquidazione,"CONCESSIONE PER L’AFFIDAMENTO DEI SERVIZI, DELLA GESTIONE, ESERCIZIO, MANUTENZIONE ORDINARIA E STRAORDINARIA DELL’IMPIANTO DI PUBBLICA ILLUMINAZIONE, IVI COMPRESE LE ATTIVITÀ DI MESSA A NORMA DELL’IMPIANTO, DELL’AMMODERNAMENTO TECNOLOGICO E FUNZIONALE NONCHÉ DELLE ATTIVITÀ FINALIZZATE AL CONSEGUIMENTO DEL RISPARMIO ENERGETICO MEDIANTE IL RICORSO AL FINANZIAMENTO TRAMITE TERZI (F.T.T.) – ADEGUAMENTO CANONE DI CONCESSIONE - ASSUNZIONE IMPEGNO DI SPESA E LIQUIDAZIONE -",440.0,28/11/2025,215390.63,272354.03,7564700BE9,,G.I.P.A. SRL,True,False,
Determinazione___4940_VistoContabile,VistoContabile,Contabilità,Liquidazione,,,,7523.4,7523.4,7564700BE9,,G.I.P.A. SRL,True,False,
Determinazione___4947_DeterminadiImpegnoeLiquidazione_Cop2025,Determinazione,Contabilità,Liquidazione,Liquidazione di spesa per smaltimento materiale ingombrante – OTTOBRE 2025.,446.0,02/12/2025,9634.02,67438.14,B00561B01C,,ECOSISTEM S.R.L.,True,False,
Determinazione___4947_VistoContabile,VistoContabile,Contabilità,Liquidazione,,,,9634.02,19268.04,,,ECOSISTEM S.R.L.,True,False,
Determinazione___4957_DeterminadiImpegnoeLiquidazione_Cop2025,Determinazione,Contabilità,Liquidazione,"Determina di Impegno e liquidazione di spesa per fornitura programma e servizio di manutenzione, assistenza remota software Maptri e servizio emissione fatturazione elettronica acquedotto annualità 2024.",448.0,03/12/2025,40000.0,21396.8,B713386A6A,,CeC SISTEMI SRL,True,False,
Determinazione___4957_VistoContabile,VistoContabile,Contabilità,Liquidazione,,,,2049.6,2049.6,B713386A6A,,CeC SISTEMI SRL,True,False,
Determinazione___4961_DeterminadiImpegnoeLiquidazione_Cop2025,Determinazione,Contabilità,Liquidazione,IMPEGNO E LIQUIDAZIONE SPESA PER ATTIVITA' DI SPETTACOLO E INTRATTENIMENTO PRESSO L'I.C. MONS. PASQUALE GUERRIERO.,102.0,05/12/2025,440.0,1320.0,B940460892,,COMPAGNIA CITREA EVENTI,True,False,
Determinazione___4961_VistoContabile,VistoContabile,Contabilità,Liquidazione,,,,440.0,440.0,B940460892,,COMPAGNIA CITREA EVENTI,True,False,
Determinazione___4972_DeterminadiImpegnoeLiquidazione_Cop2025,Determinazione,Contabilità,Liquidazione,"Interventi di efficientamento energetico dei plessi comunali e realizzazione di interramento e ampliamento rete pubblica illuminazione - Decreto M.I. nr 43 del 30.06.2020, annualità 2022 Liquidazione- SALDO- incarico professionale di direzione lavori e coordinamento per la sicurezza",447.0,02/12/2025,70000.0,156828.26,9406716B9A,,ROMANO ROBERTO,True,False,
Determinazione___4972_VistoContabile,VistoContabile,Contabilità,Liquidazione,,,,1752.54,1752.54,9406716B9A,,ROMANO ROBERTO,True,False,
Determinazione___4977_DeterminadiImpegnoeLiquidazione_Cop2025,Determinazione,Contabilità,Liquidazione,RESTITUZIONE SOMME A GARANZIA PER TAGLIO BOSCHIVO–,455.0,11/12/2025,5000.0,40000.0,,,SOLO LEGNA DI DAVANZO NATALE,True,False,
Determinazione___4977_VistoContabile,VistoContabile,Contabilità,Liquidazione,,,,5000.0,5000.0,,,SOLO LEGNA DI DAVANZO NATALE,True,False,
Determinazione___4980_DeterminadiImpegnoeLiquidazione_Cop2025,Determinazione,Contabilità,Liquidazione,LIQUIDAZIONE DIRITTI DI ROGITO,79.0,04/12/2025,2649.95,9661.73,,,URCIUOLI STEFANIA,True,False,
Determinazione___4980_VistoContabile,VistoContabile,Contabilità,Liquidazione,,,,2649.95,3505.89,,,URCIUOLI STEFANIA,True,False,
Determinazione___4981_DeterminadiImpegnoeLiquidazione_Cop2025,Determinazione,Contabilità,Liquidazione,SERVIZIO DI RISTORAZIONE SCOLASTICA NEL COMUNE DI AVELLA - CIG 98295587DD. LIQUIDAZIONE MESI DI OTTOBRE E NOVEMBRE 2025.,105.0,15/12/2025,189000.0,118341.6,98295587DD,,RISTONET SRL,True,False,
Determinazione___4981_VistoContabile,VistoContabile,Contabilità,Liquidazione,,,,20000.0,28415.4,98295587DD,,RISTONET SRL,True,False,
Determinazione___4997_DeterminadiImpegnoeLiquidazione_Cop2025,Determinazione,Contabilità,Liquidazione,LIQUIDAZIONE COMPENSO REVISORE DEI CONTI,81.0,17/12/2025,2904.9,5809.8,,,LAMPO ROCCO,True,False,
Determinazione___4997_VistoContabile,VistoContabile,Contabilità,Liquidazione,,,,2904.9,2904.9,,,LAMPO ROCCO,True,False,
Determinazione___5002_DeterminadiImpegnoeLiquidazione_Cop2025,Determinazione,Contabilità,Liquidazione,"Approvazione accordo transattivo impegno e liquidazione risarcimento danni per il sinistro occorso il 14.08.2025, al Sig. C.T. dom.to presso lo studio legale Annunziata.",468.0,18/12/2025,1380.04,7770.04,,,CARUSO TOMMASO,True,False,
Determinazione___5002_VistoContabile,VistoContabile,Contabilità,Liquidazione,,,,1098.0,1098.0,,,CARUSO TOMMASO,True,False,
Determinazione___5013_DeterminadiImpegnoeLiquidazione_Cop2025,Determinazione,Contabilità,Liquidazione,Liquidazione alla Cooperativa Ecovigilantes per il servizio di gestione integrata dei rifiuti solidi urbani a ridotto impatto ambientale mesi di: NOVEMBRE 2025.,474.0,19/12/2025,2260829.45,1690998.88,7584472849,,COOPERATIVA SOCIALE ECOVIGILANTES ONLUS,True,False,
Determinazione___5013_VistoContabile,VistoContabile,Contabilità,Liquidazione,,,,41244.97,41244.97,7584472849,,COOPERATIVA SOCIALE ECOVIGILANTES ONLUS,True,False,
Determinazione___5014_DeterminadiImpegnoeLiquidazione_Cop2025,Determinazione,Contabilità,Liquidazione,Liquidazione alla Cooperativa Ecovigilantes per il servizio di spazzamento strade comunali mesi di: NOVEMBRE 2025.,473.0,19/12/2025,15860.0,47580.0,62754411BD,,COOPERATIVA SOCIALE ECOVIGILANTES ONLUS,True,False,
Determinazione___5014_VistoContabile,VistoContabile,Contabilità,Liquidazione,,,,15860.0,15860.0,62754411BD,,COOPERATIVA SOCIALE ECOVIGILANTES ONLUS,True,False,
Determinazione___5021_DeterminadiImpegnoeLiquidazione_Cop2025,Determinazione,Contabilità,Liquidazione,Lavori per la realizzazione di prolungamento e sistemazione rete pubblica illuminazione;,478.0,22/12/2025,1599.0,9593.98,B5AF1E0147,,G.I.P.A. SRL,True,False,
Determinazione___5021_VistoContabile,VistoContabile,Contabilità,Liquidazione,,,,1599.0,1599.0,B5AF1E0147,,G.I.P.A. SRL,True,False,
Determinazione___5036_DeterminadiImpegnoeLiquidazione_Cop2025,Determinazione,Contabilità,Liquidazione,"Attribuzione ai comuni dei contributi aggiuntivi, per investimenti destinati ad opere pubbliche in materia di efficientamento energetico e sviluppo territoriale sostenibile.” – Liquidazione incentivo al RUP e collaboratori interni.",484.0,23/12/2025,70000.0,146180.0,,J22C23000000006,MAIELLA PASQUALE,True,False,
Determinazione___5036_VistoContabile,VistoContabile,Contabilità,Liquidazione,,,,721.0,1030.0,,J22C23000000006,MAIELLA PASQUALE,True,False,
Determinazione___5037_DeterminadiImpegnoeLiquidazione_Cop2025,Determinazione,Contabilità,Liquidazione,"Attribuzione ai comuni dei contributi aggiuntivi, per investimenti destinati ad opere pubbliche in materia di efficientamento energetico e sviluppo territoriale sostenibile.” Liquidazione- SALDO- incarico professionale di direzione lavori e coordinamento per la sicurezza",485.0,23/12/2025,70000.0,86966.0,B9C58475CO,J22C23000000006,ROMANO ROBERTO,True,False,
Determinazione___5037_VistoContabile,VistoContabile,Contabilità,Liquidazione,,,,4990.0,4990.0,B9C58475CO,J22C23000000006,ROMANO ROBERTO,True,False,
Determinazione___5064_DeterminadiImpegnoeLiquidazione_Cop2026,Determinazione,Contabilità,Liquidazione,"Interventi destinati a ridurre il rischio idrogeologico con la realizzazione di opere di consolidamento e sistemazione reticolo idraulico minore nel vallone Sant'Egidio - Liquidazione oneri per Valutazione Ambientale – art. 19, Verifica di Assoggettabilità VIA pratica 1464_VERVIA",2.0,07/01/2026,750000.0,751950.0,,J24H20001270001,TESORERIA- REGIONE CAMPANIA,True,False,Partita IVA 00002345717 formalmente errata (Checksum fallito)
Determinazione___5064_VistoContabile,VistoContabile,Contabilità,Liquidazione,,,,650.0,650.0,,J24H20001270001,TESORERIA- REGIONE CAMPANIA,True,False,Partita IVA 00002345717 formalmente errata (Checksum fallito)
Determinazione___5101_DeterminadiImpegnoeLiquidazione_Cop2026,Determinazione,Servizi Sociali,Liquidazione,"Servizio di noleggio per stampante fotocopiatrice multifunzione compreso di assistenza, forniture ricambi e copie mensili B/N e a colori -",14.0,15/01/2026,366.0,3294.0,B9EF2AD3AD,,COPY SERVICE DI SOMMESE GIUSEPPE GIUSEPPE,True,False,
Determinazione___5101_VistoContabile,VistoContabile,Contabilità,Liquidazione,,,,366.0,366.0,B9EF2AD3AD,,COPY SERVICE DI SOMMESE GIUSEPPE GIUSEPPE,True,False,
Determinazione___5127_DeterminadiImpegnoeLiquidazione_Cop2026,Determinazione,Contabilità,Liquidazione,Allestimento plessi scolastici comunali. Impegno di spesa e liquidazione.,6.0,22/01/2026,250.0,1000.0,B9405F56CA,,PULVIRENTI GIOVANNA ANNA,True,False,
Determinazione___5127_VistoContabile,VistoContabile,Contabilità,Liquidazione,,,,250.0,250.0,B9405F56CA,,PULVIRENTI GIOVANNA ANNA,True,False,
Determinazione___5181_DeterminadiImpegnoeLiquidazione_Cop2026,Determinazione,Contabilità,Liquidazione,LIQUIDAZIONE FATTURE PER TELFONIA E RAM AZIENDALE -4° BIMESTRE 2025,10.0,02/02/2026,36904.36,123913.8,B18AA119F1,,Telecom Italia S.p.A.,True,False,
Determinazione___5181_VistoContabile,VistoContabile,Contabilità,Liquidazione,,,,36904.36,114190.57,B18AA119F1,,Telecom Italia S.p.A.,True,False,
Determinazione___5209_DeterminadiImpegnoeLiquidazione_Cop2026,Determinazione,Contabilità,Liquidazione,IMPEGNO E LIQUIDAZIONE QUOTA ASSOCIATIVA ASMEL ANNO 2026. PROVVEDIMENTI.,8.0,09/02/2026,25000.0,27234.925,,,ASMEL ASSOCIAZIONE PER LA SUSSUDARIETA E LA MODERNIZZA,True,False,
Determinazione___5209_VistoContabile,VistoContabile,Contabilità,Liquidazione,,,,2128.0,2128.0,,,ASMEL ASSOCIAZIONE PER LA SUSSUDARIETA E LA MODERNIZZA,True,False,
Determinazione___5311_DeterminadiImpegnoeLiquidazione_Cop2026,Determinazione,Contabilità,Liquidazione,Liquidazione indennità di reggenza/supplenza ai sensi dell’art. 62 del C.C.N.L. Funzioni Locali 16.07.2024 – Periodo dal 05.01.2026 al 28.02.2026.,13.0,03/03/2026,2838.9,2838.9,,,URCIUOLI STEFANIA,True,False,Partita IVA 00023451863 formalmente errata (Checksum fallito)
Determinazione___5311_VistoContabile,VistoContabile,Contabilità,Liquidazione,,,,2838.9,2838.9,,,URCIUOLI STEFANIA,True,False,Partita IVA 00023451863 formalmente errata (Checksum fallito)
Determinazione___5354_DeterminadiImpegnoeLiquidazione_Cop2026,Determinazione,Servizi Demografici,Liquidazione,Adesione all’Associazione Nazionale Ufficiali di Stato Civile e d’Anagrafe (A.N.U.S.C.A.) con sede in Castel San Pietro Terme (BO) – versamento quota associativa annuale 2026.,18.0,12/02/2026,460.0,2300.0,,,A.N.U.S.C.A. S.r.l.,True,False,
Determinazione___5354_VistoContabile,VistoContabile,Contabilità,Liquidazione,,,,460.0,460.0,,,A.N.U.S.C.A. S.r.l.,True,False,
Determinazione___5358_DeterminadiImpegnoeLiquidazione_Cop2026,Determinazione,Contabilità,Liquidazione,"IMPEGNO E LIQUIDAZIONE DEL SERVIZIO DI TRASPORTO DEGLI STUDENTI DELLA SCUOLA DELL'INFANZIA E PRIMARIA AI SENSI DELLART. 50, COMMA 1, LETT. B) E DELLART. 128 D. LGS. 36/2023 PER",25.0,09/03/2026,11157.96,33477.88,B861BD03AE,,ACIERNO VINCENZO SRL,True,False,
Determinazione___5358_VistoContabile,VistoContabile,Contabilità,Liquidazione,,,,5578.98,11157.96,B861BD03AE,,ACIERNO VINCENZO SRL,True,False,
Determinazione___5374_DeterminadiImpegnoeLiquidazione_Cop2026,Determinazione,Regolamenti,Liquidazione,"Restituzione somma non utilizzata relativa al finanziamento per attività socio educative a favore dei minori – Centri Estivi anno 2023 – Dipartimento per le Politiche della Famiglia – Restituzione quota residua € 259,71.",29.0,13/03/2026,8659.7,18877.66,,,PRESIENZA DEL CONSIGLIO DEI MINISTRI-DIPARTIMENTO PER LE POLITICHE DELLA FAMIGLIA,True,False,
Determinazione___5374_VistoContabile,VistoContabile,Contabilità,Liquidazione,,,,259.71,519.42,,,PRESIENZA DEL CONSIGLIO DEI MINISTRI-DIPARTIMENTO PER LE POLITICHE DELLA FAMIGLIA,True,False,
Determinazione___5404_DeterminadiImpegnoeLiquidazione_Cop2026,Determinazione,Contabilità,Liquidazione,IMPEGNO E LIQUIDAZIONE PER LA FORNITURA DI MATERIALE DI PULIZIA IN USO AGLI UFFICI COMUNALI. PROVVEDIMENTI,16.0,19/03/2026,400.0,400.0,BAC83E220B,,Bolle di Sapone di Napolitano Maria,True,False,
Determinazione___5404_VistoContabile,VistoContabile,Contabilità,Liquidazione,,,,400.0,400.0,BAC83E220B,,Bolle di Sapone di Napolitano Maria,True,False,
Determinazione___5468_DeterminadiImpegnoeLiquidazione_Cop2026,Determinazione,Affari Generali,Liquidazione,Determina a contrarre per l'affidamento del servizio trasporto alunni dell’IC Monsignor P. Guerriero di Avella (AV) Avella – Avellino A/R. Nuovi giochi della gioventù competizione Atletica su pista c/o campo Coni di Avellino. CIG BB255AFE30.,38.0,07/04/2026,330.0,6590.0,BB255AFE30,,ACIERNO VINCENZO SRL,True,False,
Determinazione___5468_VistoContabile,VistoContabile,Contabilità,Liquidazione,,,,330.0,330.0,BB255AFE30,,ACIERNO VINCENZO SRL,True,False,
Determinazione___5477_DeterminadiImpegnoeLiquidazione_Cop2026,Determinazione,Contabilità,Liquidazione,CENSIMENTO PERMANENTE DELLA POPOLAZIONE E DELLE ABITAZIONI 2025. LIQUIDAZIONE COMPENSO PERSONALE DIPENDENTE - COSTITUZIONE RETE DI RILEVAZIONE PER UFFICIO COMUNALE DI CENSIMENTO (UCC).,40.0,09/04/2026,14304.0,32370.0,,,DIVERSI,True,False,
Determinazione___5477_VistoContabile,VistoContabile,Contabilità,Liquidazione,,,,14304.0,16185.0,,,DIVERSI,True,False,
Determinazione___5482_DeterminadiImpegnoeLiquidazione_Cop2026,Determinazione,Contabilità,Liquidazione,LIQUIDAZIONE COMPENSO REVISORE DEI CONTI -ACCONTO 2026,21.0,13/04/2026,2904.9,5698.15,,,LAMPO ROCCO,True,False,
Determinazione___5482_VistoContabile,VistoContabile,Contabilità,Liquidazione,,,,2537.5,2793.25,,,LAMPO ROCCO,True,False,
Determinazione___5487_DeterminadiImpegnoeLiquidazione_Cop2026,Determinazione,Contabilità,Liquidazione,IMPEGNO E LIQUIDAZIONE PER LA FORNITURA DI RISME DI CARTA IN USO AGLI UFFICI COMUNALI. PROVVEDIMENTI.,20.0,10/04/2026,366.0,366.0,BB1E4C2DBA,,TUTTO STAMPA DI BALBI PASQUALE,True,False,
Determinazione___5487_VistoContabile,VistoContabile,Contabilità,Liquidazione,,,,366.0,366.0,BB1E4C2DBA,,TUTTO STAMPA DI BALBI PASQUALE,True,False,
Determinazione___5499_DeterminadiImpegnoeLiquidazione_Cop2026,Determinazione,Contabilità,Liquidazione,LIQUIDAZIONE FATTURE PER FORNITURA DI ENERGIA ELETTRICA - PERIODO GENNAIO-FEBBRAIO 2026,22.0,16/04/2026,11261.22,30916.49,,,UNICA SPA,True,False,
Determinazione___5499_VistoContabile,VistoContabile,Contabilità,Liquidazione,,,,11261.22,25916.49,,,UNICA SPA,True,False,
Determinazione___5516_DeterminadiImpegnoeLiquidazione_Cop2026,Determinazione,Contabilità,Liquidazione,"IMPEGNO E LIQUIDAZIONE DEL SERVIZIO DI TRASPORTO DEGLI STUDENTI DELLA SCUOLA DELL'INFANZIA E PRIMARIA AI SENSI DELLART. 50, COMMA 1, LETT. B) E DELLART. 128 D. LGS. 36/2023 PER",47.0,22/04/2026,5578.98,16738.94,B861BD03AE,,ACIERNO vincenzo di ACIERNO LUIGI,True,False,Partita IVA 01857520000 formalmente errata (Checksum fallito)
Determinazione___5516_VistoContabile,VistoContabile,Contabilità,Liquidazione,,,,5578.98,5578.98,B861BD03AE,,ACIERNO vincenzo di ACIERNO LUIGI,True,False,Partita IVA 01857520000 formalmente errata (Checksum fallito)
Determinazione___5517_DeterminadiImpegnoeLiquidazione_Cop2026,Determinazione,Servizi Sociali,Liquidazione,"SERVIZIO DI ASSISTENZA PER IL TRASPORTO DI UTENTI DIVERSAMENTE ABILI DELLA SCUOLA DELL’INFANZIA E PRIMARIA DI PRIMO GRADO AI SENSI DELL'ART. 50, COMMA 1, LETT. B) E DELLART. 128 D. LGS. 36/2023 PER",48.0,22/04/2026,1972.15,1974.15,B8CCFED224,,ACIERNO vincenzo di ACIERNO LUIGI,True,False,
Determinazione___5517_VistoContabile,VistoContabile,Contabilità,Liquidazione,,,,1972.15,1972.15,B8CCFED224,,ACIERNO vincenzo di ACIERNO LUIGI,True,False,Partita IVA 01857520000 formalmente errata (Checksum fallito)
Determinazione___5519_DeterminadiImpegnoeLiquidazione_Cop2026,Determinazione,Contabilità,Liquidazione,SERVIZIO DI ASSISTENZA SPECIALISTICA PER L'AUTONOMIA E/O LA COMUNICAZIONE IN FAVORE DEGLI STUDENTI CON DISABILITA. INFANZIA PRIMARIA SECONDARIA I GRADO ART. 139 D.LGS 112/1998. A.S. 2025/2026 LIQUIDAZIONE FATTURA MESE DI MARZO 2026.,46.0,22/04/2026,4002.74,12008.22,B9B46B2165,,Societa' Cooperativa Sociale Atena,True,False,
Determinazione___5519_VistoContabile,VistoContabile,Contabilità,Liquidazione,,,,3232.58,4002.74,B9B46B2165,,Societa' Cooperativa Sociale Atena,True,False,
Determinazione___5524_DeterminadiImpegnoeLiquidazione_Cop2026,Determinazione,Contabilità,Liquidazione,IMPEGNO E LIQUIDAZIONE CONTRIBUTO ANAC. Gara per l'affidamento del Servizio di Ristorazione Scolastica – anno 2026.,49.0,24/04/2026,72000.0,72560.0,B9B46F58AD,,Caribu Catering S.R.L.,True,False,
Determinazione___5524_VistoContabile,VistoContabile,Contabilità,Liquidazione,,,,140.0,140.0,B9B46F58AD,,Caribu Catering S.R.L.,True,False,
Determinazione___5525_DeterminadiImpegnoeLiquidazione_Cop2026,Determinazione,Contabilità,Liquidazione,"CONTRATTO COLLETTIVO DECENTRATO INTEGRATIVO, ANNUALITÀ ECONOMICA 2025. LIQUIDAZIONE INDENNITÀ DI REPERIBILITA’ EX ART. 23 DEL CCNL 14.09.00 COME INTEGRATO DALL'ART. 11 DEL CCNL DEL 5.10.2001 e SS.MM.II.",50.0,24/04/2026,2486.78,2521.28,,,PERSONALE DIPENDENTE,True,False,Partita IVA 00000234516 formalmente errata (Checksum fallito)
Determinazione___5525_VistoContabile,VistoContabile,Contabilità,Liquidazione,,,,2486.78,2486.78,,,PERSONALE DIPENDENTE,True,False,Partita IVA 00000234516 formalmente errata (Checksum fallito)
Determinazione___5555_DeterminadiImpegnoeLiquidazione_Cop2026,Determinazione,Contabilità,Liquidazione,Liquidazione indennità per specifiche responsabilità ai sensi dell’art. 84 del vigente CCNL Funzioni Locali. Annualità 2025.,51.0,28/04/2026,5350.0,10700.0,,,DIVERSI,True,False,
Determinazione___5555_VistoContabile,VistoContabile,Contabilità,Liquidazione,,,,5350.0,5350.0,,,DIVERSI,True,False,
Determinazione___5561_DeterminadiImpegnoeLiquidazione_Cop2026,Determinazione,Lavori Pubblici,Liquidazione,Servizio di manutenzione straordinaria di autovettura di servizio dell’ente presso elettrauto autorizzato,160.0,22/04/2026,450.0,2250.0,BB5C1EF8EA,,D'ANNA ANGELO,True,False,
Determinazione___5561_VistoContabile,VistoContabile,Contabilità,Liquidazione,,,,450.0,450.0,BB5C1EF8EA,,D'ANNA ANGELO,True,False,
Determinazione___5564_DeterminadiImpegnoeLiquidazione_Cop2026,Determinazione,Contabilità,Liquidazione,"CONTRATTO COLLETTIVO DECENTRATO INTEGRATIVO, ANNUALITÀ ECONOMICA 2025. LIQUIDAZIONE INDENNITÀ DI REPERIBILITA’ EX ART. 23 DEL CCNL 14.09.00 COME INTEGRATO DALL'ART. 11 DEL CCNL DEL 5.10.2001 e SS.MM.II.",8.0,27/04/2026,2313.92,2347.91,,,COMANDO POLIZIA MUNICIPALE AVELLA,True,False,Partita IVA 00023451530 formalmente errata (Checksum fallito)
Determinazione___5564_VistoContabile,VistoContabile,Contabilità,Liquidazione,,,,2313.92,2313.92,,,COMANDO POLIZIA MUNICIPALE AVELLA,True,False,Partita IVA 00023451530 formalmente errata (Checksum fallito)
Determinazione___5565_DeterminadiImpegnoeLiquidazione_Cop2026,Determinazione,Contabilità,Liquidazione,"LIQUIDAZIONE INDENNITA' DI SPECIFICHE RESPONSABILITA PER LANNO 2025 AL DIPENDENTE DI RUOLO DELLA POLIZIA MUNICIPALE AI SENSI DELL'ART. 84 DEL NUOVO CCNL E DELL'ART. 17, COMMA 2 LETT. f) DEL CCNL 01/04/1999.",9.0,28/04/2026,1500.0,1500.0,,,DIVERSI,True,False,
Determinazione___5565_VistoContabile,VistoContabile,Contabilità,Liquidazione,,,,1500.0,1500.0,,,DIVERSI,True,False,
Determinazione___5612_DeterminadiImpegnoeLiquidazione_Cop2026,Determinazione,Contabilità,Liquidazione,Acquisto fascia tricolore da Sindaco.,28.0,11/05/2026,447.54,447.54,BB97606C5D,,Adria Bandiere Srl,True,False,
Determinazione___5612_VistoContabile,VistoContabile,Contabilità,Liquidazione,,,,447.54,447.54,BB97606C5D,,Adria Bandiere Srl,True,False,
Determinazione___5623_DeterminadiImpegnoeLiquidazione_Cop2026,Determinazione,Contabilità,Liquidazione,SERVIZIO DI RISTORAZIONE SCOLASTICA NEL COMUNE DI AVELLA – CIG B9B46F58AD. LIQUIDAZIONE MESI DI MARZO 2026.,58.0,07/05/2026,15085.2,60344.55,B9B46F58AD,,Caribu Catering S.R.L.,True,False,
Determinazione___5623_VistoContabile,VistoContabile,Contabilità,Liquidazione,,,,10000.0,15085.2,B9B46F58AD,,Caribu Catering S.R.L.,True,False,
Determinazione___5664_DeterminadiImpegnoeLiquidazione_Cop2026,Determinazione,Servizi Demografici,Liquidazione,Adesione all’Associazione Nazionale Ufficiali di Stato Civile e d’Anagrafe (A.N.U.S.C.A.) con sede in Castel San Pietro Terme (BO) – Passaggio dalla quota “Agevolata” per il 2026 alla quota “Ordinaria” attraverso integrazione.,63.0,20/05/2026,1120.0,3560.0,,,A.N.U.S.C.A. S.r.l.,True,False,
Determinazione___5664_VistoContabile,VistoContabile,Contabilità,Liquidazione,,,,660.0,660.0,,,A.N.U.S.C.A. S.r.l.,True,False,
Determinazione___Vai,Determinazione,Contabilità,Liquidazione,"REALIZZAZIONE DI UN NUOVO ASILO NIDO IN AVELLA (AV) ALLA VIA DE SANCTIS - DETERMINAZIONE AI SENSI DELL’ART. 22, COMMA 1, D.P.R. 327/2001 LIQUIDAZIONE INDENNITA’ DI ESPROPRIAZIONE DI QUOTA PARTE DEGLI IMMOBILI SITI IN AVELLA (AV) E CENSITI IN C.T. AL F. 16 – P.LLA 1595 –",398.0,04/11/2025,35000.0,209999.94,,J25E24000050006,GAGLIONE ALFONSINA,True,False,
Ordinanza_10__5531_OrdinanzeDirigenziali_Copia_10_2026,Ordinanza,Ambiente,,ORDINANZA DI DEMOLIZIONE E RIPRISTINO STATO DEI LUOGHI ARTT. 31 D.P.R. 380/2001 presso il manufatto insistente in Avella alla via San Francesco snc,10.0,27/04/2026,,0.0,,,,False,False,
Ordinanza_12025__Vai,Ordinanza,Contenzioso,Liquidazione,CONFERIMENTO INCARICO DI ASSISTENZA E PATROCINIO INNANZI ALLA CORTE DI GIUSTIZIA TRIBUTARIA DI I GRADO DI AVELLINO AVVERSO L’ORDINANZA N. 1/2025 EMESSA DALLA PROVINCIA DI AVELLINO - LIQUIDAZIONE COMPENSI CIG B61102E182,36.0,29/05/2025,11142.13,14955.23,B61102E182,,STUDIO DR.RUSSO E DR.MAFFETTONE,False,False,
Ordinanza_12__5443_OrdinanzeSindacali_Copia_12_2026,Ordinanza,Contenzioso,,"Ordinanza contingibile e urgente di chiusura delle scuole di ogni ordine e grado, pubbliche e private, presenti sul territorio comunale per la giornata del 1° aprile 2026, a causa delle avverse condizioni meteorologiche.",12.0,01/04/2026,,0.0,,,,False,False,
Ordinanza_13__5450_OrdinanzeSindacali_Copia_13_2026,Ordinanza,Contenzioso,,ORDINANZA CONTINGIBILE E URGENTE PER LA MESSA IN SICUREZZA ARTT. 54 D.LGS. 267/2000.,13.0,02/04/2026,,0.0,,,,False,False,
Ordinanza_14__5483_OrdinanzeSindacali_Copia_14_2026,Ordinanza,Ambiente,,ORDINANZA CONTINGIBILE E URGENTE PER L’AUTORIZZAZIONE TEMPORANIE ALLO STOCCAGGIO DEI RIFIUTI.,14.0,13/04/2026,,0.0,,,,False,False,
Ordinanza_15__5510_OrdinanzeSindacali_Copia_15_2026,Ordinanza,Ambiente,,ORDINANZA CONTINGIBILE E URGENTE PER LA RIMOZIONE DI RIFIUTI E RIPRISTINO DELLO STATO DEI LUOGHI presso l’area privata sita in Avella identificata catastalmente al Fg. 6 part.lla 144.,15.0,22/04/2026,,0.0,,,,False,False,
Ordinanza_24222022__5201_AttestazionePubblicazione,AttestazionePubblicazione,Contenzioso,Nomina,INCARICO LEGALE PER LA COSTITUZIONE NEL GIUDIZIO DI RIASSUNZIONE PROPOSTO DINANZI IL TRIBUNALE CIVILE DI AVELLINO DAL SIG. P.V. A SEGUITO DELL’ORDINANZA RESA DAL GIUDICE DI PACE DI AVELLINO IN DATA 24.07.2025 NEL GIUDIZIO R.G. N. 2422/2022. PROVVEDIMENTI.,15.0,05/02/2026,,0.0,,,,False,False,
Ordinanza_24222022__5201_DeliberadiGiunta_Copia_15_2026,Ordinanza,Contenzioso,Nomina,"INCARICO LEGALE PER LA COSTITUZIONE NEL GIUDIZIO DI RIASSUNZIONE PROPOSTO DINANZI IL TRIBUNALE CIVILE DI AVELLINO DAL SIG. P.V. A SEGUITO DELL’ORDINANZA RESA DAL GIUDICE DI PACE DI AVELLINO IN DATA 24.07.2025 NEL GIUDIZIO R.G. N. 2422/2022. PROVVEDIMENTI. Nominativo Ruolo Presente Assente Da remoto BIANCARDI VINCENZO SINDACO Presente ALAIA ANNA VICESINDACO Presente BIANCARDI LUIGI ASSESSORE Presente BIANCARDI GIOVANNI ASSESSORE Presente CERBONE SANTINA ASSESSORE Presente Tot. 5 Tot. 0 Piazza Municipio n. 1, C.A.P: 83021 - Avella (AV); P. IVA 00248800641; Tel/Fax 081.8259343; PEC: comune.avella@cert.irpinianet.eu; http://www.comune.avella.av.it. 1. Autorizzare il Comune di Avella e per esso il suo Legale rappresentante, alla costituzione nel giudizio in riassunzione proposto dal Sig. P.V. dinanzi il Tribunale Civile di Avellino nel procedimento recante R.G. n. 3326/2026, in esecuzione dell’ordinanza resa in data 24.07.2025 dal Giudice di Pace di Avellino, Giudice adito Avv. Giuseppe Ilario, nel giudizio recante R.G. n. 2422/2022; 2. Demandare alla sfera gestionale l’adozione degli atti di conferimento dell’incarico legale in favore dell’Avv. Giovanna Ponte, del Foro di Avellino, con studio legale sito alla piazza Municipio in Avella (Prov. AV), quale difensore costituito nel giudizio di primo grado, con ampia facoltà in capo al Professionista di proporre anche eventuali domande incidentali; 3. Precisare che la spesa derivante dall’esecuzione del presente atto è da imputarsi a ...",,,,0.0,,,,False,False,
Ordinanza_2672000__5025_AttestazionePubblicazione,AttestazionePubblicazione,Contenzioso,,"Riconoscimento debito fuori bilancio ai sensi dell’art. 194, comma 1, lett. a), del D.lgs. n. 267/2000 e ss.mm.ii. – Ordinanza R.G. n. 856/2025 resa dal Tribunale Civile di Avellino nel giudizio intrapreso da R.D., M.M.A. e M.F., repertorio n. 1917/2025, pubblicata in data 20.10.2025.",44.0,22/12/2025,,0.0,,,,False,False,
Ordinanza_2672000__5025_DeliberadiConsiglio_Copia_44_2025,Ordinanza,Contenzioso,Liquidazione,"Riconoscimento debito fuori bilancio ai sensi dell’art. 194, comma 1, lett. a), del D.lgs. n. 267/2000 e ss.mm.ii. – Ordinanza R.G. n. 856/2025 resa dal Tribunale Civile di Avellino nel giudizio intrapreso da R.D., M.M.A. e M.F., repertorio n. 1917/2025, pubblicata in data 20.10.2025. Nominativo Ruolo Presente Assente Da remoto BIANCARDI VINCENZO SINDACO Presente ALAIA ANNA VICE SINDACO Presente BIANCARDI DOMENICO CONSIGLIERE Presente BIANCARDI GIOVANNI CONSIGLIERE Presente CARUSO ANTONIA CONSIGLIERE Assente BIANCARDI LUIGI CONSIGLIERE Presente LONGOBARDI NICOLETTA PRESIDENTE DEL CONSIGLIO Presente CERBONE SANTINA CONSIGLIERE Presente D'AVANZO MARIA ROSARIA CONSIGLIERE Presente X CACACE CHIARA CONSIGLIERE Presente MAIETTA FATIMA CONSIGLIERE Presente Pellegrino Vittoria CONSIGLIERE Presente SALAPETE MICHELE CONSIGLIERE Assente Tot. 11 Tot. 2 COPIA Piazza Municipio n. 1, C.A.P: 83021 - Avella (AV); P. IVA 00248800641; Tel/Fax 081.8259343; PEC: comune.avella@cert.irpinianet.eu; http://www.comune.avella.av.it.",,,,0.0,,,,False,False,
Ordinanza_3__5393_OrdinanzeDirigenziali_Copia_3_2026,Ordinanza,Ambiente,,ORDINANZA DI DEMOLIZIONE E RIPRISTINO STATO DEI LUOGHI ARTT. 31 D.P.R. 380/2001.,3.0,18/03/2026,,0.0,,,,False,False,
Ordinanza_40__Vai,Ordinanza,Contenzioso,,"Revoca ordinanza n. 40 del 29.05.1996 in materia di sicurezza della pubblica e privata incolumità della chiusura della grotta di “San Michele” sita in Avella alla località S. Michele I L S I N D A C O Vista la precedente Ordinanza n. 40 del 29.05.1996 emessa dal sindaco protempore Gennaro Pecchia con la quale ordinava la chiusura a tempo indeterminato della grotta di San Michele. Vista la deliberazione di Giunta Municipale G.C. n. 95 del 30.10.2014 e successiva n. 111 del 17.12.2014, con la quale è stato approvato il progetto dei lavori di “sistemazione idrogeologica (BA2)”, appalto complesso integrato” e con",9.0,23/05/2025,,0.0,,,,False,False,
Ordinanza_4102025__5186_DeterminadiLiquidazione_Copia_83_2026,Ordinanza,Contenzioso,Liquidazione,RICORSO IN APPELLO INNANZI,58.0,30/01/2026,1500.0,9094.58,,,VISONE LODOVICO,False,False,
Ordinanza_4102025__5186_VistoContabile,VistoContabile,Contabilità,Liquidazione,,,,1500.0,1500.0,,,VISONE LODOVICO,True,False,
Ordinanza_4102025__Vai,Ordinanza,Contenzioso,Nomina,RICORSO IN APPELLO INNANZI,405.0,11/11/2025,1500.0,4500.0,,,VISONE LODOVICO,False,False,
Ordinanza_41__Vai,Ordinanza,Affari Generali,,REGOLAMENTAZIONE DELLA CIRCOLAZIONE STRADALE FESTEGGIAMENTI IN ONORE DELLA MADONNA DELLE GRAZIE E DI SAN SEBASTIANO MARTIRE – INTEGRAZIONE ORDINANZA N. 41 DEL 06 SETTEMBRE 2025. Richiamata l’ordinanza n. 41 del 06 settembre 2025 avente ad oggetto “Regolamentazione della circolazione stradale festeggiamenti in onore della Madonna delle Grazie e di San Sebastiano Martire”;,42.0,07/09/2025,,0.0,,,,False,False,
Ordinanza_78__5665_allegato_b_manifesto_2026_Marc_1779690214,Ordinanza,Servizi Sociali,,,,,,0.0,,,,False,False,
Ordinanza___Vai,Ordinanza,Contenzioso,,"ORDINANZA DI MESSA IN SICUREZZA, AI FINI DELLA TUTELA DELLA PUBBLICA INCOLUMITÀ, DEL FABBRICATO PARROCCHIA DI SANTA MARINA IN S.GIOVANNI SITO NEL COMUNE DI AVELLA.",18.0,13/10/2025,,0.0,,,,False,False,
atto_022025__Vai,Decreto,Contabilità,Liquidazione,"Liquidazione fattura n. 02/2025FPA12 - “Incarico di collaborazione professionale Esperto in materia di finanziamenti europei, nazionali e regionali – contratti di appalto e di concessione aventi ad oggetto l’acquisizione di servizi, forniture, lavori e opere previsti dal P.N.R.R. e dal P.N.C., con profilo Middle”. Saldo 2^ Annualità",14.0,31/03/2025,48921.06,117368.24,,E99J21007460005,LOIOLA CARMEN,True,False,
atto_052025__Vai,Decreto,Contabilità,Liquidazione,"Liquidazione fattura n. 05/2025FPA12 - “Incarico di collaborazione professionale Esperto in materia di finanziamenti europei, nazionali e regionali – contratti di appalto e di concessione aventi ad oggetto l’acquisizione di servizi, forniture, lavori e opere previsti dal P.N.R.R. e dal P.N.C., con profilo Middle”. 3^ Annualità, 1 e 2 bimestre.",39.0,18/07/2025,4992.0,9984.0,,E99J21007460005,LOIOLA CARMEN,True,False,
atto_1038__Vai,Decreto,Contabilità,Liquidazione,"LIQUIDAZIONE FATTURA N. 1038 PA. SERVIZIO DI GESTIONE E CONSERVAZIONE DEGLI ORDINATIVI DI PAGAMENTO E DI INCASSO, GESTIONE SERVIZIO UNIMONEY SIOPE PLUS ANNO 2025 - UNIMATICA S.P.A.",72.0,11/11/2025,1464.0,6384.0,B5EEF4D984,,UNIMATICA S.P.A.,True,False,
atto_10__5386_OrdinanzeSindacali_Copia_10_2026,Ordinanza,Contenzioso,,Chiusura dei plessi scolastici dell’Istituto Comprensivo “Mons. Pasquale Guerriero” di Avella per lo svolgimento delle consultazioni referendarie del 22 e 23 marzo 2026.,10.0,16/03/2026,,0.0,,,,False,False,
atto_10__5415_DecretoSindacale_Copia_10_2026,Decreto,Contabilità,Nomina,Nomina del Gestore delle segnalazioni in materia di Antiriciclaggio e Finanziamento del Terrorismo del Comune di Avella.,10.0,25/03/2026,,0.0,,,,False,False,
atto_1122025__Vai,Decreto,Servizi Sociali,Liquidazione,ESECUZIONE DELLA DELIBERAZIONE DI G.C. N. 112/2025. CONTRIBUTO ECONOMICO ALLA TESTATA GIORNALISTICA CORRIERE S.R.L. PROVVEDIMENTI.,50.0,15/09/2025,493.28,986.56,,,DIVERSI,True,False,
atto_112212023__Vai,Decreto,Contenzioso,Liquidazione,ATTO DI CITAZIONE NOTIFICATO DALL’IMPRESA ESTRATTIVA ANDREA CRISCI DEI F..LI CRISCI S.A.S. DI CRISCI CARMINE CONTRO COMUNE DI AVELLA E PENDENTE INNANZI IL TRIBUNALE CIVILE DI NAPOLI R.G. N. 11221/2023.,181.0,23/05/2025,3765.57,22593.42,,,DIVERSI,True,False,Partita IVA 00000234552 formalmente errata (Checksum fallito)
atto_1182011__Vai,Delibera,Contabilità,Nomina,"RIACCERTAMENTO ORDINARIO DEI RESIDUI ATTIVI E PASSIVI AL 31/12/2024 AI SENSI DELL'ART.3, COMMA 4, DEL PRINCIPIO CONTABILE APPLICATO ALLEGATO 4/2 PUNTO 9.1 DEL D.Lgs. N.118/2011, PROPEDEUTICO ALLA PREDISPOSIZIONE DEL RENDICONTO DI GESTIONE DELL'ESERCIZIO 2024. Nominativo Ruolo Presente Assente Da remoto BIANCARDI VINCENZO SINDACO Si ALAIA ANNA VICESINDACO Si BIANCARDI LUIGI ASSESSORE Si BIANCARDI GIOVANNI ASSESSORE Si CERBONE SANTINA ASSESSORE Si Tot. 5 Tot. 0 COPIA Piazza Municipio n. 1, C.A.P: 83021 - Avella (AV); P. IVA 00248800641; Tel/Fax 081.8259343; PEC: comune.avella@cert.irpinianet.eu; http://www.comune.avella.av.it. PROPOSTA DI DELIBERAZIONE DELLA GIUNTA COMUNALE OGGETTO: RIACCERTAMENTO ORDINARIO DEI RESIDUI ATTIVI E PASSIVI AL 31/12/2024 AI SENSI DELL'ART.3, COMMA 4, DEL PRINCIPIO CONTABILE APPLICATO ALLEGATO 4/2 PUNTO 9.1 DEL D.Lgs. N.118/2011, PROPEDEUTICO ALLA PREDISPOSIZIONE DEL RENDICONTO DI GESTIONE DELL'ESERCIZIO 2024.",592.0,12/07/2024,11702869.82,28351899.28,Z98312CD68,J21E09002800001,,True,True,
atto_11__5442_DecretoSindacale_Copia_11_2026,Decreto,Regolamenti,Nomina,Rinnovo del decreto di nomina Vice Segretario del Comune di Avella (Prov. AV) al dipendente Avv. Massimiliano SORRIENTO,11.0,31/03/2026,,0.0,,,,False,False,
atto_12152025__Vai,Decreto,Contenzioso,Nomina,RICORSO PER D.I. INNANZI IL TRIBUNALE CIVILE DI AVELLINO RECANTE R.G. N.1215/2025 PROMOSSO DALLA SOCIETA’ AMBIENTE S.P.A. CONTRO IL COMUNE DI AVELLA. COSTITUZIONE IN GIUDIZIO. PROVVEDIMENTI.,248.0,11/07/2025,2000.0,4000.0,,,NAPOLITANO PAOLINO,True,False,
atto_12__5491_DecretoSindacale_Copia_12_2026,Decreto,Contabilità,,"Rimodulazione dell’incarico di P.O. per il Servizio comunale denominato “U.T.C. – Lavori pubblici, Urbanistica, Gestione del Territorio, Ambiente”, al dipendente Funzionario e dell’E.Q. Arch. Pasquale MAIELLA.",12.0,15/04/2026,,0.0,,,,False,False,
atto_13__5518_DecretoSindacale_Copia_13_2026,Decreto,Ambiente,,"Attribuzione temporanea dell'incarico di Responsabile del Servizio denominato “U.T.C. – Lavori pubblici, Urbanistica, Gestione del Territorio, Ambiente e Manutenzione e decoro urbano”. CHE questa Amministrazione, con",13.0,23/04/2026,,0.0,,,,False,False,
atto_1415__Vai,Decreto,Contabilità,Liquidazione,Pagamento Canone anni 2019-2025 pratica n. 1415.,333.0,22/09/2025,3336.03,13344.12,,,provincia di avellino settore,True,False,
atto_145__Vai,Delibera,Servizi Sociali,Nomina,"Interventi relativi ad opere pubbliche di messa in sicurezza degli Edifici e del territorio (articolo 1, comma139 e seguenti, della legge 30 dicembre 2018, n. 145) – REALIZZAZIONE DI INTERVENTI DI MESSA IN SICUREZZA DAL RISCHIO IDROGEOLOGICO LUNGO IL TRATTO DEL TORRENTE CLANIO NEL COMUNE DI AVELLA, DAL TRATTO DA VIA LUNGO CLANIO AL CONFINE DEL COMUNE DI ROCCARAINOLA. Nominativo Ruolo Presente Assente Da remoto BIANCARDI VINCENZO SINDACO Presente ALAIA ANNA VICESINDACO Presente BIANCARDI LUIGI ASSESSORE Presente BIANCARDI GIOVANNI ASSESSORE Presente CERBONE SANTINA ASSESSORE Presente Tot. 5 Tot. 0 COPIA Piazza Municipio n. 1, C.A.P: 83021 - Avella (AV); P. IVA 00248800641; Tel/Fax 081.8259343; PEC: comune.avella@cert.irpinianet.eu; http://www.comune.avella.av.it. PROPOSTA DI DELIBERAZIONE DELLA GIUNTA COMUNALE OGGETTO: Interventi relativi ad opere pubbliche di messa in sicurezza degli Edifici e del territorio (articolo 1, comma139 e seguenti, della legge 30 dicembre 2018, n. 145) – REALIZZAZIONE DI INTERVENTI DI MESSA IN SICUREZZA DAL RISCHIO IDROGEOLOGICO LUNGO IL TRATTO DEL TORRENTE CLANIO NEL COMUNE DI AVELLA, DAL TRATTO DA VIA LUNGO CLANIO AL CONFINE DEL COMUNE DI ROCCARAINOLA. REMESSO Che  Si sono evidenziati numerosi cedimenti di pareti spondali del torrente Clanio lungo il tratto da viale lungo Clanio al confine con Comune di Roccarainola, dovuto ad erosione delle fondazioni;  per risolvere le molteplici problematiche di pericolo dovute a successivi cedimenti spondali...",102.0,04/08/2025,2500000.0,5000000.0,,,,True,False,
atto_14__5542_DecretoSindacale_Copia_14_2026,Decreto,Affari Generali,,"Attribuzione delll’incarico di Responsabile del Servizio comunale denominato “Servizio Tecnico – Lavori pubblici – Urbanistica – Ambiente”. CHE questa Amministrazione, con",14.0,28/04/2026,,0.0,,,,False,False,
atto_1562021__Vai,Decreto,Contabilità,Liquidazione,"Interventi di realizzazione di un ampliamento rete pubblica illuminazione e interramento tratto di rete di pubblica illuminazione - Decreto M.I. nr 43 del 30.06.2020, liquidazione SALDO fattura n. 156/2021.",381.0,22/10/2025,140000.0,472493.74,889575648E,J29J21008730001,IMPRECAL s.r.l.,True,False,
atto_15__5543_DecretoSindacale_Copia_15_2026,Decreto,Affari Generali,,"Attribuzione dell'incarico di Responsabile del Servizio denominato “Edilizia privata – SUAP – Transizione digitale”. CHE questa Amministrazione, con",15.0,28/04/2026,,0.0,,,,False,False,
atto_15__Vai,Decreto,Contabilità,Liquidazione,Liquidazione di spesa per n. 15 paletti dissuasori antisosta e n. 1 cartello strada senza uscita.,11.0,22/04/2025,481.84,2409.2,B5DF0FFDA4,,CANVERI GROUP S.R.L.,True,False,
atto_1652001__Vai,Determinazione,Personale,,"PIANO TRIENNALE DEL FABBISOGNO DI PERSONALE 2025/2027 E CONSISTENZA QUALI-QUANTITATIVA DELLA DOTAZIONE ORGANICA AI SENSI DELL’ARTICOLO 6 DEL D.LGS. N. 165/2001. AGGIORNAMENTO E VARIAZIONE. PROVVEDIMENTI. Nominativo Ruolo Presente Assente Da remoto BIANCARDI VINCENZO SINDACO Presente ALAIA ANNA VICESINDACO Presente BIANCARDI LUIGI ASSESSORE Presente BIANCARDI GIOVANNI ASSESSORE Presente CERBONE SANTINA ASSESSORE Presente Tot. 5 Tot. 0 COPIA Piazza Municipio n. 1, C.A.P: 83021 - Avella (AV); P. IVA 00248800641; Tel/Fax 081.8259343; PEC: comune.avella@cert.irpinianet.eu; http://www.comune.avella.av.it. 3) Di dare atto che vengono confermate tutte le altre determinazioni assunte con le recitate deliberazioni di G.C. di cui ai n.ri deliberazioni di G.C. n.ri 35/2025 di approvazione del Piano di fabbisogno di personale e n. 43/2025 di approvazione del Piano Integrato di Attività e Organizzazione 2025-2027; 4) Di dare atto che la spesa derivante e a sostenersi nella corrente annualità 2025 è compatibile con la capacità assunzionali dell’Ente comunale ed è sostenibile in base alla spesa del personale e dal punto di vista finanziario, così come da prospetti di calcolo dei costi e di compatibilità con i vincoli di bilancio e della finanza pubblica elaborati dall’Ufficio Servizi Finanziari, a valere sul codice del corrente bilancio pluriennale recante n. 1.01.01.004, in coerenza con la corrente spesa del personale; 5) Di dare mandato al Responsabile dei Servizi Generali e Risorse Umane,...",72.0,16/05/2025,,0.0,,,,True,True,
atto_16__5573_DecretoSindacale_Copia_16_2026,Decreto,Affari Generali,,"Attribuzione incarico di Responsabile del Servizio comunale denominato “Servizi Generali – Risorse Umane – Segreteria”. CHE questa Amministrazione, con",16.0,30/04/2026,,0.0,,,,False,False,
atto_176__Vai,Determinazione,Regolamenti,Liquidazione,"Programma di percorsi turistici di tipo culturale, naturalistico ed enogastronomico per la promozione turistica della Campania. Periodo ""Giugno 2023 - Maggio 2024"". POC CAMPANIA 2014/2020 (Deliberazione di Giunta Regionale n. 176 del 04/04/2023) - Progetto: “Animus et Ignis … Natura in Festa” – APPROVAZIONE QUADRO ECONOMICO A CONSUNTIVO",355.0,02/10/2025,132000.0,1112902.69,,J89I23001970006,,True,False,
atto_17__5606_DecretoSindacale_Copia_17_2026,Decreto,Ambiente,Nomina,"Nomina di referente/amministratore sul portale denominato “SGAte”, per la gestione del bonus elettrico del disagio fisico e del bonus sociale rifiuti. CHE questa Amministrazione, con",17.0,08/05/2026,,0.0,,,,False,False,
atto_18__4946_DecretoSindacale_Copia_18_2025,Decreto,Pubblicazione e Trasparenza,,"PRESA ATTO MUTAMENTO DIRETTORE RESPONSABILE SANITARIO. Vista la comunicazione prot. n. 13213 del 27.11.2025, pervenuta dal dott. D'AVANZO PASQUALE, nato a --- omissis... --- Codice fiscale: --- omissis... --- residente a --- omissis... --- nella sua qualità di l.r. della società “Laboratorio Analisi Cliniche Dott. P. D’Avanzo S.a.s.”;",18.0,02/12/2025,,0.0,,,,False,False,
atto_18__5584_OrdinanzeSindacali_Copia_18_2026,Ordinanza,Affari Generali,,Regolamentazione della circolazione stradale al Vico Luciano.,18.0,04/05/2026,,0.0,,,,False,False,
atto_18__5691_DecretoSindacale_Copia_18_2026,Decreto,Servizi Demografici,,"Sostituzioni dei Responsabili dei Servizi comunali, nei casi di assenza temporanea, impedimento ed eventuali circostanze di incompatibilità\inopportunità.",18.0,28/05/2026,,0.0,,,,False,False,
atto_18__Vai,Decreto,Regolamenti,Liquidazione,"Contributi straordinari a sostegno di iniziative di eventi e comunità locali, di cui all’art. 48 della Legge Regionale 29 dicembre 2022, n. 18, Comune di Avella (AV), comma 22, per “Realizzazione di un parco giochi Inclusivo all’interno del Parco San Pietro – Cap U06108” –",394.0,28/10/2025,60000.0,127492.5,,J24J23000730002,MAIELLA PASQUALE,True,False,
atto_19922025__Vai,Delibera,Contenzioso,Nomina,"INCARICO LEGALE PER LA COSTITUZIONE NEL GIUDIZIO RECANTE R.G. N. 1992/2025 INTRAPRESO MEDIANTE RICORSO EX ART. 281 DECIES C.P.C. DALL’AVV. ALESSANDRO BARRACANO. PROVVEDIMENTI. Nominativo Ruolo Presente Assente Da remoto BIANCARDI VINCENZO SINDACO Presente ALAIA ANNA VICESINDACO Presente BIANCARDI LUIGI ASSESSORE Presente BIANCARDI GIOVANNI ASSESSORE Presente CERBONE SANTINA ASSESSORE Presente Tot. 5 Tot. 0 COPIA Piazza Municipio n. 1, C.A.P: 83021 - Avella (AV); P. IVA 00248800641; Tel/Fax 081.8259343; PEC: comune.avella@cert.irpinianet.eu; http://www.comune.avella.av.it. PROPOSTA DI DELIBERAZIONE DELLA GIUNTA COMUNALE OGGETTO: INCARICO LEGALE PER LA COSTITUZIONE NEL GIUDIZIO RECANTE R.G. N. 1992/2025 INTRAPRESO MEDIANTE RICORSO EX ART. 281 DECIES C.P.C. DALL’AVV. ALESSANDRO BARRACANO. PROVVEDIMENTI. Accertata la propria competenza ad adottare il presente atto in forza del Decreto sindacale n. 8/2025 con cui sono state attribuite funzioni dirigenziali;",126.0,09/09/2025,,0.0,,,,True,True,
atto_19__5054_DecretoSindacale_Copia_19_2025,Decreto,Cultura e Turismo,,"ATTRIBUZIONE P.O. PER IL SERVIZIO COMUNALE “Turismo e Promozione del Territorio”. Che questa Amministrazione, con",19.0,31/12/2025,,0.0,,,,False,False,
atto_19__5585_OrdinanzeSindacali_Copia_19_2026,Ordinanza,Contenzioso,,Divieto di accesso ai cani ed altri animali domestici all’interno del Giardino Livia Colonna del Palazzo Baronale Alvarez De Toledo sito alla Piazza Municipio.,19.0,04/05/2026,,0.0,,,,False,False,
atto_1__5058_DecretoSindacale_Copia_1_2026,Decreto,Pubblicazione e Trasparenza,,"ATTRIBUZIONE DELL'INCARICO DI P.O. PER I SERVIZI FINANZIARI DELL'ENTE. Che questa Amministrazione, con",1.0,02/01/2026,,0.0,,,,False,False,
atto_1__5079_OrdinanzeSindacali_Copia_1_2026,Ordinanza,Contenzioso,,Regolamentazione della circolazione stradale – Legalità: lezione con l’Arma dei Carabinieri. Vista la comunicazione del 13 gennaio 2026 da parte dell’Istituto Comprensivo Statale “Mons. Pasquale Guerriero” e,1.0,13/01/2026,,0.0,,,,False,False,
atto_1__5401_OrdinanzeSindacali_Copia_11_2026,Ordinanza,Contenzioso,,"Regolamentazione della circolazione stradale – Lavori di allacciamento alla rete fognaria, immobile sito alla via Madonna delle Grazie al civico n. 1",11.0,18/03/2026,,0.0,,,,False,False,
atto_1__Vai,Decreto,Contabilità,Bando,,1.0,03/06/2025,,0.0,,,,False,False,
atto_2072024__Vai,Delibera,Personale,,"Ricorso all’istituto del trattenimento in servizio di cui all’art. 1, comma 165, della Legge n. 207/2024 – Integrazione al PIAO 2025-2027 approvato. Nominativo Ruolo Presente Assente Da remoto BIANCARDI VINCENZO SINDACO Presente ALAIA ANNA VICESINDACO Presente BIANCARDI LUIGI ASSESSORE Presente BIANCARDI GIOVANNI ASSESSORE Presente CERBONE SANTINA ASSESSORE Presente Tot. 5 Tot. 0 COPIA Piazza Municipio n. 1, C.A.P: 83021 - Avella (AV); P. IVA 00248800641; Tel/Fax 081.8259343; PEC: comune.avella@cert.irpinianet.eu; http://www.comune.avella.av.it. 4) Di dare atto che vengono confermate tutte le altre determinazioni assunte con le recitate deliberazioni di G.C. di cui ai n.ri deliberazioni di G.C. n.ri 35/2025 di approvazione del Piano di fabbisogno di personale e n. 43/2025 di approvazione del Piano Integrato di Attività e Organizzazione 2025-2027; 5) Di dare atto che la spesa derivante e a sostenersi nella corrente annualità 2025 è compatibile con la capacità assunzionali dell’Ente comunale ed è sostenibile in base alla spesa del personale e dal punto di vista finanziario, così come da prospetti di calcolo dei costi e di compatibilità con i vincoli di bilancio e della finanza pubblica elaborati dall’Ufficio Servizi Finanziari, a valere sul codice del corrente bilancio pluriennale recante n. 1.01.01.004, cap. 240.1, in coerenza con la corrente spesa del personale; 6) Di dare mandato al Responsabile dei Servizi Generali e Risorse Umane e al Responsabile dei Servizi Finanziari, o...",93.0,24/06/2025,,0.0,,,,True,True,
atto_20__5055_DecretoSindacale_Copia_20_2025,Decreto,Ambiente,,"ATTRIBUZIONE INCARICO DI P.O. Servizio denominato “U.T.C. – Lavori pubblici, Urbanistica, Gestione del Territorio, Ambiente e Manutenzione” CHE questa Amministrazione, con",20.0,31/12/2025,,0.0,,,,False,False,
atto_20__5603_OrdinanzeSindacali_Copia_20_2026,Ordinanza,Contenzioso,,"REGOLAMENTAZIONE DELLA CIRCOLAZIONE STRADALE PER LAVORI DI SCAVI E POSA CAVIDOTTI INTERRATI ALLA VIA G. MATTEOTTI. Vista la richiesta del 06 maggio 2026,",20.0,07/05/2026,,0.0,,,,False,False,
atto_212__Vai,Delibera,Servizi Demografici,,"CONSULTAZIONI REFERENDARIE DI DOMENICA 8 E LUNEDI 9 GIUGNO 2025 – PROPAGANDA ELETTORALE E COMUNICAZIONE POLITICA . Delimitazione ed assegnazione di spazi per le affissioni di propaganda diretta. (Legge 4 aprile 1956, n. 212, e successive modificazioni) Nominativo Ruolo Presente Assente Da remoto BIANCARDI VINCENZO SINDACO Si ALAIA ANNA VICESINDACO Si BIANCARDI LUIGI ASSESSORE Si BIANCARDI GIOVANNI ASSESSORE Si CERBONE SANTINA ASSESSORE Si Tot. 5 Tot. 0 COPIA Piazza Municipio n. 1, C.A.P: 83021 - Avella (AV); P. IVA 00248800641; Tel/Fax 081.8259343; PEC: comune.avella@cert.irpinianet.eu; http://www.comune.avella.av.it. PROPOSTA DI DELIBERAZIONE DELLA GIUNTA COMUNALE OGGETTO: CONSULTAZIONI REFERENDARIE DI DOMENICA 8 E LUNEDI 9 GIUGNO 2025 – PROPAGANDA ELETTORALE E COMUNICAZIONE POLITICA . Delimitazione ed assegnazione di spazi per le affissioni di propaganda diretta. (Legge 4 aprile 1956, n. 212, e successive modificazioni)",60.0,09/05/2025,,0.0,,,,False,False,
atto_22102021__Vai,Decreto,Contabilità,Liquidazione,LIQUIDAZIONE SPETTANZE PROFESSIONALI IN FAVORE DELL’AVV. VANDA MAJETTA PER IL GIUDIZIO R.G. N. 2210/2021 INNANZI IL TRIBUNALE DI AVELLINO CONCLUSO CON LA SENTENZA N. 1491/2024. PROVVEDIMENTI.,102.0,26/03/2025,1120.0,4480.0,"Z7F2DC6AE0,Z7F2DC6AEO",,Majetta Vanda,True,False,
atto_229__Vai,Decreto,Cultura e Turismo,Bando,"FSC 2021/2027. DGR n. 229 del 29/04/2025. Programma di percorsi turistici di tipo culturale, naturalistico ed enogastronomico per la promozione turistica della Campania. “Animus et Ignis… Natura in Festa - II Edizione” - Servizio di organizzazione e gestione integrata degli eventi per le prestazioni artistiche del cartellone -",363.0,13/10/2025,132000.0,525853.9299999999,B80258E1B0,J39I25000810006,CMN PRODUZIONI S.R.L.,True,False,
atto_22__5697_OrdinanzeSindacali_Copia_22_2026,Ordinanza,Affari Generali,,Regolamentazione della circolazione stradale – Processione religiosa del Corpus Domini.,22.0,01/06/2026,,0.0,,,,False,False,
atto_241__Vai,Delibera,Servizi Sociali,,"Accordo istituzionale (Articolo 15 della legge 7 agosto 1990 n. 241). Controlli tecnici e documentali su strada dei veicoli commerciali – tra il Comune di Avella e il Ministero delle Infrastrutture e dei Trasporti. Nominativo Ruolo Presente Assente Da remoto BIANCARDI VINCENZO SINDACO Presente ALAIA ANNA VICESINDACO Presente BIANCARDI LUIGI ASSESSORE Presente BIANCARDI GIOVANNI ASSESSORE Presente CERBONE SANTINA ASSESSORE Presente Tot. 5 Tot. 0 COPIA Piazza Municipio n. 1, C.A.P: 83021 - Avella (AV); P. IVA 00248800641; Tel/Fax 081.8259343; PEC: comune.avella@cert.irpinianet.eu; http://www.comune.avella.av.it. PROPOSTA DI DELIBERAZIONE DELLA GIUNTA COMUNALE OGGETTO: Accordo istituzionale (Articolo 15 della legge 7 agosto 1990 n. 241). Controlli tecnici e documentali su strada dei veicoli commerciali – tra il Comune di Avella e il Ministero delle Infrastrutture e dei Trasporti.",98.0,10/07/2025,,0.0,,,,False,False,
atto_252025__Vai,Decreto,Personale,Nomina,"PROCEDURA DI STABILIZZAZIONE INCENTIVATA A TEMPO INDETERMINATO DEL PERSONALE L.S.U. AI SENSI DELL’ART. 4, COMMA 6, DEL D.L. N. 25/2025, CONVERTITO, CON MODIFICAZIONI, DALLA LEGGE N. 69/2025, ANNUALITA’ 2025, ATTRAVERSO LE RISORSE STATALI PREVISTE NONCHE’ AI SENSI DELL’ART. 2, COMMA 1, DEL D.LGS. N. 81/2000 E SS.MM.II., AUTORIZZATE CON DELIBERAZIONE DI GIUNTA COMUNALE N. 126/2025. PROVVEDIMENTI.",58.0,07/11/2025,9296.22,0.0,,,,True,True,
atto_2672000__Vai,Delibera,Regolamenti,Liquidazione,"Salvaguardia degli equilibri e assestamento generale di bilancio per l’esercizio 2025-2027 (artt. 175, comma 8 e 193 del d.Lgs. n. 267/2000)” Nominativo Ruolo Presente Assente Da remoto BIANCARDI VINCENZO SINDACO Presente X ALAIA ANNA VICE SINDACO Presente BIANCARDI DOMENICO CONSIGLIERE Presente BIANCARDI GIOVANNI CONSIGLIERE Presente CARUSO ANTONIA CONSIGLIERE Assente BIANCARDI LUIGI CONSIGLIERE Presente LONGOBARDI NICOLETTA PRESIDENTE DEL CONSIGLIO Presente CERBONE SANTINA CONSIGLIERE Presente D'AVANZO MARIA ROSARIA CONSIGLIERE Presente CACACE CHIARA CONSIGLIERE Presente MAIETTA FATIMA CONSIGLIERE Presente X Pellegrino Vittoria CONSIGLIERE Presente SALAPETE MICHELE CONSIGLIERE Assente Tot. 11 Tot. 2 COPIA Piazza Municipio n. 1, C.A.P: 83021 - Avella (AV); P. IVA 00248800641; Tel/Fax 081.8259343; PEC: comune.avella@cert.irpinianet.eu; http://www.comune.avella.av.it.",24.0,31/07/2025,2503119.99,2503119.99,,,,True,True,
atto_267__Vai,Determinazione,Contabilità,Liquidazione,"Art. 159 del TUEL 18 agosto 2000 n.267 Impignorabilità di somme 2° semestre 2025. Nominativo Ruolo Presente Assente Da remoto BIANCARDI VINCENZO SINDACO Presente ALAIA ANNA VICESINDACO Presente BIANCARDI LUIGI ASSESSORE Presente BIANCARDI GIOVANNI ASSESSORE Presente CERBONE SANTINA ASSESSORE Presente Tot. 5 Tot. 0 COPIA Piazza Municipio n. 1, C.A.P: 83021 - Avella (AV); P. IVA 00248800641; Tel/Fax 081.8259343; PEC: comune.avella@cert.irpinianet.eu; http://www.comune.avella.av.it. Somme impignorabili 2° semestre 2025 2. di dare atto che questo Comune, in ossequio alla citata normativa, disporrà i pagamenti per finalità diverse da quelle vincolate, mediante emissione di mandati che rispettino l'ordine cronologico di arrivo delle fatture come prescritto dalla Sentenza della Corte Costituzionale n. 69/1998; 3. di precisare che le somme previste in entrate a titolo di addizionale comunale all'Irpef ammontano a € 570.000,00; 4. di precisare, inoltre, che, se effettivamente accreditate, sono impignorabili tutte le somme che attengono ai fondi erogati dallo Stato o dalla Regione con specifico vincolo di destinazione disposto da leggi o atti amministrativi, per specifiche finalità pubbliche, ovvero solo temporaneamente in termini di cassa ex art. 195 del D.Lgs. 267/2000; 5. di disporre che tutti i pagamenti a titolo vincolato potranno essere eseguiti utilizzando i fondi all'uopo destinati dalla legge o da atti amministrativi delle superiori autorità (Stato o Regione) se utilizzati in ...",4496.0,10/07/1986,2513755.54,6167511.08,,,,True,False,
atto_28__5689_OrdinanzeSindacali_Copia_21_2026,Ordinanza,Contenzioso,,Regolamentazione della circolazione stradale per lavori di getto calcestruzzo all'immobile sito alla via Santa Croce n. 28,21.0,27/05/2026,,0.0,,,,False,False,
atto_28__Vai,VistoContabile,Contabilità,Liquidazione,COMPENSO PROFESSIONALE PER ICARICO DI REVISORE DEI CONTI COME DA DELIBERAZIONE DI C.C. N. 28 DELL'11/07/2023PROVVEDIMENTI,44.0,25/07/2025,3304.58,11455.44,,,PERSANO ANTONINO,True,False,
atto_2__5080_OrdinanzeSindacali_Copia_2_2026,Ordinanza,Contenzioso,,Divieto di utilizzo di fiamme libere e articoli pirotecnici nei locali pubblici.,2.0,13/01/2026,,0.0,,,,False,False,
atto_2__5083_DecretoSindacale_Copia_2_2026,Decreto,Regolamenti,Nomina,Nomina Vice Segretario del Comune di Avella (Prov. AV) al dipendente Avv. Massimiliano SORRIENTO.,2.0,13/01/2026,,0.0,,,,False,False,
atto_2__5131_OrdinanzeDirigenziali_Copia_1_2026,Decreto,Regolamenti,,Regolamentazione della circolazione stradale per lavori di installazione n. 2 split per condizionatori alla via San Nicola.,1.0,24/01/2026,,0.0,,,,False,False,
atto_2__5140_OrdinanzeDirigenziali_Copia_2_2026,Decreto,Regolamenti,,Regolamentazione della circolazione stradale per lavori di trasloco alla via Scandone civico 16.,2.0,26/01/2026,,0.0,,,,False,False,
atto_2__Vai,Determinazione,Contabilità,Liquidazione,"Fornitura SAAS suite “PLUS” IUC IMU/TARI/TASI-TERRITORIO WEBCAT Catasto-ICI-TARSU e tributi minori, integrati Pagopa comprensivo di Linkmate+Pagopa, IDRICO++2019, Migrazione dati idrico, n. 2 giornate di formazione da remoto comprese;",51.0,17/09/2025,27511.0,168483.0,B85ECC83F5,,ADVANCED SYSTEMS SPA,True,False,
atto_3112004__Vai,Delibera,Servizi Sociali,,"PROROGA PER L’UTILIZZO A TEMPO PARZIALE MEDIANTE SCAVALCO DI ECCEDENZA EX ART. 1, COMMA 557, DELLA LEGGE N. 311/2004 E SS.MM.II. DEL DIPENDENTE, CON ATTRIBUZIONE DI INCARICO DI P.O., AL DOTT. NICOLA MONTUORI, IN FORZA AL COMUNE DI BAIANO (AV). PROVVEDIMENTI. Nominativo Ruolo Presente Assente Da remoto BIANCARDI VINCENZO SINDACO Presente ALAIA ANNA VICESINDACO Presente BIANCARDI LUIGI ASSESSORE Presente BIANCARDI GIOVANNI ASSESSORE Assente CERBONE SANTINA ASSESSORE Presente Tot. 4 Tot. 1 COPIA Piazza Municipio n. 1, C.A.P: 83021 - Avella (AV); P. IVA 00248800641; Tel/Fax 081.8259343; PEC: comune.avella@cert.irpinianet.eu; http://www.comune.avella.av.it. 3) DI PREVEDERE che il Comune di Avella corrisponderà direttamente allo stesso dipendente il trattamento economico corrispondente proporzionalmente al numero di ore svolte per l’incarico professionale de quo; 4) DI STABILIRE che l’utilizzo temporaneo mediante scavalco di eccedenza potrà cessare anticipatamente, rispetto alla durata prevista, a domanda dell’interessato o per volontà degli Enti ovvero per il venir meno delle condizioni di fatto e delle ragioni di diritto che ne hanno determinato il relativo utilizzo; 5) DI DEMANDARE al Responsabile del Servizio competente gli adempimenti giuridici per l’attuazione del presente atto; 6) DI TRASMETTERE la presente deliberazione al Comune di Baiano (AV) per i successivi adempimenti di competenza; COPIA Piazza Municipio n. 1, C.A.P: 83021 - Avella (AV); P. IVA 00248800641; Tel/Fax 08...",115.0,29/07/2025,,0.0,,,,True,True,
atto_31__4970_OrdinanzeSindacali_Copia_31_2025,Ordinanza,Contenzioso,,"Regolamentazione della circolazione stradale - Lavori di potatura di alberi in via Cappella e in Piazza Convento. Viste le comunicazioni del 09.12.2025 acquisite ai protocolli n°13650 e n°13651 e pervenute dal sig. Arbucci Vito, in qualità di titolare dell’Azienda Agricola di Arbucci Vito con sede ad Avella (AV) alla via Leonardo Da Vinci snc - P.IVA 02288560648, tendente ad ottenere un’ordinanza temporanea istitutiva di divieto di sosta in Via Cappella e in Piazza Convento, in occasione dei lavori di potatura di alberi da effettuarsi in data 11.12.2025 dalle ore 06.00 alle ore 15.00 e in data 12.12.2025 dalle ore 06.00 alle ore 15.00; Ravvisata pertanto la necessità di adottare gli opportuni provvedimenti in relazione alle esigenze del traffico e alle caratteristiche strutturali della strada, nonché al fine di tutelare la sicurezza dei pedoni e della circolazione;",31.0,10/12/2025,,0.0,,,,False,False,
atto_32__4994_OrdinanzeSindacali_Copia_32_2025,Ordinanza,Personale,,Chiusura anticipata alle ore 14:00 del plesso della scuola della infanzia e primaria dell’Istituto Comprensivo Monsignor Pasquale Guerriero per lavori di realizzazione della nuova mensa scolastica adiacente all’edificio. Venerdì 19.12.2025.,32.0,18/12/2025,,0.0,,,,False,False,
atto_33__5003_OrdinanzeSindacali_Copia_33_2025,Ordinanza,Contenzioso,,Regolamentazione della circolazione stradale – Rappresentazione teatrale del gioco della Tombola.,33.0,19/12/2025,,0.0,,,,False,False,
atto_33__Vai,Decreto,Regolamenti,,Regolamentazione della circolazione stradale per lavori di trasloco alla via Orfanotrofio n. 33 intersezione con la via San Nicola. Vista la richiesta del 19.06.2025,30.0,20/06/2025,,0.0,,,,False,False,
atto_34__5007_OrdinanzeSindacali_Copia_34_2025,Ordinanza,Contenzioso,,Regolamentazione della circolazione stradale – Rappresentazione teatrale del gioco della Tombola.,34.0,22/12/2025,,0.0,,,,False,False,
atto_362023__Vai,Decreto,Ambiente,Liquidazione,Stipula di un Accordo Quadro (ex art. 59 del D. Lgs. n. 36/2023) - Servizi di supporto amministrativo all’Ufficio Tecnico – Protezione Civile – Ambiente – Territorio del Comune di Avella – ASSISTENZA AMMINISTRATIVA -,396.0,03/11/2025,60000.0,230208.0,B6752C3D90,,GAGLIONE PASQUALINA,True,False,
atto_37282023__Vai,Decreto,Contenzioso,Liquidazione,OGGETTO: GIUDIZIO DI MERITO RECANTE R.G. N. 3728/2023 PENDENTE DI INNANZI IL GIUDICE DI PACE DI AVELLINO INTRAPRESO DA V.S. CONTRO IL COMUNE DI AVELLA.,135.0,16/04/2025,1100.0,6596.0,,,CONTE DIEGO,True,False,
atto_38__Vai,Decreto,Contabilità,Liquidazione,ATTO DI TRANSAZIONE EX ART. 208 D. LGS 50/2016 ED ART. 1965 COD. CIV. - COMUNE DI AVELLA /IMPRECAL SRL COME DA DEL. DI C.C. N. 38/ DEL 26/11/2024 - LIQUIDAZIONE SALDO,57.0,06/10/2025,71720.0,264775.0,,,IMPRECAL s.r.l.,True,False,
atto_3__5110_DecretoSindacale_Copia_3_2026,Decreto,Servizi Demografici,,"ATTRIBUZIONE EQ DEL SERVIZIO DI POLIZIA MUNICIPALE DEL COMUNE DI AVELLA ALL'ARCH. GIUSEPPE CANONICO. CHE questa Amministrazione, con deliberazione di G.C. n. 133/2025, immediatamente eseguibile, ha provveduto ad una riorganizzazione della struttura amministrativa di questo Ente comunale, che prevede una nuova e diversa articolazione degli Uffici e dei Servizi, che viene costituita in complessivi sei Servizi; CHE, attualmente, il Servizio comunale denominato “POLIZIA MUNICIPALE” risulta temporaneamente vacante, vista anche la cessazione dello scavalco del dott. Luigi AMBROSINO che in precedenza ha ricoperto il ruolo di Comandante pro tempore; CHE, per le vie brevi è stata",3.0,22/01/2026,,0.0,,,,False,False,
atto_3__5412_OrdinanzeDirigenziali_Copia_4_2026,Decreto,Regolamenti,,"Regolamentazione della circolazione stradale per lavori di manutenzione e messa in sicurezza immobile Via P. Togliatti n. 3 Vista la richiesta del 18.03.2026,",4.0,20/03/2026,,0.0,,,,False,False,
atto_3__5501_OrdinanzeDirigenziali_Copia_8_2026,Decreto,Regolamenti,,"Regolamentazione della circolazione stradale per lavori di messa in sicurezza immobile Palmiro Togliatti n. 3 Vista la richiesta del 16 aprile 2026,",8.0,17/04/2026,,0.0,,,,False,False,
atto_3__5528_OrdinanzeSindacali_Copia_17_2026,Ordinanza,Affari Generali,,"Regolamentazione della circolazione stradale per lavori di manutenzione e messa in sicurezza immobile Via Palmiro Togliatti n. 3 Vista la richiesta del 21 aprile 2026,",17.0,25/04/2026,,0.0,,,,False,False,
atto_3__Vai,Decreto,Contabilità,Liquidazione,,,,40000.0,85612.23,A02B19B569,J23G23000020004,GIOSA IMMOBILIARE SRL,True,False,
atto_417__Vai,Determinazione,Contabilità,Liquidazione,RETTIFICA IN AUTOTUTELA ALLA,45.0,30/07/2025,3304.58,6609.16,,,,True,False,
atto_45632020__Vai,Decreto,Contabilità,Liquidazione,GIUDIZIO R.G. N. 4563/2020 INNANZI IL TRIBUNALE CIVILE DI AVELLINO TRA LA SIG.RA S.F. E IL COMUNE DI AVELLA. PAGAMENTO DEL COMPENSO PROFESSIONALE IN FAVORE DEL NOMINATO C.T.U. PROVVEDIMENTI,138.0,22/04/2025,634.4,1268.8,,,COTTICELLI LUCIO,True,False,
atto_4592001__Vai,unknown,Regolamenti,Nomina,"Referendum popolari abrogativi ex art. 75 della Costituzione di domenica 8 e lunedì 9 giugno 2025 - Termini e modalità di esercizio dell’opzione degli elettori residenti all’estero (iscritti AIRE) per esercitare il voto in Italia (entro giovedì 10 aprile 2025) (art. 1, commi 3 e 4, della legge n. 459/2001 ed art. 4 della legge 104/2003) — (Circ. M.I. n. 21/2025) AAAAAAAAAAAAANANAANA Per i referendum in oggetto, gli elettori italiani residenti all’estero votano per corrispondenza, ai sensi della legge 27 dicembre 2001, n. 459 e del relativo regolamento di attuazione approvato con D.P.R. 2 aprile 2003, n. 104. La predetta normativa, nel prevedere la modalità di voto per corrispondenza per tali elettori (i cui nominativi vengono inseriti d’ufficio nell’elenco degli aventi diritto al voto residenti all’estero), fa comunque salva la possibilità di votare in Italia, previa apposita e tempestiva opzione, da esercitare in occasione di ogni consultazione e valida limitatamente ad essa. In particolare il diritto di optare per il voto in Italia, ai sensi degli artt. 1, comma 3, e 4 della legge n. 459/2001 nonché dell’art. 4 del D.P.R. n. 104/2003, deve essere esercitato entro il decimo giorno successivo all’indizione del referendum (intendendo riferito tale termine alla data di pubblicazione nella Gazzetta Ufficiale del decreto di indizione) e cioè entro giovedì 10 aprile 2025, preferibilmente utilizzando il modello allegato alla presente circolare. Prefettura Avellino - Elettorale prov...",30269.0,04/04/2025,,0.0,,,,False,False,
atto_46__Vai,unknown,Regolamenti,,,,,,0.0,,,,False,False,
atto_4717970__Vai,VistoContabile,Contabilità,Liquidazione,Servizio di Hosting Tributi e Pago PA – ordine MePA n. 4717970- Liquidazione alla ditta ADVANCED SYSTEM SPA CIG B3F5F972E5,50.0,17/09/2025,16433.33,102870.66,B3F5F972E5,,ADVANCED SYSTEM SPA,True,False,
atto_482025__Vai,Decreto,Contabilità,Liquidazione,ESECUZIONE DELIBERAZIONE DI G.C. N. 48/2025. PROVVEDIMENTI.,127.0,10/04/2025,47317.56,130609.25,,,DIVERSI,True,False,Partita IVA 00000234552 formalmente errata (Checksum fallito)
atto_4__5105_OrdinanzeSindacali_Copia_4_2026,Ordinanza,Contenzioso,,Regolamentazione della circolazione stradale – Processione in onore di San Sebastiano Martire e accensione del Falò in onore di San Sebastiano Martire.,4.0,21/01/2026,,0.0,,,,False,False,
atto_4__5117_DecretoSindacale_Copia_4_2026,Decreto,Pubblicazione e Trasparenza,,"Attribuzione supporto informatico all’Ufficio del Segretario Generale per la redazione dei contratti comunali, registrazione elettronica e trasmissione all’A.E.R. nonché per tutte le attività finalizzate alla pubblicazione degli atti dell’Ente comunale sull’Albo Pretorio elettronico. CHE questa Amministrazione, con",4.0,22/01/2026,1000.0,0.0,,,,False,False,
atto_51392020__Vai,Decreto,Contabilità,Liquidazione,GIUDIZIO CIVILE R.G. N. 5139/2020 PROMOSSO DA BANCA FARMA FACTORING S.P.A. INNANZI IL TRIBUNALE DI AVELLINO CONTRO IL COMUNE DI AVELLA. PAGAMENTO DEL COMPENSO PROFESSIONALE IN FAVORE DELL’AVV. EMANUELE LITTO. PROVVEDIMENTI.,40.0,24/06/2025,1986.0,7944.0,Z98312CD68,,PETRILLO GIANPAOLO,True,False,
atto_53622024__Vai,Decreto,Contabilità,Liquidazione,OGGETTO: GIUDIZIO CIVILE R.G. N. 5362/2024 INNANZI LA CORTE DI APPELLO DI NAPOLI TRA IL SIG. G.S. E IL COMUNE DI AVELLA. LIQUIDAZIONE DELLE COMPETENZE PROFESSIONALI IN FAVORE DELL’AVV. FRANCESCO LANZARA. PROVVEDIMENTI.,377.0,21/10/2025,1500.0,3000.0,,,avv Lanzara Francesco,True,False,
atto_5__5149_DecretoSindacale_Copia_5_2026,Decreto,Servizi Demografici,,DELEGA PARZIALE DI FUNZIONI DI UFFICIALE DI STATO CIVILE.,5.0,27/01/2026,,0.0,,,,False,False,
atto_5__5206_OrdinanzeSindacali_Copia_5_2026,Ordinanza,Contenzioso,,Regolamentazione della circolazione stradale alla via San Francesco per lavori di sostituzione delle griglie per la raccolta delle acque piovane.,5.0,08/02/2026,,0.0,,,,False,False,
atto_5__5444_OrdinanzeDirigenziali_Copia_5_2026,Decreto,Affari Generali,,"Regolamentazione della circolazione stradale in occasione della processione religiosa in onore del Cristo morto e Madonna Addolorata. Vista la comunicazione del 30.03.2026, acquista al protocollo informatico al n°3771, presentata da Don Giuseppe Parisi, Parroco della Parrocchia di Santa Marina V. e M., con la quale dava avviso dello svolgimento della “Processione religiosa in onore del Cristo Morto e Madonna Addolorata”, che si terrà venerdì 03 aprile 2026 dalle ore 18.00 alle ore 21.00; Vista la comunicazione del 24.03.2026, inviata alla Questura di Avellino, a valere quale preavviso di processione nelle pubbliche ai sensi dell’art. 25 del TULPS; Ravvisata la necessità di adottare un provvedimento atto a disciplinare la circolazione stradale nelle strade interessate dall'evento, al fine di consentirne il corretto svolgimento e di tutelare la sicurezza delle persone e delle cose; Tenuto conto degli interessi delle categorie di utenti potenzialmente destinatari delle prospettate limitazioni alla circolazione stradale e, in particolare, di coloro i quali hanno la necessità di accedere con i veicoli nell’area destinata; Visti gli artt. 5, 6 e 7 del Codice della Strada, D. Lgs 285/92;",5.0,01/04/2026,,0.0,,,,False,False,
atto_62025__Vai,Decreto,Contabilità,Liquidazione,"Liquidazione fattura n. 6/2025 del 30/06/2025 ""Incarico di collaborazione professionale Esperto in Funzioni tecniche - Profilo Junior - per l'attuazione del PNRR"". Periodo III ANNUALITA’ Compenso BIMESTRI I e II 2025.",228.0,02/07/2025,115098.69,241404.92,,E99J21007460005,ANGIERI GABRIELE,True,False,
atto_621__Vai,Decreto,Contabilità,Liquidazione,PAGAMENTO CANONE ANNI 2019/2024 PRATICA N. 621,109.0,28/03/2025,2456.86,9827.44,,,provincia di avellino settore,True,False,
atto_652025__Vai,Decreto,Personale,Concorso,ESECUZIONE DELIBERAZIONE DI G.C. N. 65/2025 CON OGGETTO RECLUTAMENTO NUMERO DUE DI UNITA’ DI PERSONALE APPARTENENTE ALL’AREA DEGLI ISTRUTTORI DI VIGILANZA DA IMPIEGARE A TEMPO DETERMINATO E PARZIALE. PROVVEDIMENTI.,25.0,29/05/2025,6051.27,0.0,,,,True,False,
atto_6__5189_DecretoSindacale_Copia_6_2026,Decreto,Pubblicazione e Trasparenza,,ATTRIBUZIONE E.Q. POLIZIA MUNICIPALE DEL COMUNE DI AVELLA AL DOTT. FRANCESCO TAVASSO.,6.0,03/02/2026,,0.0,,,,False,False,
atto_6__5231_OrdinanzeSindacali_Copia_6_2026,Ordinanza,Pubblicazione e Trasparenza,,CHIUSURA PLESSI I.C. MONS. PASQUALE GUERRIERO PER I GIORNI 16 E 17 FEBBRAIO 2026.,6.0,13/02/2026,,0.0,,,,False,False,
atto_6__5445_OrdinanzeDirigenziali_Copia_6_2026,Decreto,Affari Generali,,"Regolamentazione della circolazione stradale in occasione della processione religiosa in onore della Madonna delle Grazie. Vista la comunicazione del 30.03.2026, acquista al protocollo informatico al n°3772, presentata da Don Giuseppe Parisi, Parroco della Parrocchia di Santa Marina V. e M., con la quale dava avviso dello svolgimento della “Processione religiosa in onore della Madonna delle Grazie”, che si terrà lunedì 06 aprile 2026 dalle ore 10.30 alle ore 12.30; Vista la comunicazione del 30.03.2026, inviata alla Questura di Avellino, a valere quale preavviso di processione nelle pubbliche ai sensi dell’art. 25 del TULPS; Ravvisata la necessità di adottare un provvedimento atto a disciplinare la circolazione stradale nelle strade interessate dall'evento, al fine di consentirne il corretto svolgimento e di tutelare la sicurezza delle persone e delle cose; Tenuto conto degli interessi delle categorie di utenti potenzialmente destinatari delle prospettate limitazioni alla circolazione stradale e, in particolare, di coloro i quali hanno la necessità di accedere con i veicoli nell’area destinata; Visti gli artt. 5, 6 e 7 del Codice della Strada, D. Lgs 285/92;",6.0,01/04/2026,,0.0,,,,False,False,
atto_6__5500_OrdinanzeDirigenziali_Copia_7_2026,Decreto,Regolamenti,,"Regolamentazione della circolazione stradale per lavori di messa in sicurezza immobile Santa Croce n. 6 Vista la richiesta del 15 aprile 2026,",7.0,17/04/2026,,0.0,,,,False,False,
atto_739__Vai,Determinazione,Lavori Pubblici,Liquidazione,Determina a contrarre per l’affidamento dei lavori nell’ambito dell’intervento denominato “Completamento ex casa Comunale”- PR CAMPANIA FESR 2021-2027 - ASSE 2 - OBIETTIVO SPECIFICO 2.1 AZIONE 2.1.2_ DGR n. 739 del 21/12/2024- CUP J24J25000320002,397.0,03/11/2025,920939.4,7335050.600000001,,J24J25000320002,DIVERSI,True,False,Partita IVA 00023452517 formalmente errata (Checksum fallito)
atto_78__Vai,Decreto,Regolamenti,,Regolamentazione della circolazione stradale per lavori di trasloco alla via Farrio presso il civico n. 78. Vista la richiesta del 23.07.2025,38.0,24/07/2025,,0.0,,,,False,False,
atto_7__5232_DecretoSindacale_Copia_7_2026,Decreto,Regolamenti,Nomina,Rinnovo del decreto di nomina Vice Segretario del Comune di Avella (Prov. AV) al dipendente Avv. Massimiliano SORRIENTO.,7.0,13/02/2026,,0.0,,,,False,False,
atto_7__5238_OrdinanzeSindacali_Copia_7_2026,Ordinanza,Contenzioso,,Regolamentazione della circolazione stradale – lavori stabile civile alla via A. Buongiovanni F.18- P.192.,7.0,16/02/2026,,0.0,,,,False,False,
atto_802021__Vai,Decreto,Personale,Liquidazione,INTERPELLO A SEGUITO DI ACCORDO PER LA GESTIONE ASSOCIATA DELLA FORMAZIONE DI ELENCHI DI IDONEI PER LE ASSUNZIONI DI PERSONALE DI CUI ALL’ARTICOLO 3 BIS DEL D.L. N. 80/2021 – ISTRUTTORE COMUNICAZIONE (AREA DEGLI ISTRUTTORI) EX PROFILO DI ISTRUTTORE COMUNICAZIONE (EX CAT. C1). LIQUIDAZIONE COMMISSIONE ESAMINATRICE. PROVVEDIMENTI.,42.0,23/07/2025,4804.0,9920.0,,,DIVERSI,True,False,Partita IVA 00002345602 formalmente errata (Checksum fallito)
atto_82025__Vai,Decreto,Contabilità,Liquidazione,"Liquidazione fattura n. 8/2025 del 01/09/2025 ""Incarico di collaborazione professionale Esperto in Funzioni tecniche - Profilo Junior - per l'attuazione del PNRR"". Periodo III ANNUALITA’ Compenso BIMESTRE III 2025.",317.0,02/09/2025,115098.69,212584.92,,E99J21007460005,ANGIERI GABRIELE,True,False,
atto_83832024__Vai,Delibera,Contenzioso,Nomina,"INCARICO LEGALE PER LA COSTITUZIONE NEL GIUDIZIO DI APPELLO PROPOSTO DALLA SOCIETA’ EAV S.R.L. AVVERSO LA SENTENZA N. 8383/2024 INNANZI LA CORTE DI APPELLO DI NAPOLI. PROVVEDIMENTI Nominativo Ruolo Presente Assente Da remoto BIANCARDI VINCENZO SINDACO Presente ALAIA ANNA VICESINDACO Presente BIANCARDI LUIGI ASSESSORE Presente BIANCARDI GIOVANNI ASSESSORE Presente CERBONE SANTINA ASSESSORE Presente Tot. 5 Tot. 0 COPIA Piazza Municipio n. 1, C.A.P: 83021 - Avella (AV); P. IVA 00248800641; Tel/Fax 081.8259343; PEC: comune.avella@cert.irpinianet.eu; http://www.comune.avella.av.it. (Prov. AV), quale difensore costituito nel giudizio di primo grado, con ampia facoltà in capo al Professionista di proporre anche domande incidentali; 3. Precisare che la spesa derivante dall’esecuzione del presente atto è da imputarsi a carico del bilancio pluriennale armonizzato 2025/2027, annualità 2025, nei limiti consentiti per l’esercizio provvisorio e tenuto conto della infrazionabilità della spesa; 4. Eleggere domicilio presso lo studio del Professionista incaricato o nel luogo ove per la natura della causa dovesse essere necessario incardinare il giudizio, incaricando a tal fine",88.0,23/06/2025,,0.0,,,,True,True,
atto_883__Vai,Determinazione,Contabilità,,,,,1482.61,1482.61,,,,True,False,
atto_8__5281_OrdinanzeSindacali_Copia_8_2026,Ordinanza,Regolamenti,,Regolamentazione della circolazione stradale per lavori di posa di nuovi tronco di linea siettrica MT in cavo interrato tra cabine secondarie esistenti.,8.0,23/02/2026,,0.0,,,,False,False,
atto_8__5283_DecretoSindacale_Copia_8_2026,Decreto,Servizi Demografici,,Delega delle funzioni di Ufficiale d’Anagrafe.,8.0,24/02/2026,,0.0,,,,False,False,
atto_9253__Vai,Decreto,Contenzioso,Liquidazione,"RICORSO AMMINISTRATIVO INNANZI IL T.A.R. CAMPANIA, SEZIONE DI SALERNO PROPOSTO E NOTIFICATO DA ILIAD ITALIA S.P.A. CONTRO IL COMUNE DI AVELLA ED ALTRI, AVVERSO IL PROVVEDIMENTO U.T.C. PROT. N. 9253 del 12.02.2025. COSTITUZIONE IN GIUDIZIO.PROVVEDIMENTI.",150.0,05/05/2025,2188.68,4377.36,,,VISONE LODOVICO,True,False,
atto_9__5284_DecretoSindacale_Copia_9_2026,Decreto,Servizi Demografici,,AMPLIAMENTO DELEGHE DI UFFICIALE DI STATO CIVILE.,9.0,24/02/2026,,0.0,,,,False,False,
atto_9__5381_OrdinanzeSindacali_Copia_9_2026,Ordinanza,Contenzioso,,Trattamento sanitario obbligatorio in regime di degenza ospedaliera •,9.0,13/03/2026,,0.0,,,,False,False,
atto_9__5515_OrdinanzeSindacali_Copia_16_2026,Ordinanza,Contenzioso,,"Regolamentazione della circolazione stradale per lavori di manutenzione e messa in sicurezza immobile Via dei Mulini n. 9 Vista la richiesta del 22 aprile 2026,",16.0,22/04/2026,,0.0,,,,False,False,
atto__01012024_Vai,Decreto,Contabilità,Liquidazione,LIQUIDAZIONE COMPETENZE PER SERVIZIO CASSA DAL 01/01/2024 AL 31/12/2024,31.0,13/05/2025,13453.2,38756.4,9372131F27,,BANCA DI CREDITO POPOLARE SOCIETA COOPER,True,False,
atto__16112022_Vai,Decreto,Contabilità,Liquidazione,"ATTRIBUZIONE SPECIFICHE RESPONSABILITA' AI SENSI DELL'ART. 84 DEL NUOVO C.C.N.L. SIGLATO IN DATA 16/11/2022 E DELL'ART. 17, COMMA 2, LETT. F), c.c.n.l. 01/04/1999 AI DIPENDENTI DI RUOLO DEI SERVIZI FINANZIARI Accertata la propria competenza ad adottare il presente atto in forza del Decreto Sindacale n. 6/2025 con cui sono state attribuite le funzioni dirigenziali;",3.0,02/04/2025,3000.0,7.0,,,,False,False,
atto__19102025_Vai,Ordinanza,Affari Generali,,Chiusura Anticipata Istituti Scolastici Pubblici e Privati di ogni ordine e grado in data 19/10/2025 in occasione del 10^ giro Mediterraneo In Rosa.,13.0,18/09/2025,,0.0,,,,False,False,
atto__25052025_Vai,Decreto,Servizi Demografici,,"DELEGA FUNZIONI DI UFFICIALE DI STATO CIVILE A CONSIGLIERE COMUNALE PER LA CELEBRAZIONE DI MATRIMONIO CIVILE IN DATA 25/05/2025. VISTI gli articoli 1 e 2 del Decreto del Presidente della Repubblica in data 3 novembre 2000, n. 396; VISTI gli articoli 14 e 54 del Decreto legislativo 18 agosto 2000, n. 267; RITENUTO opportuno, ai fini di una più efficiente ed efficace erogazione dei servizi relativi alle funzioni dell’Ufficiale di Stato Civile procedere alla delega delle funzioni connesse, in modo da non concentrarle in un unico organo, e permettere a più soggetti di esercitare tali compiti ai sensi dell'art. 5 del D.P.R. n. 396/2000 DELEGA Ai sensi dell’articolo 1, comma 3, e per gli effetti di cui all’articolo 2 del suddetto D.P.R. le funzioni di Stato Civile limitate alla celebrazione e sottoscrizione dell’atto di matrimonio, da celebrarsi presso la Casa Comunale in data 25 maggio 2025 relativo ai Sig. LUMETTA FRANCESCO e D’AVANZO GELSOMINA; il Sig. NICOLETTA LONGOBARDI, nato a AVELLINO il 03/09/2000 consigliere comunale, dando atto che la presente delega: 1. non priva il sottoscritto della titolarità delle funzioni di Ufficiale di stato Civile; 2. produce i suoi effetti dall’accettazione espressa; 3. può essere oggetto di espressa rinuncia, mediante atto scritto da indirizzare al Sindaco e da comunicare al Prefetto, che produce effetto dal giorno successivo a quello del ricevimento da parte del Sindaco stesso; 4. decade terminato il mandato del Sindaco delegante ed è comunqu...",11.0,21/05/2025,,0.0,,,,False,False,
atto___4995_disposizione_chiusura_Marcato_1766055325,unknown,Contabilità,,Chiusura anticipata degli uffici comunali nelle giornate di mercoledì 24 dicembre 2025 e mercoledì 31 dicembre 2025.,,,,0.0,,,,True,True,
atto___5033_AVELLINO_Elezioni_Regionali_20_1766500215,unknown,Servizi Demografici,,,,,,0.0,,,,False,False,
atto___5056_leva_militare_2009_Marcato_1767257655,unknown,Servizi Demografici,,,,,,0.0,,,,False,False,
atto___5065_att_213118_Marcato_1767885200,Determinazione,Regolamenti,Bando,Art. 62 D. Lgs. 36/2023. Stazione Unica Appaltante della Provincia di Avellino. “CONCESSIONE DEGLI INTERVENTI DI EFFICIENTAMENTO ENERGETICO E DELLA GESTIONE INTEGRATA DEI SERVIZI ENERGETICI DELLE SCUOLE DI PROPRIETÀ DEL COMUNE DI AVELLA”,499.0,10/09/2025,,0.0,B8EDD74FEB,,,True,True,
atto___5130_14_-_Verbale_di_pubblicazione__1769181604,Avviso,Servizi Demografici,,,,,,0.0,,,,False,False,
atto___5152_TURNO_REPERIBILITA_FEBBRAIO_Ma_1769587720,unknown,Servizi Demografici,,,,,,0.0,,,,False,False,
atto___5161_TURNI_DI_REPERIBILITA_-_FEBBRA_1769680882,unknown,Affari Generali,,"Turni di Reperibilità mese di febbraio anno 2026 – Polizia Municipale e Ufficio Tecnico. CALENDARIO FEBBRAIO 2026 Avella, data del protocollo informatico.",,,,0.0,,,,False,False,
atto___5165_14_-_Verbale_di_pubblicazione__1769708031,Avviso,Servizi Demografici,,,,,,0.0,,,,False,False,
atto___5169_LevaMilitareManifestoPubblicaz_1769943189,unknown,Servizi Demografici,,,,,,0.0,,,,False,False,
atto___5169_StampaElencoPreparatorioListaL_1769943189,unknown,Contabilità,,,,,,0.0,,,,False,False,
atto___5170_Rende_Noto_Revisione_delle_Liste,unknown,Servizi Demografici,,,,,,0.0,,,,False,False,
atto___5180_Rende_Noto_-_Revisione_delle_L_1770031347,unknown,Servizi Demografici,,,,,,0.0,,,,False,False,
atto___5191_Prot_Par_0006438_del_03-02-202_1770135478,unknown,Servizi Demografici,Nomina,DECRETO DI INDIZIONE DEI COMIZI ELETTORALI PER L’ELEZIONE DEL CONSIGLIO PROVINCIALE DI AVELLINO PER DOMENICA 15 MARZO 2026. IL PRESIDENTE,,,,0.0,,,,False,False,
atto___5196_AVELLA_Marcato_1770205478,unknown,Contabilità,,,,,,0.0,,,,False,False,
atto___5197_Mod1-Referendum_1770276195,unknown,Regolamenti,Nomina,,,,,0.0,,,,False,False,
atto___5204_StampaModello7Straordinaria_MA_1770380358,unknown,Servizi Demografici,,,,,,0.0,,,,False,False,
atto___5215_14_-_Verbale_di_pubblicazione__1770807570,Avviso,Servizi Demografici,,,,,,0.0,,,,False,False,
atto___5285_14_-_Verbale_di_pubblicazione__1771936208,Avviso,Servizi Demografici,,,,,,0.0,,,,False,False,
atto___5286_Mod_7-Ref_1772007256,unknown,Servizi Demografici,Nomina,,,,,0.0,,,,False,False,
atto___5287_CONVOCAZIONE_CONSIGLIO_COMUNAL_1772115221,unknown,Regolamenti,,,,,,0.0,,,,False,False,
atto___5301_INTEGRAZIONE_CONSIGLIO_COMUNAL_1772441468,unknown,Regolamenti,,,,,,0.0,,,,False,False,
atto___5303_sportello_lauro_Marcato_Marcat_1772452908,unknown,Servizi Sociali,,,,,,0.0,,,,False,False,
atto___5303_sportello_mugnano_del_cardinal_1772452908,unknown,Servizi Sociali,,,,,,0.0,,,,False,False,
atto___5321_ElencoElettoriAIREVotantiPerCo_1772627130,Elenco,Servizi Demografici,,,7.0,04/03/2026,,0.0,,,,False,False,
atto___5321_ElencoElettoriResidentiTempora_1772627130,Elenco,Servizi Demografici,,,7.0,04/03/2026,,0.0,,,,False,False,
atto___5341_14_-_Verbale_di_pubblicazione__1773043387,Avviso,Servizi Demografici,,,,,,0.0,,,,False,False,
atto___5382_14_-_Verbale_di_pubblicazione__1773657703,Avviso,Servizi Demografici,,,,,,0.0,,,,False,False,
atto___5435_14_-_Verbale_di_pubblicazione__1774694685,Avviso,Servizi Demografici,,,,,,0.0,,,,False,False,
atto___5461_14_-_Verbale_di_pubblicazione__1775545513,Avviso,Servizi Demografici,,,,,,0.0,,,,False,False,
atto___5478_14_-_Verbale_di_pubblicazione__1775814336,Avviso,Servizi Demografici,,,,,,0.0,,,,False,False,
atto___5527_14_-_Verbale_di_pubblicazione__1777043365,Avviso,Servizi Demografici,,,,,,0.0,,,,False,False,
atto___5529_14_-_Verbale_di_pubblicazione__1777222036,Avviso,Servizi Demografici,,,,,,0.0,,,,False,False,
atto___5550_Prot_Par_0022248_del_27-04-202_1777443837,unknown,Servizi Demografici,Nomina,DECRETO DI INDIZIONE DEI COMIZI ELETTORALI PER L’ELEZIONE DEL PRESIDENTE PER SABATO 6 GIUGNO 2026. IL PRESIDENTE,,,,0.0,,,,False,False,
atto___5574_14_-_Verbale_di_pubblicazione__1777558729,Avviso,Servizi Demografici,,,,,,0.0,,,,False,False,
atto___5619_14_-_Verbale_di_pubblicazione__1778496345,Avviso,Servizi Demografici,,,,,,0.0,,,,False,False,
atto___5642_14_-_Verbale_di_pubblicazione__1778947868,Avviso,Servizi Demografici,,,,,,0.0,,,,False,False,
atto___5649_14_-_Verbale_di_pubblicazione__1779172326,Avviso,Servizi Demografici,,,,,,0.0,,,,False,False,
atto___5663_14_-_Verbale_di_pubblicazione__1779377914,Avviso,Servizi Demografici,,,,,,0.0,,,,False,False,
atto___5669_manifesto_esami_2026_Marcato_1779786918,unknown,Contabilità,,,,,,0.0,,,,False,False,
atto___5692_manifesto_esami_2026_Marcato_1780036833,unknown,Contabilità,,,,,,0.0,,,,False,False,
atto___5704_att_234873_Marcato_1780480211,Determinazione,Contabilità,,,73.0,30/01/2026,,0.0,BBE08A31A9,,,True,True,
atto___5704_att_234874_Marcato_1780480211,Determinazione,Contabilità,Liquidazione,SUA - AMMINISTRAZIONE DELEGANTE: COMUNE DI AVELLA - SERVIZIO DI RACCOLTA DIFFERENZIATA INTEGRATA A RIDOTTO IMPATTO AMBIENTALE - INDIZIONE E APPROVAZIONE ATTI DI GARA - ACCERTAMENTO E IMPEGNO DI SPESA IL DIRIGENTE,13.0,26/02/2026,2495000.0,143974.05,,,,True,False,
atto___5704_att_234875_Marcato_1780480211,Bando,Contabilità,Liquidazione,,,,,0.0,,,,True,True,
atto___Vai,Decreto,Contabilità,Liquidazione,"LIQUIDAZIONE SERVIZIO DI STAMPA, IMBUSTAMENTO E POSTALIZZAZIONE RUOLO IDRICO 2024",70.0,11/11/2025,45000.0,73000.0,ZC428C8C26,,Poste Italiane S.p.A.,True,True,
atto___allegato1764927812,Determinazione,Contabilità,,,8923.0,26/08/2025,663.0,663.0,,,,True,False,
atto___allegato1766394070,Determinazione,Contabilità,Liquidazione,,7279.0,08/07/2025,20894.8,41789.6,,,,True,False,
atto___allegato1768478409,Ordinanza,Regolamenti,,Regolamentazione della circolazione stradale - Tradizionale festa del Maio in onore di San Sebastiano Martire.,,,,0.0,,,,False,False,
atto___allegato1769082048,Determinazione,Urbanistica,,,12039.0,01/11/2025,2800.0,2800.0,,,,True,False,
atto___allegato1771519273,Determinazione,Contabilità,,,13364.0,01/12/2025,,0.0,,,,True,True,
atto___allegato1772192833,Determinazione,Contabilità,,,11454.0,22/10/2024,,0.0,,,,True,True,
atto___allegato1773047907,Determinazione,Urbanistica,,,1105.0,28/01/2026,,0.0,,,,True,True,
atto___allegato1774431945,Determinazione,Contabilità,,,13153.0,26/11/2025,1880.0,1880.0,,,,True,False,
atto___allegato1775644556,Determinazione,Urbanistica,,,477.0,13/01/2026,,0.0,,,,True,True,
atto___allegato1777026772,Determinazione,Contabilità,,,525.0,17/05/2018,,0.0,,,,True,True,
atto___allegato1779297992,Determinazione,Regolamenti,,,5385.0,07/05/2026,,0.0,,,,True,True,
atto___allegato1780312613,Determinazione,Contabilità,,,5558.0,12/05/2026,,0.0,,,,True,True,
