pdf_name,doc_type,category,subcategory,classification_confidence,source,text_sha256,text_chars,text_words,unique_words,euro_mentions,cig,cup,cig_mentions,cup_mentions,date_mentions,years_mentioned,importo_max,importo_sum,importi_count,accounting_relevant,missing_amount_expected,importo_lettere,piva_beneficiario,iban,codice_appalti,quadro_economico,anomalie
atto_10__5386_OrdinanzeSindacali_Copia_10_2026_1.pdf,Ordinanza,Contenzioso,,high,text,18529e23d95d49a57115f759e6096a5ce24cd5196f330764c89e8e63f7210711,4393,677,267,0,,,0,0,6,"2000,2026",,,0,False,False,,,,,,
atto_10__5415_DecretoSindacale_Copia_10_2026_1.pdf,Decreto,Contabilità,Nomina,ml_predicted,text,e842c542651ad12d92d32653a86062d8018f80cfc4e9b77a9f54d62c2b5cd419,5982,912,354,0,,,0,0,6,"2000,2001,2005,2006,2007,2011,2012,2015,2026",,,0,False,False,,,,,,
atto_11__5442_DecretoSindacale_Copia_11_2026_1.pdf,Decreto,Regolamenti,Nomina,high,text,8a7569609adc8fd2aba829e6dffcfbb376ed25f1d14937dc1b83a80846647f98,4208,655,286,0,,,0,0,6,"2000,2025,2026",,,0,False,False,,,,,,
atto_12__5491_DecretoSindacale_Copia_12_2026_1.pdf,Decreto,Contabilità,,ml_predicted,text,3ffe2f0724ca34540986925fb17f5188220cdafcc19d4d9e1c118b4180cc6649,3705,579,267,0,,,0,0,6,"2000,2025,2026",,,0,False,False,,,,,,
atto_13__5518_DecretoSindacale_Copia_13_2026_1.pdf,Decreto,Ambiente,,ml_predicted,text,08e3db1796e0ea6f9d15609bfe6f8bae39ed55f25fc4aeb71b8e9b7b95b6ef2a,3974,614,256,0,,,0,0,6,"2000,2025,2026",,,0,False,False,,,,,,
atto_14__5542_DecretoSindacale_Copia_14_2026_1.pdf,Decreto,Affari Generali,,ml_predicted,text,daba4ae0ae991fd1e1adf3cb6fa095180ea946bf6cf955521dec6d6cb5e57783,3939,608,264,0,,,0,0,6,"2000,2026",,,0,False,False,,,,,,
atto_15__5543_DecretoSindacale_Copia_15_2026_1.pdf,Decreto,Affari Generali,,ml_predicted,text,ae90ce8a0fc77ba648a8a1e19f096ccc547210218a4d447fabbeccee4d55a849,3867,602,263,0,,,0,0,6,"2000,2026",,,0,False,False,,,,,,
atto_16__5573_DecretoSindacale_Copia_16_2026_1.pdf,Decreto,Affari Generali,,ml_predicted,text,d04c3ee4406f110d13a3076b628483eaec7e54a6268f7b1b4a39c128c841e3c8,4055,625,270,0,,,0,0,6,"2000,2025,2026",,,0,False,False,,,,,,
atto_17__5606_DecretoSindacale_Copia_17_2026_1.pdf,Decreto,Ambiente,Nomina,high,text,4eedb50db28fd515797ddf33d28347d8aa949b15bede9e3de0473dbcdc191abe,2892,457,209,0,,,0,0,6,"2000,2026",,,0,False,False,,,,,,
atto_18__4946_DecretoSindacale_Copia_18_2025_1.pdf,Decreto,Pubblicazione e Trasparenza,,high,text,22c64521f1e4188ccdf02932356bd9313d0097aa4e9024f9382604024f404681,3040,480,188,0,,,0,0,9,"2020,2025",,,0,False,False,,,,,,
atto_18__5584_OrdinanzeSindacali_Copia_18_2026_1.pdf,Ordinanza,Affari Generali,,ml_predicted,text,b686eeea78803bcba3134010f6e863051db0180877dbb06df1ee4a48cc173717,3554,545,284,0,,,0,0,6,2026,,,0,False,False,,,,,,
atto_18__5691_DecretoSindacale_Copia_18_2026_1.pdf,Decreto,Servizi Demografici,,high,text,c856254b5846b8be92873b4ca4855374aab659d9d8e92743b73f467e2f6f0ab9,4447,669,289,0,,,0,0,6,"2000,2026",,,0,False,False,,,,,,
atto_19__5054_DecretoSindacale_Copia_19_2025_1.pdf,Decreto,Cultura e Turismo,,high,text,433e389ef1b199372ec7fe05881d57c5c974368da6240779a9012316382b37fb,3308,510,250,0,,,0,0,6,"2000,2025,2026",,,0,False,False,,,,,,
atto_19__5585_OrdinanzeSindacali_Copia_19_2026_1.pdf,Ordinanza,Contenzioso,,ml_predicted,text,5a61cfcdd1edb4ebc6c92e8ca18f9aa88382e3125fba1b9f81ee156e3ed2dba0,4349,674,305,0,,,0,0,6,"2000,2004,2026",,,0,False,False,,,,,,
atto_1__5058_DecretoSindacale_Copia_1_2026_1.pdf,Decreto,Pubblicazione e Trasparenza,,high,text,dfb1806b881b354fc5293aa9c93c083ccb5ae00c6721bea6504bf13e9ac559c3,3106,492,231,0,,,0,0,6,"2000,2025,2026,2027",,,0,False,False,,,,,,
atto_1__5079_OrdinanzeSindacali_Copia_1_2026_1.pdf,Ordinanza,Contenzioso,,high,text,8fa3e1fbf99f67fda487b69ced45c991255b2499ddc8e2574d59396ed4c474fd,4420,714,327,0,,,0,0,6,"2000,2026",,,0,False,False,,,,,,
atto_1__5401_OrdinanzeSindacali_Copia_11_2026_1.pdf,Ordinanza,Contenzioso,,high,text,7374ab2c4b6ee067010ca438b724fde4a7372bdd1626dc5579d321cbba7bd897,4621,757,340,0,,,0,0,7,"2000,2002,2026",,,0,False,False,,,,,,
atto_20__5055_DecretoSindacale_Copia_20_2025_1.pdf,Decreto,Ambiente,,ml_predicted,text,a3f7f60e888ce71a313f53a7fbcb00fff9cba34200297a99b468d1dd12877468,3366,537,235,0,,,0,0,6,"2000,2023,2025,2026",,,0,False,False,,,,,,
atto_20__5603_OrdinanzeSindacali_Copia_20_2026_1.pdf,Ordinanza,Contenzioso,,high,text,5ebe2917052d0edb936f59b01f14c1197c0bcfe444e9bbbcf40ac7bdbc52ce73,4663,752,362,0,,,0,0,6,"2000,2013,2026",,,0,False,False,,,,,,
atto_22__5697_OrdinanzeSindacali_Copia_22_2026_1.pdf,Ordinanza,Affari Generali,,ml_predicted,text,d1b3ff1e8603b9a5241c9c9646d11ca3b0d1cd92f2f07050643dfef7097902d7,4543,711,361,0,,,0,0,6,2026,,,0,False,False,,,,,,
atto_28__5689_OrdinanzeSindacali_Copia_21_2026_1.pdf,Ordinanza,Contenzioso,,ml_predicted,text,d39968a2aec46add0ac17f96365102e6591d4a16712c0596783a25833916aa4f,4895,790,368,0,,,0,0,6,"2013,2026",,,0,False,False,,,,,,
atto_2__5080_OrdinanzeSindacali_Copia_2_2026_1.pdf,Ordinanza,Contenzioso,,ml_predicted,text,9a2b97360e2c14f09fd5d00b92253d17c17ccd5411edd7acfcb2c9bb8f895e83,3757,585,287,0,,,0,0,6,"2000,2026",,,0,False,False,,,,,,
atto_2__5083_DecretoSindacale_Copia_2_2026_1.pdf,Decreto,Regolamenti,Nomina,ml_predicted,text,e1b1834a515f2e5b35174b061a33881a1f7b098f54a19a66d90ba283d0768067,6286,964,367,0,,,0,0,6,"2000,2019,2021,2025,2026",,,0,False,False,,,,,,
atto_2__5131_OrdinanzeDirigenziali_Copia_1_2026_1.pdf,Decreto,Regolamenti,,high,text,2b0ec55bb0a8111434a5d2b9eb04b242b1e060bd3159e55ea8767497a3380044,5293,867,346,0,,,0,0,7,"2000,2002,2026",,,0,False,False,,,,,,
atto_2__5140_OrdinanzeDirigenziali_Copia_2_2026_1.pdf,Decreto,Regolamenti,,ml_predicted,text,c55c8e95803b034528405198685dac166a606f3e5b1637a4a9101cb5aff6981b,4537,743,333,0,,,0,0,7,"2000,2002,2026",,,0,False,False,,,,,,
atto_31__4970_OrdinanzeSindacali_Copia_31_2025_1.pdf,Ordinanza,Contenzioso,,ml_predicted,text,e41a658d1698eb37d3fcb46f608e01462e80a6707cad8a3f106292862b0f7729,4719,786,345,0,,,0,0,7,"2000,2002,2025",,,0,False,False,,2288560648.0,,,,
atto_32__4994_OrdinanzeSindacali_Copia_32_2025_1.pdf,Ordinanza,Personale,,ml_predicted,text,816d9223ea3602898db8e4a93d71b76a2a24de420a30b07a766ebbf1e3902590,3571,557,216,0,,,0,0,6,"2000,2025,2026",,,0,False,False,,,,,,
atto_33__5003_OrdinanzeSindacali_Copia_33_2025_1.pdf,Ordinanza,Contenzioso,,high,text,4af180874cccb169d84ec68c1d3c366568d5c8fcc1e5a204bc35b46c237d81da,3666,601,291,0,,,0,0,6,"2000,2025,2026",,,0,False,False,,,,,,
atto_34__5007_OrdinanzeSindacali_Copia_34_2025_1.pdf,Ordinanza,Contenzioso,,high,text,eac975a38f803a2331b96bfd8bc46fb7fd6baeb88192b45ab3f9b6afc9ba09f2,3842,629,301,0,,,0,0,7,"2000,2025,2026",,,0,False,False,,,,,,
atto_3__5110_DecretoSindacale_Copia_3_2026_1.pdf,Decreto,Servizi Demografici,,high,text,f3d02f8ab1eaf266201f80fce5f4b89b936e8c577b3bb2639afe88cbfa7d61e6,3603,556,256,0,,,0,0,6,"2000,2024,2025,2026",,,0,False,False,,,,,,
atto_3__5412_OrdinanzeDirigenziali_Copia_4_2026_1.pdf,Decreto,Regolamenti,,ml_predicted,text,809c7051305e40d47249df93e3646a0f378d709247c490173de3d54eaf900635,5612,897,398,0,,,0,0,6,"2000,2013,2026",,,0,False,False,,,,,,
atto_3__5501_OrdinanzeDirigenziali_Copia_8_2026_1.pdf,Decreto,Regolamenti,,ml_predicted,text,67789e2f439933e0edaeb3bc20489415502fe5d874b3aa05cad9d3f53af913f5,5643,903,402,0,,,0,0,6,"2000,2013,2026",,,0,False,False,,,,,,
atto_3__5528_OrdinanzeSindacali_Copia_17_2026_1.pdf,Ordinanza,Affari Generali,,ml_predicted,text,a66af36e272d8e9c58c791ec5aaf1dd0cdaba2001c4df51637dd66da7207caa7,5105,825,387,0,,,0,0,6,"2000,2013,2026",,,0,False,False,,,,,,
atto_4__5105_OrdinanzeSindacali_Copia_4_2026_1.pdf,Ordinanza,Contenzioso,,ml_predicted,text,d928a6a0ab156975127190403f18cf9c1071b9ed7ffac7146cc6625d54058c87,4887,803,334,0,,,0,0,6,"2000,2026",,,0,False,False,,,,,,
atto_4__5117_DecretoSindacale_Copia_4_2026_1.pdf,Decreto,Pubblicazione e Trasparenza,,high,text,7bbda6c35daffa15e8637392c134411f4864287379f193b3618c76feefab5944,3503,537,222,1,,,0,0,6,"2000,2022,2024,2025,2026",1000.0,,0,False,False,,,,,,
atto_5__5149_DecretoSindacale_Copia_5_2026_1.pdf,Decreto,Servizi Demografici,,high,text,fa5f320472a4c74bd65b9ec3028428522c825b19bed95185e03064c3cae38dfb,2901,465,213,0,,,0,0,6,"2000,2026",,,0,False,False,,,,,,
atto_5__5206_OrdinanzeSindacali_Copia_5_2026_1.pdf,Ordinanza,Contenzioso,,high,text,a54b9059bca4dde0731d5ece4e6d235b5f379da5e8c4f380c2681216ae172830,4253,701,315,0,,,0,0,7,"2000,2002,2026",,,0,False,False,,,,,,
atto_5__5444_OrdinanzeDirigenziali_Copia_5_2026_1.pdf,Decreto,Affari Generali,,ml_predicted,text,bc299939fde044e929af319de188c95e4bb384ccd35a10f5a2621a65ddcb8449,5299,833,386,0,,,0,0,6,"2000,2026",,,0,False,False,,,,,,
atto_6__5189_DecretoSindacale_Copia_6_2026_1.pdf,Decreto,Pubblicazione e Trasparenza,,high,text,a3a1db3daafeef97f2de80d3a977c6038da4fbd93f5a06bda85efdb861893b74,3372,530,242,0,,,0,0,6,"2000,2025,2026",,,0,False,False,,,,,,
atto_6__5231_OrdinanzeSindacali_Copia_6_2026_1.pdf,Ordinanza,Pubblicazione e Trasparenza,,high,text,f631b07c3340434aed8ae3cb361ac82e26ce8f81c541191e30b1ec6c2a1d28c8,3006,465,210,0,,,0,0,6,"2000,2026",,,0,False,False,,,,,,
atto_6__5445_OrdinanzeDirigenziali_Copia_6_2026_1.pdf,Decreto,Affari Generali,,ml_predicted,text,9ea268de161042204543d007814c3fd3bffee99228fcdcf127789ffeead725ec,5462,858,395,0,,,0,0,6,"2000,2026",,,0,False,False,,,,,,
atto_6__5500_OrdinanzeDirigenziali_Copia_7_2026_1.pdf,Decreto,Regolamenti,,ml_predicted,text,fb666143bfdbbec715a5ea976b73b240354f8b3fba6d17c8d072995eab33fda2,5578,899,399,0,,,0,0,6,"2000,2013,2026",,,0,False,False,,1682740558.0,,,,
atto_7__5232_DecretoSindacale_Copia_7_2026_1.pdf,Decreto,Regolamenti,Nomina,high,text,2eb8d171babb44971717a269ce91ea373209f2db55652c8e38967a576a0c2e89,4441,691,290,0,,,0,0,6,"2000,2025,2026",,,0,False,False,,,,,,
atto_7__5238_OrdinanzeSindacali_Copia_7_2026_1.pdf,Ordinanza,Contenzioso,,high,text,d0b1f889a7f068468723c789fa274a32a703860f07c8b3476bc0b003361d488b,4361,713,340,0,,,0,0,7,"2000,2002,2026",,,0,False,False,,,,,,
atto_8__5281_OrdinanzeSindacali_Copia_8_2026_1.pdf,Ordinanza,Regolamenti,,high,text,259ba3988a1c08dce74bc8a232311aae717a744dfcd9455d8ec164c6f3a08ba7,5302,866,345,0,,,0,0,7,"2000,2002,2026",,,0,False,False,,,,,,
atto_8__5283_DecretoSindacale_Copia_8_2026_1.pdf,Decreto,Servizi Demografici,,high,text,bc19d5e6b46040c208b093558a4a1ee6fe4c24d25b881285a9ad681cb3be9602,2417,365,190,0,,,0,0,6,"2000,2026",,,0,False,False,,,,,,
atto_9__5284_DecretoSindacale_Copia_9_2026_1.pdf,Decreto,Servizi Demografici,,high,text,24339d3a8cfa6d792b9b2aaae16a673786e590f8c25f6cbc848f1e317cb00d2c,2898,466,221,0,,,0,0,6,"2000,2023,2026",,,0,False,False,,,,,,
atto_9__5381_OrdinanzeSindacali_Copia_9_2026_1.pdf,Ordinanza,Contenzioso,,ml_predicted,text,1da641eed63a070d1d9de97070e86b4b3e1449fccd3d8d9d447037715d05caeb,3129,496,238,0,,,0,0,6,"2000,2026",,,0,False,False,,,,,,
atto_9__5515_OrdinanzeSindacali_Copia_16_2026_1.pdf,Ordinanza,Contenzioso,,high,text,8447bf035f6378f0e103f84e7a3809c78f15fa159865092e4be291bfe57969f6,4768,775,370,0,,,0,0,6,"2000,2013,2026",,,0,False,False,,,,,,
atto___4995_disposizione_chiusura_Marcato_1766055325_1.pdf,unknown,Contabilità,,ml_predicted,text,befdea4985db2228f78c4a02d391f2ba69105822ecb6b29060d6e54ecc9b7006,2917,430,218,0,,,0,0,2,"2000,2025",,,0,True,True,,,,,,
atto___5033_AVELLINO_Elezioni_Regionali_20_1766500215_2.pdf,unknown,Servizi Demografici,,high,text,c82740e10a5f6b049b0e555ebb5575505972e87d405f0da4aa2f8901fe2d3da1,1941,276,134,0,,,0,0,1,2025,,,0,False,False,,,,,,
atto___5056_leva_militare_2009_Marcato_1767257655_1.pdf,unknown,Servizi Demografici,,high,text,ca792f44d64daa00220858ec9a6e4bd70dd3660c9ae3a6a6375894d87a45ff29,1398,233,151,0,,,0,0,1,"2009,2010,2026",,,0,False,False,,,,,,
atto___5065_att_213118_Marcato_1767885200_1.pdf,Determinazione,Regolamenti,Bando,ml_predicted,text,45629885ebd437d1fdc238e33efe702c6dfd1ef4c6faa24f3132a0422c329b7f,6199,989,319,0,B8EDD74FEB,,1,1,14,"2023,2025,2026",,,0,True,True,,,,36/2023,,
atto___5130_14_-_Verbale_di_pubblicazione__1769181604_1.pdf,Avviso,Servizi Demografici,,high,text,594567dcb53b2051e2ad21bb313a394b30b2de8a87a6385c0eb711d34efa5177,1084,190,124,0,,,0,0,1,"2000,2026",,,0,False,False,,,,,,
atto___5152_TURNO_REPERIBILITA_FEBBRAIO_Ma_1769587720_1.pdf,unknown,Servizi Demografici,,high,text,be4fb3e2030db96e65d93e8613e1f0b844705a05ea36324949ebd24d39be882a,667,116,75,0,,,0,0,1,2026,,,0,False,False,,,,,,
atto___5161_TURNI_DI_REPERIBILITA_-_FEBBRA_1769680882_1.pdf,unknown,Affari Generali,,high,text,f43a669de397c2d5ca0ac7bdbe89f5cda4559a69688993ff4ffb0daa0301df51,766,135,73,0,,,0,0,5,2026,,,0,False,False,,,,,,
atto___5165_14_-_Verbale_di_pubblicazione__1769708031_1.pdf,Avviso,Servizi Demografici,,high,text,fb14e73e1a75473199791dce3c6d8ba9e31235db80a335187864ad709d519846,1203,211,140,0,,,0,0,1,"2000,2026",,,0,False,False,,,,,,
atto___5169_LevaMilitareManifestoPubblicaz_1769943189_1.pdf,unknown,Servizi Demografici,,ml_predicted,text,db760225cf0f8431c7d3d3e2b599a93efc35a6bc3601d39988082fa69f512061,700,123,91,0,,,0,0,2,"2009,2010,2026",,,0,False,False,,,,,,
atto___5169_StampaElencoPreparatorioListaL_1769943189_2.pdf,unknown,Contabilità,,ml_predicted,text,14d63622b51061f3ba8eae339b38ff818c81e082ddafa5466c022de2d6e2b707,7144,1316,200,0,,,0,0,52,"2009,2010,2012,2017,2021,2026",,,0,False,False,,,,,,
atto___5170_Rende_Noto_Revisione_delle_Liste_1.pdf,unknown,Servizi Demografici,,ml_predicted,text,5da25698bd605f9570d5142dbe0e9f1234b6f7d852b2c33fa3ca4b66f15a7535,946,151,105,0,,,0,0,0,2026,,,0,False,False,,,,,,
atto___5180_Rende_Noto_-_Revisione_delle_L_1770031347_1.pdf,unknown,Servizi Demografici,,ml_predicted,text,5da25698bd605f9570d5142dbe0e9f1234b6f7d852b2c33fa3ca4b66f15a7535,946,151,105,0,,,0,0,0,2026,,,0,False,False,,,,,,
atto___5191_Prot_Par_0006438_del_03-02-202_1770135478_1.pdf,unknown,Servizi Demografici,Nomina,high,text,d4d4d252f74fe94a52e45e8644a4b57cdf6e3d6c3de11c8be53daaad4ba6c772,5800,912,354,0,,,0,0,4,"2012,2014,2016,2023,2025,2026",,,0,False,False,,,,,,
atto___5196_AVELLA_Marcato_1770205478_1.pdf,unknown,Contabilità,,ml_predicted,text,7ba3bb7d85b7b9b2e84ead4bf0cda290828b0b9bf52bbec7fa4bb1de0235ceca,167,24,12,0,,,0,0,2,2026,,,0,False,False,,,,,,
atto___5197_Mod1-Referendum_1770276195_1.pdf,unknown,Regolamenti,Nomina,ml_predicted,text,7827820a7601a1e77cdadeb57ec23f3fbc287cb35be7321088b6b0e68012e0b7,2107,473,176,0,,,0,0,0,"2025,2026",,,0,False,False,,,,,,
atto___5204_StampaModello7Straordinaria_MA_1770380358_1.pdf,unknown,Servizi Demografici,,ml_predicted,text,7593b24689cd47699bf9b82b9f91b30c3e0095c1c4155031807bec654fd7316c,1133,173,124,0,,,0,0,0,2026,,,0,False,False,,,,,,
atto___5215_14_-_Verbale_di_pubblicazione__1770807570_1.pdf,Avviso,Servizi Demografici,,high,text,5b2567a04877ab59d4198cf9e443d6cd8dae6edcb398167cbbb2a207156349c9,1217,211,137,0,,,0,0,1,"2000,2026",,,0,False,False,,,,,,
atto___5285_14_-_Verbale_di_pubblicazione__1771936208_1.pdf,Avviso,Servizi Demografici,,high,text,4a60b4bfbaf627f272c4834341f95af2835302eecebfbe4a573a7a53a416b111,1237,215,138,0,,,0,0,1,"2000,2026",,,0,False,False,,,,,,
atto___5286_Mod_7-Ref_1772007256_1.pdf,unknown,Servizi Demografici,Nomina,high,text,de382c445b71b9e5ca0457cfed5f63754f51e5d6eca32075098e556ae40f6670,2271,428,184,0,,,0,0,2,"2009,2025,2026",,,0,False,False,,,,,,
atto___5287_CONVOCAZIONE_CONSIGLIO_COMUNAL_1772115221_1.pdf,unknown,Regolamenti,,high,text,ab4eb34c81c0d64f31c87af61b29f4d87e91dafdc04d4a28be46ec93816de1c5,1333,199,108,0,,,0,0,1,"2025,2026,2028",,,0,False,False,,,,,,
atto___5301_INTEGRAZIONE_CONSIGLIO_COMUNAL_1772441468_1.pdf,unknown,Regolamenti,,ml_predicted,text,5504d2c9f45bb9792ac0e3f3843d89cc932f7828b5e375da5143ef561162661b,765,120,69,0,,,0,0,1,2026,,,0,False,False,,,,,,
atto___5303_sportello_lauro_Marcato_Marcat_1772452908_2.pdf,unknown,Servizi Sociali,,high,text,8b50b1e3d94fedf6f5dbe87b5c4a73e9d995b0e682c4d0acdc77996d2dada660,580,82,69,0,,,0,0,2,2026,,,0,False,False,,,,,,
atto___5303_sportello_mugnano_del_cardinal_1772452908_1.pdf,unknown,Servizi Sociali,,high,text,e2c0bf51321c5b01ad60f4ac00210d2a3ebfbbeea12c205b482eccaf86ac3304,608,86,74,0,,,0,0,2,2026,,,0,False,False,,,,,,
atto___5321_ElencoElettoriAIREVotantiPerCo_1772627130_2.pdf,Elenco,Servizi Demografici,,high,text,df488772cc168e822665bd119a3d34b4a4e11270966a2c81c954bf7f389d452d,122908,22114,3969,0,,,0,0,135,"2000,2001,2002,2003,2004,2005,2006,2007,2008,2009,2010,2011,2012,2013,2014,2015,2016,2017,2018,2019,2020,2021,2022,2023,2024,2025,2026,2033,2034,2042,2045,2052,2072,2073,2074,2075,2090,2096,2099",,,0,False,False,,,,,,
atto___5321_ElencoElettoriResidentiTempora_1772627130_1.pdf,Elenco,Servizi Demografici,,high,ocr,f9597356a78e91776d5fba7890f78ad2cc78c46a65fb96859340d825c7c6d99d,589,97,77,0,,,0,0,1,"2001,2003,2026",,,0,False,False,,,,,,
atto___5341_14_-_Verbale_di_pubblicazione__1773043387_1.pdf,Avviso,Servizi Demografici,,high,text,6edeab2a11c7f996eb6825a7455d6b548559a14dd45f5a0a5e14abf0a0efee37,1205,210,138,0,,,0,0,1,"2000,2026",,,0,False,False,,,,,,
atto___5382_14_-_Verbale_di_pubblicazione__1773657703_1.pdf,Avviso,Servizi Demografici,,high,text,f08d550050eb32f061969f68bcdba231e2459846181fd79e4adb66d82e703496,1230,213,140,0,,,0,0,1,"2000,2026",,,0,False,False,,,,,,
atto___5435_14_-_Verbale_di_pubblicazione__1774694685_1.pdf,Avviso,Servizi Demografici,,high,text,2ef5780235471765133665ba8c0d60c8bea28d0e98925cf7b9267ab90f655905,1111,196,128,0,,,0,0,1,"2000,2026",,,0,False,False,,,,,,
atto___5461_14_-_Verbale_di_pubblicazione__1775545513_1.pdf,Avviso,Servizi Demografici,,high,text,a2038fcf45b2b9dd8aecda135a577f55d4092e34b1a8b7471eb9f309f305cb92,1249,215,138,0,,,0,0,1,"2000,2026",,,0,False,False,,,,,,
atto___5478_14_-_Verbale_di_pubblicazione__1775814336_1.pdf,Avviso,Servizi Demografici,,high,text,efcd1435d177885c2fc9dec6e610ec9f419f63f815413f9bf7a7b776641c81c9,1078,181,120,0,,,0,0,1,"2000,2026",,,0,False,False,,,,,,
atto___5527_14_-_Verbale_di_pubblicazione__1777043365_1.pdf,Avviso,Servizi Demografici,,high,text,7eff632f0434f359a5f681b86b954d95ea62c9ff00d6c232274a93d217cae488,1054,184,124,0,,,0,0,1,"2000,2026",,,0,False,False,,,,,,
atto___5529_14_-_Verbale_di_pubblicazione__1777222036_1.pdf,Avviso,Servizi Demografici,,high,text,58742e3013085ae7ee5639456c509360afc8b61230c8bf1bcbe0a0e3f6e0ee08,1137,195,124,0,,,0,0,1,"2000,2026",,,0,False,False,,,,,,
atto___5550_Prot_Par_0022248_del_27-04-202_1777443837_1.pdf,unknown,Servizi Demografici,Nomina,high,text,498e39d1b85061f9fad133bc487d0a95cb8aee29a3da54200420cbf55db10711,7704,1186,380,0,,,0,0,4,"2012,2014,2016,2021,2022,2025,2026,2027",,,0,False,False,,,,,,
atto___5574_14_-_Verbale_di_pubblicazione__1777558729_1.pdf,Avviso,Servizi Demografici,,high,text,33e2a5cc1b5160d213f5136202acdc71ff631bcac947e26540e78ecabb6b81ae,1223,210,137,0,,,0,0,1,"2000,2026",,,0,False,False,,,,,,
atto___5619_14_-_Verbale_di_pubblicazione__1778496345_1.pdf,Avviso,Servizi Demografici,,high,text,95c4575a4bb042ac069c8bb110b0fa54d135982a019f61de835ab193b4609e13,1030,180,115,0,,,0,0,1,"2000,2026",,,0,False,False,,,,,,
atto___5642_14_-_Verbale_di_pubblicazione__1778947868_1.pdf,Avviso,Servizi Demografici,,high,text,9dacb7ec7176c0b227e13a7e1130cace5bde1e8b1b06929f85c6c5d276189da3,1118,195,127,0,,,0,0,1,"2000,2026",,,0,False,False,,,,,,
atto___5649_14_-_Verbale_di_pubblicazione__1779172326_1.pdf,Avviso,Servizi Demografici,,high,text,94a8054d32fc4d72e9fa1550f1831aea8667da8e519cf3c43de29f80086773af,1213,211,135,0,,,0,0,1,"2000,2026",,,0,False,False,,,,,,
atto___5663_14_-_Verbale_di_pubblicazione__1779377914_1.pdf,Avviso,Servizi Demografici,,high,text,d10ebc3fd00021fff66cb1f280eb90e94811fd1e0937152be191cf86f99c2628,1120,192,127,0,,,0,0,1,"2000,2026",,,0,False,False,,,,,,
atto___5669_manifesto_esami_2026_Marcato_1779786918_1.pdf,unknown,Contabilità,,ml_predicted,text,212e00c20a1aff2190d628d37545404c98e21313562725a5dda399a5ab0a664a,8222,1197,458,0,,,0,0,1,"2004,2024,2026",,,0,False,False,,,,,,
atto___5692_manifesto_esami_2026_Marcato_1780036833_1.pdf,unknown,Contabilità,,ml_predicted,text,86276092fcf6dafdbcc026f6755feae5aca8d68b372843731917e368bee6a249,8222,1197,457,0,,,0,0,1,"2004,2024,2026",,,0,False,False,,,,,,
atto___5704_att_234873_Marcato_1780480211_4.pdf,Determinazione,Contabilità,,ml_predicted,text,fd1a7220c3ee00867979b7d7b8e78ae71d09338e5be648a6d5355ae083151f58,831,112,96,0,BBE08A31A9,,1,0,2,2026,,,0,True,True,,,,,,
atto___5704_att_234874_Marcato_1780480211_3.pdf,Determinazione,Contabilità,Liquidazione,high,text,59f4e0f51dac3966d882c3d402cc5048f5bed26b6b9db574ec0ebc2bf0a27de0,18144,2836,683,17,,,2,0,13,"2000,2005,2012,2013,2015,2016,2019,2020,2023,2024,2025,2026,2027,2028",2495000.0,143974.05,10,True,False,,,,36/2023,,
atto___5704_att_234875_Marcato_1780480211_2.pdf,Bando,Contabilità,Liquidazione,ml_predicted,text,847cdf9a6903b7f9054f547a183dde118341edb144cbbc2ef0b633a27c5678a2,6674,967,316,0,,,0,0,12,"2014,2026,2031",,,0,True,True,,,,,,
atto___allegato1764927812_1.pdf,Determinazione,Contabilità,,ml_predicted,ocr,51cdae9f6f51c04ea4abb1ba9307de1e4656dcfc99fa8076ddec889110c2825a,2388,404,203,1,,,0,0,4,"2001,2012,2023,2025",663.0,663.0,1,True,False,,,,,,
atto___allegato1766394070_1.pdf,Determinazione,Contabilità,Liquidazione,ml_predicted,ocr,46a03ddb7b8f05387b0668d3221ea2cfeddbfd179d8c36cfb6e1459575fc3bd2,2805,475,226,3,,,0,0,5,"2001,2012,2023,2025",20894.8,41789.6,3,True,False,,,,,,
atto___allegato1768478409_1.pdf,Ordinanza,Regolamenti,,ml_predicted,text,71ba8a0640b0f2dd467afb3a7d1829e165287b30a88b4a078f00cc1ba46b4bb4,4838,775,324,0,,,0,0,2,"2000,2026",,,0,False,False,,,,,,
atto___allegato1769082048_1.pdf,Determinazione,Urbanistica,,high,ocr,14bd710e3b21c070005d1033dcc3b0ff387cccaf3bc9f0e83086a914f9c32dcd,2488,417,227,1,,,0,0,6,"2001,2012,2020,2025,2026",2800.0,2800.0,1,True,False,,,,,,
atto___allegato1771519273_1.pdf,Determinazione,Contabilità,,ml_predicted,ocr,9bba1869a6505f1e5b50f644e297e006a8b50e6283f340f18b8e3dededc97596,2461,430,193,0,,,0,0,6,"2001,2012,2025,2026",,,0,True,True,,,,,,
atto___allegato1772192833_1.pdf,Determinazione,Contabilità,,ml_predicted,ocr,cf5f2417bfba9c81f3ff114ad38472e6d7784339ce521719f0dc612a3442e2d2,2578,447,202,0,,,0,0,6,"2001,2012,2024,2025,2026",,,0,True,True,,,,,,
atto___allegato1773047907_1.pdf,Determinazione,Urbanistica,,high,ocr,076681f332c0871b71a677bd1ded1742bba9d2710cbce17dac851ca0122e4707,2664,472,214,0,,,0,0,7,"2001,2012,2025,2026",,,0,True,True,,,,,,
atto___allegato1774431945_1.pdf,Determinazione,Contabilità,,ml_predicted,ocr,d7ac855b2f991df9958c68117aa98fedfa353d9c3e73d56112932e423be3bc42,2345,384,200,1,,,0,0,5,"2001,2012,2024,2025,2026",1880.0,1880.0,1,True,False,,,,,,
atto___allegato1775644556_1.pdf,Determinazione,Urbanistica,,high,ocr,87e2e51af19d57eef0a635b43b8a75552d5666ea8bdd8de4a3860cddabc06a8a,2305,387,201,0,,,0,0,5,"2001,2012,2022,2024,2026",,,0,True,True,,,,,,
atto___allegato1777026772_1.pdf,Determinazione,Contabilità,,ml_predicted,ocr,75611da667a6bfda06b7081de5cddc772498bebbcd3f577658c7de37c081a9fc,2606,436,200,0,,,0,0,6,"2001,2012,2018,2026",,,0,True,True,,,,,,
atto___allegato1779297992_1.pdf,Determinazione,Regolamenti,,ml_predicted,ocr,0757afd557b8b769142ccb0aa5fb90d31beb1626d9194b4e9fbf9805c9831598,2272,389,187,0,,,0,0,5,"2001,2012,2026",,,0,True,True,,,,,,
atto___allegato1780312613_1.pdf,Determinazione,Contabilità,,ml_predicted,ocr,a2569afe6b0d85d4838a6a60708e5d881ac8c78c18e966b0fa17bc47c9551fea,2637,480,197,0,,,0,0,5,"2001,2012,2026",,,0,True,True,,,,,,
Avviso_101__5228_DeterminaGenerica_Copia_101_2026_1.pdf,Determinazione,Contabilità,Bando,ml_predicted,text,aacaf3b708547615fb49d4cbc803d56736ef7849cf1f26e8ee19b6c896728de6,4662,721,296,0,,,0,0,9,"2000,2025,2026",,,0,True,True,,,,,,
Avviso_101__5228_Domanda_short_list_SCHEMA_3.pdf,Avviso,Cultura e Turismo,Bando,high,text,9e428dc02725857858dc77813096bb6b6e293cae0bcdc7a856a271b392ed0c5f,2368,324,171,0,,,0,0,0,"2000,2003,2016",,,0,False,False,,,,,,
Avviso_101__5228_short_list_SCHEMA_DI_MANIFESTAZIONE_2.pdf,Avviso,Contabilità,Liquidazione,high,text,6f3cbe0fa932fb90954b7236f27da635598b0568c15e20b2ad4f63e56be58e26,4769,676,324,2,,,1,0,0,"2000,2003,2016",250.0,400.0,2,True,False,,,,,,
Avviso_195__5388_DeterminaaContrarre_Copia_195_2026_1.pdf,Determinazione,Regolamenti,Bando,high,text,38e1a4dc1649bfbe3a7478f7a3b5eba489582f4ee733c384b9238083dbf51554,18434,2852,681,22,,J27G22000110006,6,13,11,"2000,2001,2021,2022,2023,2024,2025,2026",140000.0,422832.0,20,True,False,euro ventitremilasettecentonovanta/00,,,36/2023,,
Avviso_195__5388_VistoContabile_2.pdf,VistoContabile,Contabilità,,high,text,2caeccf8b22f1afbd43d4b2a97e95145fea7726dfa51b1e6f034e8c8d4f5265f,4030,598,185,16,,J27G22000110006,5,5,2,"2000,2023,2024,2025,2026",71462.0,95252.0,16,True,False,,,,,,
Avviso_198__5394_DeterminaGenerica_Copia_198_2026_1.pdf,Determinazione,Contabilità,Concorso,ml_predicted,text,88537de33bb58b0702fc88ee504347043f7ebe708de16c80f6c2ecb0b27bb0d0,12740,2007,581,4,RICHIAMATO,J23G23000020004,4,2,10,"2000,2010,2011,2013,2017,2020,2023,2024,2026",97600.0,257740.0,4,True,False,,,,36/2023,,
Avviso_198__5394_VistoContabile_2.pdf,VistoContabile,Contabilità,,high,text,34e4534ea0eafdfff26e0c2c913cd0aca9a91fee6037158bfaf7c7a0a99c3eb5,525,98,57,0,,,0,0,1,"2000,2026",,,0,True,False,,,,,,
Avviso_1__5084_AttestazionePubblicazione_3.pdf,AttestazionePubblicazione,Regolamenti,Bando,high,text,554a23e4cd5739e9420d3d28edef76146afea26de3e815c456197430dc2fc55c,842,127,92,0,,,0,0,3,"2000,2026",,,0,False,False,,,,,,
Avviso_1__5084_DeliberadiGiunta_Copia_1_2026_1.pdf,Delibera,Regolamenti,Bando,high,text,443259ee424963edfbed0cde5333ccf14f8e5a78bf1e3006d29244eef3e5906d,7332,1111,335,0,,,0,0,7,"2000,2025,2026",,,0,True,True,,,,,,
Avviso_1__5084_Modello_A_Avella_1_2.pdf,Avviso,Regolamenti,Bando,ml_predicted,text,11c212feaa48ff7e396f920396ec9f409348997bbf75610b46409f8b9147300a,32576,4760,1460,41,,,0,0,1,"2025,2026",40000.0,145592.564,24,True,False,quarantamila,,,,,
Avviso_232__5050_DeterminadiImpegno_Copia_759_2025_1.pdf,Determinazione,Regolamenti,Bando,high,text,369903803590f9ae778baae07852891b5218eaf7b2dc40549614aa2680f15a53,8385,1340,419,4,,,1,1,11,"2000,2012,2016,2021,2024,2025,2026",18000.0,33000.0,4,True,False,,234558.0,,50/2016,,Partita IVA 00000234558 formalmente errata (Checksum fallito)
Avviso_232__5050_DOMANDA_VOUCHER_TRASPORTO_SCHEMAA2025_3.pdf,Avviso,Regolamenti,,high,text,ebb442f32702e5ea0fba2764e03da0a976927024f4265752979e19cec58c0a8a,2304,358,196,0,,,0,0,0,"2000,2003,2016,2025,2026",,,0,False,False,,,,,,
Avviso_232__5050_schema_di_AVVISO_PUBBLICO_A_2025_2.pdf,Avviso,Contabilità,Liquidazione,ml_predicted,text,8700b3604347aded4e4f002be22fee3ff6361336511a0a9a761209dd5b1e5133,8570,1331,456,0,,,0,0,0,"2000,2003,2012,2016,2021,2025,2026",,,0,True,True,,,,,,
Avviso_232__5050_VistoContabile_4.pdf,VistoContabile,Contabilità,Bando,high,text,19688255c55318e2b7ccdce30d3890cd04517fe10dfa2d06e47c5f56f1e24ad2,1319,211,135,3,,,1,1,1,"2000,2025",18000.0,18000.0,3,True,False,,234558.0,,,,Partita IVA 00000234558 formalmente errata (Checksum fallito)
Avviso_362023__5641_Carta_intestata_Avviso_Appalto_1778764496_1.pdf,Avviso,Ambiente,,ml_predicted,text,7d7bc8763caac7ea992e85f091c973fce197358d0a27a7b6352c87fddaa949bd,10311,1603,407,16,,,0,1,10,"2023,2025,2026",1117481.37,20090.0,3,True,False,,,,36/2023,,
Avviso_383__5694_DeterminaGenerica_Copia_383_2026_1.pdf,Determinazione,Contabilità,Bando,ml_predicted,text,59904fd514b208a56442de33f88f1fa1af3d6c4bf606cd7f63b7d0d5959c20d0,4654,711,301,0,,,0,0,9,"2000,2024,2026",,,0,True,True,,,,,,
Avviso_383__5694_domanda_centri_estivi_3.pdf,Avviso,Cultura e Turismo,,high,text,6d0405b542eeabf95aa989f8ae0a745cc2b7ef0f59419a234eeddd0f806ea25d,1681,208,127,1,,,0,0,0,"2000,2025,2026",,,0,False,False,,,,,,
Avviso_383__5694_manifestazione_di_interesse_centri_estivi_2.pdf,Avviso,Servizi Demografici,Bando,high,text,50faeb7a7474835e3878e253c62b078f6cbb6db45ffffd32c1675ee74b8c04b8,2758,410,220,0,,,0,0,0,2026,,,0,False,False,,,,,,
Avviso_40__5425_AttestazionePubblicazione_2.pdf,AttestazionePubblicazione,Pubblicazione e Trasparenza,Bando,high,text,212e8f9457365d4cd69497e553d2fea5c3d137e55220c56a7f319c1ff33e668a,820,124,89,0,,,0,0,3,"2000,2026",,,0,False,False,,,,,,
Avviso_40__5425_DeliberadiGiunta_Copia_40_2026_1.pdf,Delibera,Cultura e Turismo,Bando,high,text,30a26c073a6e8fbbfb483966c97301c24765e97f8115e03f6ce20d9ba567ca5d,7829,1155,371,0,,,0,0,4,"2000,2025,2026",,,0,False,False,,,,,,
Avviso_50__5480_AttestazionePubblicazione_2.pdf,AttestazionePubblicazione,Commercio,Bando,high,text,117809c1f4cc678d80df3e1f2b2802eb1939547c59fa7d20b38d00c2326142f0,1007,150,102,0,,,0,0,3,"2000,2026",,,0,False,False,,,,,,
Avviso_50__5480_DeliberadiGiunta_Copia_50_2026_1.pdf,Delibera,Commercio,Bando,high,text,4bd22c08820abdbc9145dd0810c203e13f06d258417319851ec4b0935fc93611,11524,1767,440,3,,,0,0,7,"2000,2005,2013,2020,2021,2023,2025,2026",,,0,True,True,,,,,,
Avviso_5__5413_DeterminaGenerica_Copia_212_2026_1.pdf,Determinazione,Regolamenti,Bando,high,text,ae585562de6dcc48e26763839a483e4d621cdea98aa6c328d48f4804e3091595,5158,852,312,0,,,0,0,9,"2000,2001,2012,2025,2026",,,0,True,True,,,,,,
Avviso_5__5496_DeterminaGenerica_Copia_255_2026_1.pdf,Determinazione,Affari Generali,Bando,high,text,cd490c7c0bf1bba280fc028733b2f90f1adf8d936319cc52829b31426790d8fa,5780,944,336,0,,,0,0,11,"2000,2001,2012,2025,2026",,,0,True,True,,,,,,
Avviso_70__5602_allegato_a_modello_di_domanda__1778065691_2.pdf,Avviso,Servizi Sociali,Liquidazione,high,text,b6eddcffdb5515a649190bc8b0ec098146806b2bf25e813a5b957628e9c47674,9263,1339,529,5,,,0,0,7,"2000,2003,2016,2021,2022,2023,2024,2026",700.0,1651.2,4,True,False,,,,,,
Avviso_70__5602_Avviso_Ambito_A6_Marcato_Marca_1778065691_1.pdf,Avviso,Servizi Sociali,Liquidazione,high,text,85758fa06ea2f3d44ff0eafab110ec594c3f19143bdd9499d03665635c8ca0ae,30125,4558,1198,10,,,0,0,29,"2000,2003,2013,2016,2021,2022,2023,2024,2025,2026",288453.97,310255.17,9,True,False,,,,,,
Avviso_752__5034_DeterminaGenerica_Copia_752_2025_1.pdf,Determinazione,Personale,Concorso,high,text,b2d3576237aa69264fe37c1b86d027152c406d4f04bfde5cf2d91a2e7c301f30,12216,1959,575,1,,,0,0,10,"2000,2001,2009,2012,2016,2017,2019,2021,2022,2023,2025,2026,2027",12800.0,12800.0,1,True,False,,,,,,
Avviso_752__5034_VistoContabile_3.pdf,VistoContabile,Contabilità,,high,text,9825560b12dafbfb5ca71f634a9690ba85ed295eef393b9138dc5040fa546367,522,97,56,0,,,0,0,1,"2000,2025",,,0,True,False,,,,,,
Avviso_758__5041_DeterminadiLiquidazione_Copia_758_2025_1.pdf,Determinazione,Contabilità,Liquidazione,high,text,a530f2799293f2a2f39a224e6af50835ad8a7586cda68a6492a4541999c9cddc,5244,852,315,5,,,1,1,10,"2000,2024,2025,2026",14398.0,17270.54,5,True,False,,23452517.0,,,,Partita IVA 00023452517 formalmente errata (Checksum fallito)
Avviso_758__5041_VistoContabile_2.pdf,VistoContabile,Contabilità,Liquidazione,high,text,c66ded05134961fae1eab047df84b81683bc8698666a878c8ae4910078457252,1369,218,134,3,,,1,1,1,"2000,2025",14398.0,14398.0,3,True,False,,23452517.0,,,,Partita IVA 00023452517 formalmente errata (Checksum fallito)
Avviso___4960_Avviso_Consultazione_Pubblica__1765276741_1.pdf,Avviso,Affari Generali,,high,text,fa2fece33084f8f3dcb8559048fe95e81a59946cae5fa8af756c25b9752b7deb,787,125,90,0,,,0,0,1,"2016,2025",,,0,False,False,,,,,,
Avviso___4996_AVVISO_AI_BENEFICIARI_DEI_PACC_1766056659_1.pdf,Avviso,Servizi Demografici,,high,text,d332a97e2d69aae67a52cc1ed8430700d2edc7ced266f7e8ae85d94c80fd7c4d,772,117,87,0,,,0,0,1,2025,,,0,False,False,,,,,,
Avviso___5005_ALLEGATO_A_Marcato_1766392541_1.pdf,Avviso,Ambiente,Bando,high,text,1c434c5ea81f19ea67b14ba610126331fb8491ad2e82a372c0d8fdc25f1d009d,4077,571,270,0,,,0,0,3,"2000,2003,2025",,,0,False,False,,,,,,
Avviso___5233_ElencoNonDiciottenni_2026_5_40_1771057964_2.pdf,Elenco,Servizi Demografici,,high,text,e0ebd2fedc4ffbba9313c0f2238bfeae725b6c4469971f170a6e381c76ec8c63,2030,391,155,0,,,0,0,22,"2008,2026",,,0,False,False,,,,,,
Avviso___5233_ManifestoArticolo33_400620_1771057964_1.pdf,Avviso,Servizi Demografici,,ml_predicted,text,a3959e14ae1dd9a17bf1fa624ce7de858b05d9d36b915609b105e9a8331f4c65,849,139,105,0,,,0,0,2,2026,,,0,False,False,,,,,,
Avviso___5252_Prot_Par_0000839_del_18-02-202_1771489015_1.pdf,Avviso,Lavori Pubblici,Liquidazione,high,text,a3fa8116fd5c63f5c522b6f7d52b6d085a2592c6c811d5f619ca8f3492bf64e7,21626,3413,728,0,,,3,13,11,"2003,2011,2013,2019,2024,2025,2026,2027,2028",,,0,True,True,,,,,,
Avviso___5252_Prot_Par_0000839_del_18-02-202_1771489016_2.pdf,Avviso,Regolamenti,Nomina,high,text,16ffbd2dd9eab87939a1a48e03b9f403e50fa2be9b7642676fafa7cd3903d0bd,13043,2152,561,0,,,3,6,4,"2019,2023,2025,2026,2027,2028",9335000.0,9335000.0,1,True,False,,,,,,
Avviso___5252_Prot_Par_0000839_del_18-02-202_1771489017_3.pdf,Avviso,Regolamenti,,ml_predicted,text,e78504154f5deaab36090d88383f6cb04455e970993825011b5288286ad1b855,2454,388,192,0,,,0,0,1,"2023,2026,2028",,,0,False,False,,,,36/2023,,
Avviso___5369_Avviso_pubblico_Piano_Anticorr_1773228091_3.pdf,Avviso,Regolamenti,Bando,ml_predicted,text,3579d7c181d95d3f176e57c892164752804a3129f645ed0fec52bc503eef7bc8,2979,436,210,0,,,0,0,2,"2012,2025,2026,2027,2028",,,0,False,False,,,,,,
Avviso___5369_Modulo_osservazioni_per_i_citt_1773228091_2.pdf,Avviso,Regolamenti,,high,text,ce3af46db1729d96684e8040ad825b47eabcf70d4b35cecdcfef57c06bbf4f9d,2240,252,146,0,,,0,0,0,"2016,2018,2025,2026,2027,2028",,,0,False,False,,,,,,
Avviso___5530_Copia_con_segnatura_Prot-N-000_1777270980_1.pdf,Avviso,Lavori Pubblici,Bando,ml_predicted,text,076feaa2d42bf970848b20722e3c0f3e55da36ec5fb21faa3565d6cf0d0760eb,17107,2512,819,1,,,0,0,7,"2000,2001,2004,2011,2017,2024,2025,2026",20.0,20.0,1,True,False,Euro venti/00,,,,,
Avviso___5695_domanda_centri_estivi_Marcato_1780052066_1.pdf,Avviso,Cultura e Turismo,,high,text,6fa044906238f082639dfeb776ae647ff93a1fde0cce6307a474604fd4f4d2b6,1845,232,135,1,,,0,0,2,"2000,2025,2026",,,0,False,False,,,,,,
Avviso___5695_manifestazione_di_interesse_ce_1780052066_2.pdf,Avviso,Servizi Demografici,Bando,high,text,f4113132a5c8c9cdd7ba12f58681e5f395391301abe444c109673f24a77f8b42,2922,434,227,0,,,0,0,2,2026,,,0,False,False,,,,,,
Avviso___allegato1767355975_1.pdf,Avviso,Contabilità,,ml_predicted,text,39ad44be6e363320e0add3b2410711290e0c62b3f59e0c90bc24bb830a56ee7b,872,140,90,0,,,0,0,5,"2005,2025,2026",,,0,False,False,,,,,,
Avviso___allegato1767356020_1.pdf,Avviso,Servizi Demografici,,high,text,a3ac84004820b9266c7ec50bf02e0923cf900dc8f0e29fe8d03d652ee82c3fc3,802,120,101,0,,,0,0,1,2026,,,0,False,False,,,,,,
Avviso___allegato1777975763_1.pdf,Avviso,Contabilità,,ml_predicted,ocr,6f34a0f293550788c871a2befbd1f4d0d795559fbe85af7efb744fcde1aa7c1b,2315,389,179,0,,,0,0,6,"2001,2012,2025,2026",,,0,False,False,,,,,,
Avviso___allegato1778056201_1.pdf,Avviso,Contabilità,,ml_predicted,ocr,5ffc9a7141574a812d8d89f0c7f9ba7b6367cebc416dbec0c44a081b0513cc23,2496,429,186,0,,,0,0,6,"2001,2012,2025,2026",,,0,False,False,,,,,,
Avviso___allegato1779875584_1.pdf,Avviso,Contabilità,,ml_predicted,ocr,1227e8a0b0aff4372f10c98ba2e58a0d1599613de2ddba7600ce38ca09c5c192,2351,403,193,0,,,0,0,6,"2001,2012,2026",,,0,False,False,,,,,,
Avviso___allegato1780049626_1.pdf,Avviso,Contabilità,,ml_predicted,ocr,69b82286717c182f8d5eb101acf6669d82f6f92e2d301e79d4298a5d5f1c5eff,2181,364,180,0,,,0,0,5,"2001,2012,2026",,,0,False,False,,,,,,
Avviso___allegato1780571098_1.pdf,Avviso,Contabilità,,ml_predicted,ocr,8e145ede46237d7f4ca24d079ea61e35ebf29676b0a48873ae29e3e5ac9d5730,2363,407,186,0,,,0,0,5,"2000,2001,2012,2026",,,0,True,True,,,,,,
Bando_10__5150_AttestazionePubblicazione_2.pdf,AttestazionePubblicazione,Pubblicazione e Trasparenza,Bando,high,text,c313f57d96278db87277b05bb6d7984be68bf73301001e4eb77482a847401a7b,678,105,78,0,,,0,0,3,"2000,2026,2028",,,0,False,False,,,,,,
Bando_10__5150_DeliberadiGiunta_Copia_10_2026_1.pdf,Delibera,Servizi Sociali,Bando,high,text,7a301e3e3c787b9b53d1003d86ef40f4606470bf03d6b5d7e920180a0fdc077a,7002,1050,390,0,,,0,0,4,"2000,2019,2026,2028",,,0,False,False,,,,,,
Bando_294__5567_DeterminaaContrarre_Copia_294_2026_1.pdf,Determinazione,Contabilità,Liquidazione,high,text,daaaaf50e8317c4d91e5b9f8088e94862e7018f716ced8c2d678c61609aef1de,14813,2318,705,15,BB643CA1EA,J21J25002210001,3,4,10,"2000,2003,2006,2008,2010,2011,2012,2013,2014,2016,2017,2023,2026",750000.0,222206.0,6,True,False,IVA e oneri inclusi,3170980647.0,,36/2023,,
Bando_294__5567_VistoContabile_2.pdf,VistoContabile,Contabilità,Bando,high,text,064776e4d19161814f20ef783f1cf773ce7a45798682819ceee745b6474356c6,1711,267,168,4,BB643CA1EA,J21J25002210001,1,1,1,"2000,2026",37206.0,37206.0,3,True,False,IVA e oneri inclusi,3170980647.0,,,,
Bando_8__5126_AttestazionePubblicazione_2.pdf,AttestazionePubblicazione,Pubblicazione e Trasparenza,Bando,high,text,14ab9a8b8e04109f3f84ae94018448d99d64ff4c2360bc34e561545eb58b50cc,835,126,93,0,,,0,0,3,"2000,2025,2026",,,0,False,False,,,,,,
Bando_8__5126_DeliberadiGiunta_Copia_8_2026_1.pdf,Delibera,Contenzioso,Bando,ml_predicted,text,60622f69bb1d18156943f2328f3d5835b76a589fd7756208effbf908e4cbceec,7601,1115,398,0,,,0,0,3,"2000,2025,2026",,,0,True,True,,,,,,
Bando_8__5132_allegato_a_manifestazione_3.pdf,Bando,Regolamenti,Bando,ml_predicted,text,be6e73a52d2a7183ca6d6b2a89b87a479ea0bb13e832f54ca3a3ca52a1010e4c,2523,337,179,0,,,0,0,0,"2017,2025",,,0,False,False,,,,,,
Bando_8__5132_allegato_B_4.pdf,Bando,Regolamenti,Bando,ml_predicted,text,2d4d986d7241adfac6235cb2e09c2ce2443ee17facd2867e2ab69205854da75c,5728,527,274,6,,,0,0,0,2025,,,0,True,True,,,,,,
Bando_8__5132_DeterminaGenerica_Copia_49_2026_1.pdf,Determinazione,Regolamenti,Bando,high,text,d7b9cf860d20b626453102529d8d80552a24f5b48d4b22640b6339c744ed9e21,6923,1066,342,0,,,0,0,14,"2000,2017,2025,2026",,,0,True,True,,,,,,
Bando_8__5132_Manifestazione_Interesse_Ecosistemiella_2.pdf,Bando,Cultura e Turismo,Bando,high,text,52fd6b6389d89c82aebacb4331cbad44534318c5217b6c6774fbd6ad89710d56,12219,1738,567,0,,,0,0,1,"2016,2017,2022,2025,2026",,,0,False,False,,,,,,
Bando_8__5168_DeterminaGenerica_Copia_74_2026_1.pdf,Determinazione,Cultura e Turismo,Bando,high,text,279f88b3e5aa7addf7ccb27400d204edc787cec100c1661768a906d10af26ba1,11213,1713,512,0,,,0,0,20,"2000,2017,2022,2025,2026",,,0,True,True,,,,,,
Delibera_10__5340_AttestazionePubblicazione_2.pdf,AttestazionePubblicazione,Pubblicazione e Trasparenza,,high,text,e46b5cdc677d35c72311a2d638e7232554660d0397950216e9b1976b79b14634,797,119,82,0,,,0,0,3,"2000,2026",,,0,False,False,,,,,,
Delibera_10__5340_DeliberadiConsiglio_Copia_10_2026_1.pdf,Delibera,Cultura e Turismo,,high,text,0b0889c46cbd260cb6de7ba7983db28fd08c09d99d76c5654381aeef2dfbf376,6855,1039,388,0,,,0,0,4,"2000,2026",,,0,True,True,,,,,,
Delibera_1182011__5485_AttestazionePubblicazione_10.pdf,AttestazionePubblicazione,Contabilità,,high,text,d013caa6a310c2543bf1b8460d0659b0ec25844b2ee6a60f7596ee1341e81f6e,874,140,98,0,,,0,0,4,"2000,2011,2025,2026",,,0,False,False,,,,,,
Delibera_1182011__5485_DeliberadiGiunta_Copia_49_2026_2.pdf,Delibera,Contabilità,Nomina,high,text,2dc843e56a91a80d975c5c4102968d0b3afa3dbb6b4f3cf707bf27d6f0c3ab81,10054,1600,464,0,,,0,0,9,"2000,2011,2018,2025,2026",,,0,True,True,,,,,,
Delibera_1182011__5485_parere_revisore_9.pdf,Delibera,Contabilità,Nomina,high,ocr,53bf5a1a7c6d264a962d376423488d36995a14e8cb5795222b2d2a9c88627bd6,5996,929,393,4,,,0,0,3,"2011,2025,2026",13655233.06,11923398.45,1,True,False,,,,,,
Delibera_1182011__5485_Stampa_elenco_analitico_residui_att4160_3.pdf,Elenco,Contabilità,Liquidazione,high,text,7c20b9d15d2e22cb8ee182e3952cc1e62b039dac1f68dff6b1a4ac9d21c330b8,33107,6858,1189,0,,,0,1,40,"2009,2010,2014,2015,2016,2017,2018,2019,2020,2021,2022,2023,2024,2025,2026",,,0,False,False,,,,,,
Delibera_1182011__5485_Stampa_elenco_analitico_residui_pas4139_4.pdf,Elenco,Contabilità,Liquidazione,high,text,b43c056319bf004d5ace5541fb4983c0d3fef5385a717bfc8dcfe6b9e0d83e05,119705,23654,2876,5,Z98312CD68,J22E24000190004,7,6,105,"2000,2001,2002,2004,2005,2006,2007,2011,2012,2013,2014,2015,2016,2017,2018,2019,2020,2021,2022,2023,2024,2025,2026,2027",600000.0,1391958.0,6,False,False,,,,36/2023,,
Delibera_1182011__5485_Stampa_elenco_analitico_rettifiche_4140_6.pdf,Elenco,Contabilità,Liquidazione,high,text,bf59ae8d69465613eb4e69246a689b029436172ce57b041200f112325a06f4ee,10922,1874,431,0,,J24H23000140001,0,1,7,"2002,2005,2020,2021,2022,2023,2024,2025,2026",,,0,False,False,,,,36/2023,,
Delibera_1182011__5485_Stampa_elenco_analitico_rettifiche_4159_8.pdf,Elenco,Contabilità,,high,text,263a927155ba0a5e1efa48eb1e4be53df3230aeca790113a314fbf86cd5b4e74,3119,563,226,1,,,0,0,2,"2016,2018,2019,2020,2021,2022,2023,2024,2025,2026",37420.75,37420.75,1,False,False,,,,,,
Delibera_1182011__5485_Stampa_elenco_analitico_rettifiche_4170_5.pdf,Elenco,Contabilità,,high,text,78880582d40c993fd1e84dd1de6a673af0517677bee0d07438667a470b28d6de,3601,639,245,0,,,0,0,16,"2018,2019,2020,2022,2023,2024,2025,2026",,,0,False,False,,,,,,
Delibera_1182011__5485_Stampa_elenco_analitico_rettifiche_4185_7.pdf,Elenco,Contabilità,Liquidazione,high,text,954428c7208395a3a2caf49ea413c8cb74938369423ede1d8910436bcb4c6ce1,2708,481,208,0,,,0,1,3,"2016,2017,2018,2019,2021,2022,2023,2025,2026",,,0,False,False,,,,,,
Delibera_11__5151_AttestazionePubblicazione_3.pdf,AttestazionePubblicazione,Pubblicazione e Trasparenza,,high,text,d46ce9fa187067d3cfeee927b72ebd04edcd03fae82e21c7b9d6e387ff9f88f0,831,127,91,0,,,0,0,3,"2000,2026",,,0,False,False,,,,,,
Delibera_11__5151_DeliberadiGiunta_Copia_11_2026_1.pdf,Delibera,Contenzioso,Concorso,ml_predicted,text,f10c18141a841b82212c6d21e013674ce9c80cb3dacae0173d66cd585853dea3,14057,2353,588,0,,,0,0,5,"2000,2001,2002,2004,2014,2018,2025,2026,2027",,,0,True,True,,,,,,
Delibera_11__5417_AttestazionePubblicazione_3.pdf,AttestazionePubblicazione,Regolamenti,,high,text,eb14b2932362021c02c23f48ecd21aff7ab579ee974b8938f0ef9ed92d467142,722,112,80,0,,,0,0,3,"2000,2026",,,0,False,False,,,,,,
Delibera_11__5417_Comunicazione_Consigliera_dott-ssa_uso_2.pdf,Delibera,Personale,,high,ocr,85a99368ca1b5746c41b67060047d6d0613f2a0a0b3f14edaea33801edb05730,2351,349,233,1,,,0,0,1,2026,,,0,False,False,,,,,,
Delibera_11__5417_DeliberadiConsiglio_Copia_11_2026_1.pdf,Delibera,Regolamenti,,high,text,203c205a188462d39642f4dd5517a82d05672590432c7dfef4fd8090ff7d8d0a,4107,637,278,0,,,0,0,1,"2000,2025,2026",,,0,False,False,,,,,,
Delibera_123__4976_AttestazionePubblicazione_2.pdf,AttestazionePubblicazione,Pubblicazione e Trasparenza,,high,text,505ac85eb3f34c713369ca8702a150e2f442f4494800ca1a3b7076a330318059,910,139,101,0,,J23G23000020004,0,2,4,"2000,2025",,,0,False,False,,,,,,
Delibera_123__4976_DeliberadiGiunta_Copia_146_2025_1.pdf,Delibera,Servizi Sociali,,ml_predicted,text,3133033713d303914a1e494a02cd1289c4296a39fdbe4143bdd4cdee905c3460,6102,989,318,0,,J23G23000020004,0,12,10,"2000,2011,2013,2016,2023,2025",,,0,True,True,,,,50/2016,,
Delibera_134__4951_AttestazionePubblicazione_4.pdf,AttestazionePubblicazione,Pubblicazione e Trasparenza,,high,text,d2dde85e638b65f908429de89c86e804868eba75a45491af6749a221970a2272,730,118,80,0,,,0,0,4,"2000,2025",,,0,False,False,,,,,,
Delibera_134__4951_DeliberadiConsiglio_Copia_38_2025_1.pdf,Delibera,Regolamenti,,high,text,62d742b79ef2a79fd3b0f9c9c4c1037dd3dcb18a4212d81041aceb715278b501,5417,870,338,0,,,0,0,8,"2000,2011,2024,2025,2027",,,0,True,True,,,,,,
Delibera_134__4951_DeliberadiGiunta_Copia_134_2025_2.pdf,Delibera,Servizi Sociali,Variazione di Bilancio,high,text,39330184dcdf11c16c7bbc490d41223d78704e8c11d361f9b0aae35cfcbe8494,6761,1114,398,1,,,0,0,6,"2000,2011,2012,2025,2027",8326621.32,8326621.32,1,True,False,,,,,,
Delibera_134__4951_Stampa_allegato_8_1_2025_296081_3.pdf,Delibera,Contabilità,,ml_predicted,text,7771ec640434678a74792ec52856bca7aaa3b8c9e377f17d67f6c24540961f9c,5730,1066,258,0,,,0,0,6,"2011,2025",,,0,False,False,,,,,,
Delibera_148__5032_AttestazionePubblicazione_2.pdf,AttestazionePubblicazione,Pubblicazione e Trasparenza,,high,text,ace5056aa47bf64eecbd00646f397933b199e4b23c03c8f09a8f66ef944b87be,849,131,98,0,,,0,0,3,"2000,2025",,,0,False,False,,,,,,
Delibera_148__5032_DeliberadiGiunta_Copia_148_2025_1.pdf,Delibera,Servizi Sociali,,high,text,262e4f6471d19a134bdaa42e9f3c2961ad34187f75e9f1d50e5f8136a2b58d56,9812,1473,446,0,,,0,0,4,"2000,2025",,,0,False,False,,,,,,
Delibera_149__5081_AttestazionePubblicazione_3.pdf,AttestazionePubblicazione,Regolamenti,,high,text,18af65cbb1f7ddd918214c38b890560171df6cbe702534771f568fff4256c631,748,112,86,0,,,0,0,3,"2000,2024,2025,2026",,,0,False,False,,,,,,
Delibera_149__5081_DeliberadiGiunta_Copia_149_2025_1.pdf,Delibera,Regolamenti,,high,text,dc3d7d50ad534ceb515c02525ce2aa6bfad5daea4dbdeabb9052464dc9f146fe,9607,1470,505,0,,,0,0,7,"2000,2001,2005,2007,2015,2016,2017,2024,2025,2026,2030",,,0,False,False,,,,,,
Delibera_149__5081_Piano_Triennale_Informatica_-_aggioleto_2.pdf,Delibera,Lavori Pubblici,Liquidazione,high,text,906f4a78c7af48584c1a0e75c3d58bfd97e135b197fb00866c6faf86ae38dc0c,328032,46459,4674,18,,,0,0,20,"2000,2001,2002,2003,2004,2005,2006,2007,2008,2009,2010,2011,2012,2013,2014,2015,2016,2017,2018,2019,2020,2021,2022,2023,2024,2025,2026,2027,2030,2048",121992.0,366324.1,13,True,False,,,,36/2023,,
Delibera_14__5198_AttestazionePubblicazione_2.pdf,AttestazionePubblicazione,Servizi Sociali,,ml_predicted,text,0901c11e1de1b2d3d7e2534c676a2cb92086d032ce010e022c72dd8e34801301,799,120,85,0,,,0,0,3,"2000,2026",,,0,False,False,,,,,,
Delibera_14__5198_DeliberadiGiunta_Copia_14_2026_1.pdf,Delibera,Regolamenti,,ml_predicted,text,20b8fae54d885a88c8d3a3921042cd6563b18a75053a8994d7062be2c7af1167,7966,1220,370,0,,,0,0,5,"2000,2026",,,0,True,True,,,,,,
Delibera_14__5420_AttestazionePubblicazione_3.pdf,AttestazionePubblicazione,Regolamenti,,high,text,b3829cb2d7316cc98285bfb957e0e5ad135b0bd2aa1fa63ec78d1e42fefacc4e,728,109,80,0,,,0,0,3,"2000,2026",,,0,False,False,,,,,,
Delibera_14__5420_DeliberadiConsiglio_Copia_14_2026_1.pdf,Delibera,Regolamenti,,high,text,8946a6cdc61b877456c0063e7da59e9c67fbb2ccc85191444aa81e77864b6250,6009,938,354,0,,,0,0,5,"2000,2004,2026",,,0,True,True,,,,,,
Delibera_14__5420_REGOLAMENTO_PER_IL_FUNZIONAMENTO_DEIARI_2.pdf,Delibera,Regolamenti,Nomina,ml_predicted,text,a368cefea7e5ed7c1b42723c7f42235ec228a85f3a6b6bfe2bbae2548d869dc9,20184,2722,797,0,,,0,0,0,,,,0,True,True,,,,,,
Delibera_15__5421_AttestazionePubblicazione_3.pdf,AttestazionePubblicazione,Regolamenti,,high,text,40e2feedb584018c547adbc1aac8fd5e559948949476d4f29192f38af5e70e85,733,112,81,0,,,0,0,3,"2000,2026",,,0,False,False,,,,,,
Delibera_15__5421_DeliberadiConsiglio_Copia_15_2026_1.pdf,Delibera,Regolamenti,Bando,high,text,e65e3815a8b29c76c8ff528fa6bef996ef0868ad25c5f090ce91ab2336d40e00,7001,1052,416,0,,,0,0,4,"2000,2009,2026",,,0,False,False,,,,,,
Delibera_15__5421_regolamento_Garante_persone_con_disema1_2.pdf,Delibera,Regolamenti,Bando,high,text,7bffbf4deb22ccab79c01af12b42fdfee3bc05c0ed4f4388036d569bd02e8a6f,9493,1357,509,0,,,0,0,0,"2000,2009,2010",,,0,False,False,,,,,,
Delibera_16402026__5216_AttestazionePubblicazione_2.pdf,AttestazionePubblicazione,Contenzioso,,high,text,eea82fa38220b9fb057185a09776b5178b190c504b31ad09e8d3c43d6ece5c17,682,106,79,0,,,0,0,3,"2000,2026",,,0,False,False,,,,,,
Delibera_16402026__5216_DeliberadiGiunta_Copia_16_2026_1.pdf,Delibera,Contenzioso,,high,text,d6cc98388881c827c04752cf8a128a2d5ba7637e87e72e740bb2b7dcebc6ecf9,6887,1084,350,0,,,0,0,4,"2000,2026",,,0,True,True,,,,,,
Delibera_1652001__5430_AttestazionePubblicazione_3.pdf,AttestazionePubblicazione,Personale,,high,text,4f04ec1034106e353d1d4a703b3a8dcd92550f34e26387238285bfdfbe9629f7,828,127,90,0,,,0,0,3,"2000,2001,2026,2028",,,0,False,False,,,,,,
Delibera_1652001__5430_DeliberadiGiunta_Copia_42_2026_1.pdf,Delibera,Personale,Concorso,high,text,4a7fc17d4311b6bd3a907b9e3744e4222ef123b02e7aea3e0a383e81d88a30d2,45356,7397,1198,39,,,0,0,5,"2000,2001,2006,2011,2012,2013,2014,2015,2016,2017,2018,2019,2020,2021,2022,2023,2024,2025,2026,2027,2028",29753.2,54704.87,2,True,False,,,,,,
Delibera_1652001__5430_VERBALE_N-_3_DEL_17-03-2026_dellOrg2028_2.pdf,Delibera,Personale,Concorso,high,ocr,4ac94100d42ae4a8204cadf12d33bb0ba2cbabb715137c016e357fc94a6ce2c9,13137,2096,671,4,,,0,0,5,"2000,2001,2004,2006,2011,2014,2016,2017,2019,2020,2021,2022,2023,2024,2025,2026,2027,2028",,,0,True,True,,,,,,
Delibera_16__5422_AttestazionePubblicazione_3.pdf,AttestazionePubblicazione,Regolamenti,,high,text,4118fe7085cb2d3a842ee55a52945254136aca0ed5ed7056b65d95da9edab0f4,717,109,79,0,,,0,0,3,"2000,2026",,,0,False,False,,,,,,
Delibera_16__5422_DeliberadiConsiglio_Copia_16_2026_1.pdf,Delibera,Regolamenti,,high,text,50e8c8770776b07ce2eedc91f8379396a359a1e604d49234edc5838843c0bc1c,6750,1014,402,0,,,0,0,4,"2000,2026",,,0,False,False,,,,,,
Delibera_16__5422_regolamento_patrocinio_2.pdf,Delibera,Regolamenti,,ml_predicted,text,b29bd47656250a3aa34048451ace61bdab6a53c48b4df21177436cebc4296fc7,16013,2029,700,0,,,0,0,0,"2003,2016",,,0,True,True,,,,,,
Delibera_175__4954_AttestazionePubblicazione_2.pdf,AttestazionePubblicazione,Pubblicazione e Trasparenza,,high,text,4a919dd2536bd38f7345ec835b45e823979ca71c36080d9cad66382b9fab4bc6,735,117,82,0,,,0,0,3,"2000,2025",,,0,False,False,,,,,,
Delibera_175__4954_DeliberadiConsiglio_Copia_41_2025_1.pdf,Delibera,Regolamenti,Liquidazione,ml_predicted,text,de4a84e98d2bfc03c7c1df300982cc117975cbec11e0ab77f887e1cdcf86d0c0,5852,921,363,0,,,0,0,5,"2000,2014,2016,2025",,,0,True,True,,,,,,
Delibera_17__5217_AttestazionePubblicazione_2.pdf,AttestazionePubblicazione,Pubblicazione e Trasparenza,,ml_predicted,text,c628f0304098381e6531f1c7f962c5cba445bd00bdfc9a164961df637db95db8,895,135,98,0,,,0,0,3,"2000,2026",,,0,False,False,,,,,,
Delibera_17__5217_DeliberadiGiunta_Copia_17_2026_1.pdf,Delibera,Regolamenti,,ml_predicted,text,0458621de5e73f3c46bce3061010daff2b8f08722cc67795d27c8d83f86bea01,6456,985,310,0,,,0,0,4,"2000,2025,2026",,,0,True,True,,,,,,
Delibera_17__5423_AttestazionePubblicazione_2.pdf,AttestazionePubblicazione,Regolamenti,,high,text,60f3c32d4b497075723d8c25ad829a99c2b29866b9270df3b3b524a906ffd54b,763,117,84,0,,,0,0,3,"2000,2026",,,0,False,False,,,,,,
Delibera_17__5423_DeliberadiConsiglio_Copia_17_2026_1.pdf,Delibera,Regolamenti,,high,text,18be071b47ffef57574b1fc3eb834f9e0e9e497986459ea93200edc1d0c3ace2,4766,745,293,0,,,0,0,5,"2000,2025,2026,2028",,,0,True,True,,,,,,
Delibera_18__5424_AttestazionePubblicazione_2.pdf,AttestazionePubblicazione,Pubblicazione e Trasparenza,,high,text,9befd7ac4824c5b1857db98c496993c2cf8fee8f52318f18110ad9fb89275a74,845,129,95,0,,,0,0,3,"2000,2026",,,0,False,False,,,,,,
Delibera_18__5424_DeliberadiConsiglio_Copia_18_2026_1.pdf,Delibera,Regolamenti,Liquidazione,ml_predicted,text,dbb9c03bb255d76cfcb25a6fd6291457499b8afb72e2bb3228ac2afa4b9807d5,18526,2762,868,1,,,0,0,6,"2000,2014,2016,2020,2023,2025,2026",,,0,True,True,,,,50/2016,,
Delibera_19__5666_AttestazionePubblicazione_2.pdf,AttestazionePubblicazione,Regolamenti,,high,text,fd333c3a96b74f92263e49e1e04060cdbff953818d933c2f3f5d386012a4a0bf,688,106,81,0,,,0,0,3,"2000,2026",,,0,False,False,,,,,,
Delibera_19__5666_DeliberadiConsiglio_Copia_19_2026_1.pdf,Delibera,Regolamenti,,high,text,5789f86a47b4d5cdccce189ddbd8e73d5e98bd35cf9f204dfa8c1769f11489a1,4825,758,332,0,,,0,0,1,"2000,2026",,,0,False,False,,,,,,
Delibera_1__5331_AttestazionePubblicazione_2.pdf,AttestazionePubblicazione,Regolamenti,,high,text,98569140a8022fca5d91ab7fab42da05a6df866a2652fe8cfba211a72eb141c1,698,107,77,0,,,0,0,3,"2000,2026",,,0,False,False,,,,,,
Delibera_1__5331_DeliberadiConsiglio_Copia_1_2026_1.pdf,Delibera,Regolamenti,,high,text,c907d3a606f656671f98c5e219d371ec4820765d01f324eb74d0718374dbe3a2,3831,595,257,0,,,0,0,1,"2000,2025,2026",,,0,False,False,,,,,,
Delibera_20__5222_AttestazionePubblicazione_2.pdf,AttestazionePubblicazione,Regolamenti,,high,text,9e845c84b8f6346365192d39f2e6364842371c8f61eaba81e1c175dbca42de1e,721,108,82,0,,,0,0,3,"2000,2026",,,0,False,False,,,,,,
Delibera_20__5222_DeliberadiGiunta_Copia_20_2026_1.pdf,Delibera,Regolamenti,,high,text,76d8f20dd98cc97fa0710cc9775c5bfa9770d142fe298364796b1492a4c2ad36,11985,1989,554,12,,,0,0,7,"2000,2006,2007,2013,2026,2028",863760.9,1727521.8,2,True,False,,,,,,
Delibera_20__5667_4480_DeliberadiConsiglio__24_2025-_rdia_2.pdf,Delibera,Regolamenti,Liquidazione,ml_predicted,text,9f3a59c9debd6b7a68048068f18eb603ef48e37de089ee677e1fe67b2c446560,11854,1899,592,2,,,0,0,6,"2000,2011,2016,2018,2020,2024,2025,2027",,,0,True,True,,,,,,
Delibera_20__5667_AttestazionePubblicazione_10.pdf,AttestazionePubblicazione,Regolamenti,,high,text,e0ff1e4785b80244c5f6114cdb6959ffe3d37617f51017b3ee8e6105b77435b3,658,101,77,0,,,0,0,3,"2000,2025,2026",,,0,False,False,,,,,,
Delibera_20__5667_ATTESTAZIONE_DEI_RESPONSABILI_PER_I-F-B_3.pdf,Delibera,Regolamenti,,high,ocr,f24a092fa6e9d022357c71e10198fc9f30ae7e524811194f2562bec9afb7cbcf,7701,1220,241,0,,,0,0,10,"2000,2011,2025",,,0,False,False,,,,,,
Delibera_20__5667_attestazione_tempi_medi_di_pagamento_4.pdf,Delibera,Contabilità,Liquidazione,high,ocr,eb607680ddf11cd48b360f82f13565496ac00372977201ca43b329c77f8d4a13,806,133,102,4,,,0,0,1,"2014,2025,2026",2784902.68,2784902.68,1,True,False,,,,,,
Delibera_20__5667_DeliberadiConsiglio_Copia_20_2026_1.pdf,Delibera,Regolamenti,Liquidazione,high,text,13ef00f4a967e3829c1da5db424ebcd8fd0b666542830c7a807cf0b27133e5de,9778,1575,530,0,,,0,0,9,"2000,2009,2011,2012,2014,2015,2018,2019,2023,2025,2026,2027,2028",,,0,True,True,,,,,,
Delibera_20__5667_piano_degli_indicatori_2025_497280_5.pdf,Delibera,Personale,Liquidazione,ml_predicted,text,c6b690bc081c70a188c052ce865c556aff66624ad257f15bca95cb5dc4fed6c7,40487,7161,670,0,,,0,0,0,"2011,2016,2017,2025",,,0,True,True,,,,,,
Delibera_20__5667_Relazione_bilancio_consuntivo_2025_ale__6.pdf,Delibera,Contabilità,Liquidazione,high,text,a9b1dac78ebc9abe8f0cc0c95c1627cacf5bcf3cd806c967ada5609c73fde96d,164820,29001,3252,102,,,0,0,16,"2000,2004,2006,2007,2008,2011,2012,2013,2014,2016,2017,2018,2019,2020,2021,2022,2023,2024,2025,2026,2027,2028,2029",3449236.97,52600266.41,67,True,False,,,,,,
Delibera_20__5667_Stampa_conto_del_bilancio_2025_comp7413_7.pdf,Delibera,Contabilità,Liquidazione,high,text,d0a5d154e6e198315c6281390548d93afbabdeb2cc650cf2b94dd5dd062363e8,243640,47978,2286,5,,,0,0,52,"2000,2001,2002,2003,2011,2013,2014,2016,2017,2018,2020,2021,2023,2024,2025,2026,2027",,,0,True,True,,,,,,
Delibera_20__5667_tabellaparametri_ente_strutt-_defic7277_8.pdf,Delibera,Personale,,ml_predicted,text,4b1ed01609d2260c47ac78abbec299508936135749ba5b9d7d8942543ea8b4cb,1455,226,130,0,,,0,0,0,2025,,,0,True,True,,,,,,
Delibera_20__allegato1770900611_3.pdf,Delibera,Ambiente,,ml_predicted,text,3590cb843044366ab114bbb7f7e7d265888ecba7bdf664b0cfb1e3abc21e90db,50071,7990,2004,117,,,0,0,0,"2000,2001,2006,2015,2026,2027,2028,2029",887676.9,3260936.2,88,True,False,,,,,,
Delibera_21882026__5626_AttestazionePubblicazione_2.pdf,AttestazionePubblicazione,Contenzioso,,high,text,6032e465f534b72a2a63eea38a63f9e002ef74e55f1a5064990960e0bf7b5c40,818,131,96,0,,,0,0,3,"2000,2026",,,0,False,False,,,,,,
Delibera_21882026__5626_DeliberadiGiunta_Copia_65_2026_1.pdf,Delibera,Contenzioso,Nomina,high,text,655f16ae5f2cdff6985929f80c249dca3ac8f17ffb5d18a11dd57c7b4d7938f4,7294,1209,428,0,,,0,0,6,"2000,2018,2023,2026,2028",,,0,True,True,,,,36/2023,,
Delibera_21__5223_AttestazionePubblicazione_2.pdf,AttestazionePubblicazione,Regolamenti,,ml_predicted,text,5c59d5856db58481fe77a96299e698acda0766cbde8f1bd03dc89ab9a3d22749,682,103,78,0,,,0,0,3,"2000,2026",,,0,False,False,,,,,,
Delibera_21__5223_DeliberadiGiunta_Copia_21_2026_1.pdf,Delibera,Regolamenti,,ml_predicted,text,c29bf6c5a6c4383fbcefdb27dd1b7cfb64bdfd2689dace1cf47a0e29e02d6783,13598,2226,681,2,,,0,0,16,"2000,2003,2007,2008,2011,2012,2013,2014,2015,2024,2026",1298325.0,2596650.0,2,True,False,,,,,,
Delibera_21__allegato1770900678_3.pdf,Delibera,Ambiente,,high,text,4f07f099a291c08235095a80709743cdcdcb7e127b37e8a560ac48c8ae93df83,19329,3036,860,56,,,0,0,1,"2011,2013,2014,2015,2018,2024,2025,2026,2027,2028",1351648.03,7986179.68,54,True,False,,,,,,
Delibera_22__5224_AttestazionePubblicazione_2.pdf,AttestazionePubblicazione,Regolamenti,,high,text,e06ae0268134bcd556748f7ab5ea47a6e6a40d5291fc15971b03470469a2d842,800,126,89,0,,,0,0,3,"2000,2008,2026",,,0,False,False,,,,,,
Delibera_22__5224_DeliberadiGiunta_Copia_22_2026_1.pdf,Delibera,Regolamenti,,high,text,921d915eb8ac6db6e691de4112181ea2daa5c2fe95a498bd90a922b6f533f4a6,11126,1723,529,0,,,0,0,5,"2000,2001,2006,2008,2011,2012,2013,2014,2015,2026,2028",,,0,True,True,,,,,,
Delibera_22__allegato1770900706_3.pdf,Delibera,Contabilità,,ml_predicted,text,f45443b4a207449ad11252d53cec0d37df2b1fa5158ed554ff09b46089ec1246,3330,578,217,24,,,0,0,0,"2026,2027",244240.0,799700.0,24,False,False,,,,,,
Delibera_2342__5317_AttestazionePubblicazione_2.pdf,AttestazionePubblicazione,Contenzioso,,high,text,d1f74ab2b184c5f9e90d590a1675f3d2e42fbaabdfb7121686af461ed33221f9,707,110,79,0,,,0,0,3,"2000,2026",,,0,False,False,,,,,,
Delibera_2342__5317_DeliberadiGiunta_Copia_35_2026_1.pdf,Delibera,Contenzioso,,high,text,334138177793dbab7962bf972bcf5f2f3694eaf2b5c4b7a4c01f42957558290d,6941,1094,347,0,,,0,0,7,"2000,2026",,,0,True,True,,,,,,
Delibera_23__5225_AttestazionePubblicazione_2.pdf,AttestazionePubblicazione,Regolamenti,,high,text,4101ee50ceaa30fc4205b62d21da8bdb5b60b39c0e26aa2784c97bf7491f1cb3,691,106,79,0,,,0,0,3,"2000,2026,2028",,,0,False,False,,,,,,
Delibera_23__5225_DeliberadiGiunta_Copia_23_2026_1.pdf,Delibera,Regolamenti,,high,text,981634f5dc77dde34ba1632a93b17189ce335aa5dcb1b2c7402aa61112b17bf7,8265,1346,448,2,,,0,0,12,"2000,2002,2005,2006,2010,2026,2028",,,0,True,True,,,,,,
Delibera_23__allegato1770900755_3.pdf,Delibera,Lavori Pubblici,Approvazione Progetto,high,text,7b0b79a69971cecbfcd1f96be46b1f5c04e56cff440012d794a1b24e31fdb340,27953,4744,1010,56,,,0,11,11,"2003,2011,2013,2014,2016,2020,2023,2025,2026,2027",105912290.27,421674237.69,36,True,False,,,,50/2016,,
Delibera_24__5229_AttestazionePubblicazione_3.pdf,AttestazionePubblicazione,Pubblicazione e Trasparenza,,high,text,a9adb6cd56b06201acc48fc21d233115e1a888b4055d13ac84af003943ac17b1,745,118,84,0,,,0,0,3,"2000,2023,2026,2028",,,0,False,False,,,,36/2023,,
Delibera_24__5229_DeliberadiGiunta_Copia_24_2026_1.pdf,Delibera,Servizi Sociali,,ml_predicted,text,22e4d4efb0ab24e92289a84e7d092f97eaf858ef5af238d77b965bbf507973b0,11506,1823,487,4,,,0,0,5,"2000,2011,2014,2015,2016,2017,2018,2019,2023,2026,2028",,,0,True,True,,,,36/2023,,
Delibera_24__5229_Progr_TriennaleRaggr_400580_2.pdf,Delibera,Contabilità,,ml_predicted,text,0bc74e1f56b9d66928c39cd13461ee87527a7d40a7c765e55758686ac7be5068,3175,555,216,0,,,0,0,2,"2026,2027,2028",,,0,True,True,,,,,,
Delibera_25__5230_AttestazionePubblicazione_3.pdf,AttestazionePubblicazione,Regolamenti,,high,text,9a336532d53c8b0d80249b52e981bd803d1d59ed733c8b0bfc6d8a666ba5bcc7,649,101,76,0,,,0,0,3,"2000,2026,2028",,,0,False,False,,,,,,
Delibera_25__5230_DeliberadiGiunta_Copia_25_2026_1.pdf,Delibera,Regolamenti,,high,text,b3a5862985683629db767ff81d06c5ec19e84eb30a92b13cd3b9ace01fc8de24,10554,1660,532,0,,,0,0,5,"2000,2001,2007,2008,2011,2013,2016,2018,2026,2028",,,0,True,True,,,,50/2016,,
Delibera_25__5230_Relazione_DUP_2026_401698_2.pdf,Delibera,Regolamenti,Liquidazione,high,text,c7a448833bd064fd1b0c6085c90802fdb4b5cfc6638f7def07ef2c50cd37675f,93974,16454,2366,4,,,0,0,29,"2000,2001,2002,2003,2004,2005,2006,2007,2008,2009,2010,2011,2012,2013,2014,2015,2016,2017,2018,2019,2020,2021,2022,2023,2024,2025,2026,2027,2028,2042,2043,2044,2045,2046,2051",1298325.0,126000.83,4,True,False,previsione meno fondo,,,,,
Delibera_2672000__4969_AttestazionePubblicazione_2.pdf,AttestazionePubblicazione,Pubblicazione e Trasparenza,,high,text,57b2b016bc3fcd2148f7f5d36ba753751b8c0d757b837eae82ec8cec6f556390,833,134,91,0,,,0,0,3,"2000,2025,2026",,,0,False,False,,,,,,
Delibera_2672000__4969_DeliberadiGiunta_Copia_145_2025_1.pdf,Delibera,Personale,Liquidazione,ml_predicted,text,605036b1c1e0a1759cbba6c9c5c94e09f8312c0fd73ce039990d3a8acecff509,11255,1827,489,2,,,0,0,6,"2000,2002,2019,2020,2024,2025,2026,2028",1453827.67,,0,True,True,,,,,,
Delibera_2672000__5026_AttestazionePubblicazione_3.pdf,AttestazionePubblicazione,Contenzioso,,high,text,5a12a3c3f66440c2c5f3b322962180ef6c6d679fbfa5c97f4e0fc489b11d2f6c,916,152,106,0,,,0,0,3,"2000,2022,2024,2025",,,0,False,False,,,,,,
Delibera_2672000__5026_DeliberadiConsiglio_Copia_45_2025_1.pdf,Delibera,Contenzioso,Liquidazione,high,text,3033e9c20c498dcfa18ec6b74e323c07ab95dad828a8d27fa61815b8ce159dfb,14236,2354,716,52,,,0,0,19,"2000,2002,2011,2018,2019,2020,2022,2023,2024,2025,2027",7706.9,26260.86,31,True,False,euro cinquanta/00,6374241211.0,,,,
Delibera_2672000__5027_AttestazionePubblicazione_3.pdf,AttestazionePubblicazione,Contenzioso,,high,text,5652e111d5217527237506eae8bb4722fb98ccf1f08a41748119beece72abde1,927,159,105,0,,,0,0,3,"2000,2021,2025",,,0,False,False,,,,,,
Delibera_2672000__5027_DeliberadiConsiglio_Copia_46_2025_1.pdf,Delibera,Contenzioso,Liquidazione,high,text,264c812edec9bc49c6fe567fb85be376eadf606f8d582cde1355a41c43373a13,12258,1975,682,12,,,0,0,6,"2000,2001,2002,2004,2011,2018,2021,2024,2025,2027",786.0,786.0,1,True,False,,,,,,
Delibera_267__4968_AttestazionePubblicazione_2.pdf,AttestazionePubblicazione,Pubblicazione e Trasparenza,,high,text,47b74c272ed17d5aa45014e8bb0ba7f53f09ccacc100a11588b2671a08867e2f,710,113,80,0,,,0,0,3,"2000,2025,2026",,,0,False,False,,,,,,
Delibera_267__4968_DeliberadiGiunta_Copia_144_2025_1.pdf,Delibera,Servizi Sociali,Liquidazione,ml_predicted,text,a1246e50e87a80e3e41793c603c9d643655b91d50dcd7a54052775f220cbe007,13804,2181,630,4,,,0,0,6,"2000,2001,2002,2011,2024,2025,2026",2513755.54,6167511.08,4,True,False,,,,,,
Delibera_26_2028_5237_AttestazionePubblicazione_9.pdf,AttestazionePubblicazione,Regolamenti,,high,text,6ef4d9fd3fa0d2c1f3a5ddfc8cc6f743acfe54905c8e34b7532983ccb46c6296,664,103,77,0,,,0,0,3,"2000,2026,2028",,,0,False,False,,,,,,
Delibera_26_2028_5237_DeliberadiGiunta_Copia_26_2026_1.pdf,Delibera,Regolamenti,,high,text,cf041334ac55c1df67cc742bb4622678c943717423ee3abc7315b1360caa384c,10884,1785,463,0,,,0,0,6,"2000,2009,2011,2012,2014,2018,2019,2024,2026,2028",,,0,True,True,,,,,,
Delibera_26_2028_5237_elenco_indirizzi_internet__7.pdf,Elenco,Contabilità,,ml_predicted,ocr,54e891dab801e6fbe374654830dd4ed943fa0fb6886ad478123d9579411c73a5,300,42,35,0,,,0,0,0,2024,,,0,False,False,,,,,,
Delibera_26_2028_5237_FCDE_2026-2028_2.pdf,Delibera,Contabilità,,ml_predicted,text,b4680b878adf2172cb93ba7e2e80691e6d8f62d04e9b33112aea1ee3f43edd29,16295,2877,347,0,,,0,0,6,"2026,2027,2028",,,0,False,False,,,,,,
Delibera_26_2028_5237_Limite_di_indebitamento_2026-2028_3.pdf,Delibera,Contabilità,,ml_predicted,text,fc29674a386d22f48b2eca838694f6f2bc55cb14acd59fd5a3528e273c6231be,2965,520,223,0,,,0,0,3,"2000,2011,2012,2014,2015,2025,2026,2027,2028",,,0,False,False,,,,,,
Delibera_26_2028_5237_piano_degli_indicatori_2026-2028_4.pdf,Delibera,Contabilità,Liquidazione,ml_predicted,text,81f2c4b02bbd79344349dc6bf5b0dd0495d5b91cb2c5b88749f4c0233bac3181,31673,5729,646,0,,,0,0,9,"2011,2015,2016,2017,2018,2019,2026,2027,2028",,,0,True,True,,,,,,
Delibera_26_2028_5237_Relazione_nota_integrativa_2026_401786_8.pdf,Delibera,Contenzioso,Liquidazione,high,text,6d653a91234ab8e019ad7e6e9df2e8411fb64e313a0b0eb15f95291f067ff80d,55863,10147,1778,4,,,0,0,9,"2000,2003,2008,2011,2012,2014,2015,2016,2019,2020,2021,2022,2023,2024,2025,2026,2027,2028",208234.05,453960.0,3,True,False,,,,50/2016,,
Delibera_26_2028_5237_Stampa_bilancio_di_previsione_2026-2028_5.pdf,Delibera,Contabilità,Liquidazione,high,text,cae3d0ad5f33da835b2ecb4fc41d0c2995d49035aae25502863a7bf75e6e497d,267731,51878,2249,5,,,0,0,141,"2000,2001,2002,2003,2011,2012,2013,2014,2015,2016,2017,2018,2019,2020,2023,2024,2025,2026,2027,2028",,,0,True,True,,,,,,
Delibera_26_2028_5237_Stampa_parametri_ente_deficitario_22028_6.pdf,Delibera,Personale,,ml_predicted,text,a9794b657cf675e780d63ed90e98c3e72f0c1d02ec6bb31031c850d8b6a1dc2d,1508,233,140,0,,,0,0,1,"2026,2028",,,0,True,True,,,,,,
Delibera_27__5242_AttestazionePubblicazione_2.pdf,AttestazionePubblicazione,Regolamenti,,high,text,04512ca17ad86e15cc47ed2f58f82d9b99a485e1a1f8630dfcc907d047c31a13,713,114,86,0,,,0,0,3,"2000,2025,2026",,,0,False,False,,,,,,
Delibera_27__5242_DeliberadiGiunta_Copia_27_2026_1.pdf,Delibera,Regolamenti,,high,text,bbcd61c08c5ea7cd9460007bb7a5a3659ef892695a490f59e09071a8802641ca,4880,786,303,0,,,0,0,5,"2000,2007,2025,2026",,,0,False,False,,,,,,
Delibera_28__5251_AttestazionePubblicazione_2.pdf,AttestazionePubblicazione,Servizi Demografici,,high,text,7e3d4dc1c7c16c39515583d54d632ae47f7c41c2aa1f8c5bf2b4af6dfe8e6b65,736,112,84,0,,,0,0,3,"2000,2026",,,0,False,False,,,,,,
Delibera_28__5251_DeliberadiGiunta_Copia_28_2026_1.pdf,Delibera,Servizi Demografici,,high,text,7c4d47fe8ae0da4156613d70ad65a8641e6caa2d5af28cc39811561c1054d566,7461,1208,412,0,,,0,0,6,"2000,2013,2026",,,0,False,False,,,,,,
Delibera_29__5273_AttestazionePubblicazione_2.pdf,AttestazionePubblicazione,Contenzioso,,high,text,2bf45161c119c8a0e17437c6ccaec3bacd463777988065b30b6e147a436e6428,870,134,101,0,,,0,0,3,"2000,2026",,,0,False,False,,,,,,
Delibera_29__5273_DeliberadiGiunta_Copia_29_2026_1.pdf,Delibera,Cultura e Turismo,,high,text,5022e3227ac0b0f2cfa9d636bf07ee7cb7494fb41fcddffeb8896c9a16bf104a,7091,1107,364,2,,,0,0,5,"2000,2026",1000.0,,0,True,True,,,,,,
Delibera_2__5092_AttestazionePubblicazione_2.pdf,AttestazionePubblicazione,Pubblicazione e Trasparenza,,high,text,6ced65de240d8df9457405bc2f20a442724a29581fcf8d0c4100dc11a19b5311,766,114,83,0,,J29D24000260006,0,1,3,"2000,2026",,,0,False,False,,,,,,
Delibera_2__5092_DeliberadiGiunta_Copia_2_2026_1.pdf,Delibera,Regolamenti,Bando,ml_predicted,text,635dc2f635d0f24e6ec7e1ed03cd2fee814feba13e9b6b317c609284812aec34,9870,1569,477,16,,J29D24000260006,0,5,12,"2000,2019,2020,2022,2023,2024,2025,2026,2027",49037.84,490024.04,16,True,False,,,,36/2023,,
Delibera_2__5332_allegato_piano_alienazioni_2026_2.pdf,Delibera,Contabilità,,ml_predicted,text,f45443b4a207449ad11252d53cec0d37df2b1fa5158ed554ff09b46089ec1246,3330,578,217,24,,,0,0,0,"2026,2027",244240.0,799700.0,24,False,False,,,,,,
Delibera_2__5332_AttestazionePubblicazione_4.pdf,AttestazionePubblicazione,Regolamenti,,high,text,aabfe92b2276211af59eac20b6aca99dad11ec9294dc906a80cd2a60105350d8,714,109,78,0,,,0,0,3,"2000,2026,2028",,,0,False,False,,,,,,
Delibera_2__5332_DeliberadiConsiglio_Copia_2_2026_1.pdf,Delibera,Regolamenti,,high,text,eaf94a937efa6b9dde69359304235a7cfb7a94a6a0b1cb808d0a0609848cc643,5741,915,340,0,,,0,0,5,"2000,2008,2026,2028",,,0,True,True,,,,,,
Delibera_2__5332_DeliberadiGiunta_Copia_22_2026_pianioni_3.pdf,Delibera,Regolamenti,,high,text,921d915eb8ac6db6e691de4112181ea2daa5c2fe95a498bd90a922b6f533f4a6,11126,1723,529,0,,,0,0,5,"2000,2001,2006,2008,2011,2012,2013,2014,2015,2026,2028",,,0,True,True,,,,,,
Delibera_30__5312_AttestazionePubblicazione_2.pdf,AttestazionePubblicazione,Pubblicazione e Trasparenza,Nomina,high,text,f6df3b14e505585ebed3408e936ee01bbb47f7ee988d788f962490eaf1ca76b7,864,134,94,0,,,0,0,3,"2000,2026",,,0,False,False,,,,,,
Delibera_30__5312_DeliberadiGiunta_Copia_30_2026_1.pdf,Delibera,Servizi Sociali,Nomina,high,text,e3d415397569ea9d87fb97fe6aacdd810e804099b40c9c3b055462daa02241f7,8189,1348,367,0,,,0,0,5,"2000,2001,2022,2024,2025,2026",,,0,True,True,,,,,,
Delibera_31__5313_AttestazionePubblicazione_4.pdf,AttestazionePubblicazione,Regolamenti,,high,text,62d3ee460f45c538862ed704d1e48da608d7c50747de55b34fd6157d573d3cff,761,124,85,0,,,0,0,3,"2000,2024,2026",,,0,False,False,,,,,,
Delibera_31__5313_DeliberadiGiunta_Copia_31_2026_1.pdf,Delibera,Regolamenti,Liquidazione,high,text,d870b97a01a5f031fb6c2e0fbc57a3067be46e6328997311ebdaf749224e802b,8594,1372,431,0,,,0,0,10,"2000,2001,2011,2024,2025,2026,2028",,,0,True,True,,,,,,
Delibera_31__5313_Stampa_flussi_cassa_entrate_2.pdf,Delibera,Contabilità,,high,text,3bae52b72cb5537177b90dd87f41f2e68f3442873af8a9f970fed1490042cbf0,12503,3086,679,0,,,0,0,0,"2001,2024,2026",,,0,False,False,,,,,,
Delibera_31__5313_Stampa_flussi_cassa_uscite_3.pdf,Delibera,Contabilità,,high,text,3bae52b72cb5537177b90dd87f41f2e68f3442873af8a9f970fed1490042cbf0,12503,3086,679,0,,,0,0,0,"2001,2024,2026",,,0,False,False,,,,,,
Delibera_32__5314_AttestazionePubblicazione_2.pdf,AttestazionePubblicazione,Contabilità,,high,text,ac79c55558955989e89407696702faa9e1459ccdec0b71b7f16b341f80c81e73,717,112,81,0,,,0,0,3,"2000,2026",,,0,False,False,,,,,,
Delibera_32__5314_DeliberadiGiunta_Copia_32_2026_1.pdf,Delibera,Contabilità,Liquidazione,high,text,77cdab09d0f5edb2b54e4dd0fcb787d7ea346669f9077694083bba7a3d2cb0a5,18868,3121,652,3,,,0,0,28,"2000,2002,2009,2011,2013,2018,2021,2024,2025,2026,2028",27983.02,,0,True,True,,,,,,
Delibera_33__5315_AttestazionePubblicazione_2.pdf,AttestazionePubblicazione,Contenzioso,,high,text,88262dacdf356f3a6b4c7b778a6c2738d089f20f383e538151786d3c7fec14a1,795,116,85,0,,,0,0,3,"2000,2026",,,0,False,False,,,,,,
Delibera_33__5315_DeliberadiGiunta_Copia_33_2026_1.pdf,Delibera,Contenzioso,,high,text,e78aff837d95c94383d7aab520907a28b4604cc1f66ed345ab99e76c9be45702,7585,1138,402,0,,,0,0,4,"2000,2026",,,0,True,True,,,,,,
Delibera_34__5316_AttestazionePubblicazione_2.pdf,AttestazionePubblicazione,Contabilità,,high,text,3a6d2a934d2eb5974e268aa841b858e8bb06b117f1cd33e81083dd54c7385349,778,118,86,0,,,0,0,3,"2000,2026",,,0,False,False,,,,,,
Delibera_34__5316_DeliberadiGiunta_Copia_34_2026_1.pdf,Delibera,Contabilità,Liquidazione,high,text,8df311e599dfdb98e41fe8df53fc05d623d0f4260f9bba43df42163b832303cd,8122,1265,398,0,,,0,0,5,"2000,2005,2017,2026",,,0,True,True,,,,,,
Delibera_36__5361_AttestazionePubblicazione_2.pdf,AttestazionePubblicazione,Regolamenti,,high,text,b8759d9606a68239ef8ad457a1f24038a491344ae142c8752def3067831c2a8a,769,119,86,0,,,0,0,3,"2000,2026",,,0,False,False,,,,,,
Delibera_36__5361_DeliberadiGiunta_Copia_36_2026_1.pdf,Delibera,Regolamenti,,high,text,defe541cb00be7ff8066e9043efccf9677a648e4a4de48abed31377978b7fc0b,6730,1060,327,0,,,0,0,5,"2000,2020,2026",,,0,True,True,,,,,,
Delibera_37__4950_AttestazionePubblicazione_2.pdf,AttestazionePubblicazione,Regolamenti,,high,text,7725b1f11fd60e9e9c9240a5b1b75149a0661e84ca251715b4faff3705307a6e,727,113,83,0,,,0,0,3,"2000,2025",,,0,False,False,,,,,,
Delibera_37__4950_DeliberadiConsiglio_Originale_37_2025_1.pdf,Delibera,Regolamenti,,high,text,1176cb515b4379f4706a36115f946f0e636bb47283bd2b954ea77d7ed3f8b13c,3762,581,256,0,,,0,0,3,"2000,2025",,,0,False,False,,,,,,
Delibera_37__5362_AttestazionePubblicazione_3.pdf,AttestazionePubblicazione,Regolamenti,,high,text,104a2fe05bce615ebdc120bb7dd4aee8866f58c78cb7ac9875c19481df976aa1,700,108,79,0,,,0,0,3,"2000,2026",,,0,False,False,,,,,,
Delibera_37__5362_DeliberadiGiunta_Copia_37_2026_1.pdf,Delibera,Regolamenti,,high,text,28a10ff5190958d164ab81e4bc31b802858685301169469cb9234b452a1d8a54,15235,2416,595,0,,,0,0,5,"2000,2001,2009,2011,2013,2021,2022,2025,2026,2028",,,0,True,True,,,,,,
Delibera_37__5362_Piano_delle_performance_Comune_di_A2026_2.pdf,Delibera,Regolamenti,Liquidazione,ml_predicted,text,c585fabdc889b2f23c2c2ad4c5e0f6f416c307e0acc498e24b7d068260663067,20540,2860,507,0,,,0,0,0,"2013,2018,2023,2024,2025,2026",,,0,True,True,,,,,,
Delibera_38__5363_AttestazionePubblicazione_3.pdf,AttestazionePubblicazione,Regolamenti,,high,text,1dd38d5de802ad73c1c5aea3045768a590abee20a96003ecdbaeab57afc54953,715,112,78,0,,,0,0,3,"2000,2026,2028",,,0,False,False,,,,,,
Delibera_38__5363_DeliberadiGiunta_Copia_38_2026_1.pdf,Delibera,Regolamenti,,high,text,5c1f7421880966527d4a0cf3045d5a07dd897073208220a5c9f11b9e9e30642b,8683,1420,444,0,,,0,0,4,"2000,2001,2005,2006,2007,2025,2026,2028",,,0,False,False,,,,,,
Delibera_38__5363_Piano_Azioni_Positive_triennio_2026-_AV_2.pdf,Delibera,Regolamenti,Concorso,ml_predicted,text,172a62a9a4f32d484097caa99a0040b4a651150178fd8b85fdb352cda47a4cb5,14489,2132,714,0,,,0,0,1,"2000,2001,2005,2006,2007,2026,2028",,,0,True,True,,,,,,
Delibera_38__5418_AttestazionePubblicazione_2.pdf,AttestazionePubblicazione,Pubblicazione e Trasparenza,,high,text,4f2dc8b30676735b5f11c91fc7d0ab51c913258b2b55d8e7c79a6835e06ada9f,785,126,86,0,,,0,0,3,"2000,2023,2026",,,0,False,False,,,,,,
Delibera_38__5418_DeliberadiConsiglio_Copia_12_2026_1.pdf,Delibera,Cultura e Turismo,,high,text,3861d036e7aa63c7af70b2ee64a5856b925f4e1bab733857f794d7a1bec81b66,8400,1288,474,0,,,0,0,5,"2000,2023,2025,2026",,,0,True,True,,,,,,
Delibera_3962026__5370_AttestazionePubblicazione_2.pdf,AttestazionePubblicazione,Contenzioso,,high,text,54dbd310dd78d7ccbe372ae64607f767c66e5669b164d617996cbc1f573ac22c,795,126,92,0,,,0,0,3,"2000,2026",,,0,False,False,,,,,,
Delibera_3962026__5370_DeliberadiGiunta_Copia_39_2026_1.pdf,Delibera,Contenzioso,,high,text,90d8ada79851f1ab675a7914e95db9966fc2ac7a50d125a0bc3cbce01ba61b7a,8862,1447,419,0,,,0,0,5,"2000,2018,2020,2023,2025,2026,2028",,,0,True,True,,,,36/2023,,
Delibera_39__4952_AttestazionePubblicazione_4.pdf,AttestazionePubblicazione,Pubblicazione e Trasparenza,,high,text,ac42dbb8fa6fc73db012a342c105cd66ae02d2c1213fa0226a83890ea1888096,762,123,88,0,,,0,0,3,"2000,2025,2027",,,0,False,False,,,,,,
Delibera_39__4952_DeliberadiConsiglio_Copia_39_2025_1.pdf,Delibera,Regolamenti,Variazione di Bilancio,ml_predicted,text,b7740b4358914ca979e3e1bb4e1554a218d66059dce14e4d2e6d335f81e19d87,11952,1877,566,0,,,0,0,9,"2000,2011,2013,2024,2025,2027",,,0,True,True,,,,,,
Delibera_39__4952_variazioni_per_il_consiglio_All-_A_2.pdf,Delibera,Contabilità,Liquidazione,ml_predicted,text,8e187baa641e4b3e205726b422854dc55b808167007860a02046e260ff46b94d,17096,3154,623,0,,,0,0,6,"2025,2026,2027",,,0,True,True,,,,,,
Delibera_39__4952_verbale_del_revisore_su_proposta_di-_41_3.pdf,Delibera,Contabilità,Liquidazione,ml_predicted,ocr,d08a9ed06e8e7c6bba27c7bafb357a8ac80a41a47eaa68f27a4faf1412379602,4186,718,277,3,,,0,0,6,"2000,2011,2024,2025,2027",252210.16,262733.66000000003,2,True,False,,,,,,
Delibera_3__5115_AttestazionePubblicazione_2.pdf,AttestazionePubblicazione,Contenzioso,,high,text,2958e575106aa2e7d8c828a09e8480e75315be2702ba6264c7a33ae997df232d,733,113,80,0,,,0,0,3,"2000,2026",,,0,False,False,,,,,,
Delibera_3__5115_DeliberadiGiunta_Copia_3_2026_1.pdf,Delibera,Contenzioso,,high,text,4fc9ab668efd75901b6cbc7336bd70de9a5c1511cf4a07a68208a10eef8f6354,8681,1294,439,0,,,0,0,5,"2000,2026",,,0,True,True,,,,,,
Delibera_3__5333_AttestazionePubblicazione_4.pdf,AttestazionePubblicazione,Regolamenti,,high,text,751842d795a7083ce3027165e3ae3186ff3156686e9743957b3ac9730c03e608,674,102,76,0,,,0,0,3,"2000,2026",,,0,False,False,,,,,,
Delibera_3__5333_DeliberadiConsiglio_Copia_3_2026_1.pdf,Delibera,Regolamenti,,high,text,78bebd273056a999ee92becac1a0bf05262915c5c2a40822a5571de661fdfeff,4639,730,290,0,,,0,0,5,"2000,2026",,,0,True,True,,,,,,
Delibera_3__5333_DeliberadiGiunta_Copia_20_2026_3.pdf,Delibera,Regolamenti,,high,text,76d8f20dd98cc97fa0710cc9775c5bfa9770d142fe298364796b1492a4c2ad36,11985,1989,554,12,,,0,0,7,"2000,2006,2007,2013,2026,2028",863760.9,1727521.8,2,True,False,,,,,,
Delibera_3__5333_PIANO_INDUSTRIALE_ACQUA_2026_2.pdf,Delibera,Ambiente,,ml_predicted,text,63e5008a6576e60e2bb339e502dbb5a482528e69b1195c228fcd8823bec2324b,48316,7682,1991,117,,,0,0,0,"2000,2001,2006,2015,2026,2027,2028,2029",887676.9,3260936.2,88,True,False,,,,,,
Delibera_40__4953_AttestazionePubblicazione_2.pdf,AttestazionePubblicazione,Pubblicazione e Trasparenza,,high,text,5fe8c39766733720e3b5702b5da3f844dfc397554ee76932a123d57d3a18cb68,727,110,84,0,,,0,0,3,"2000,2025",,,0,False,False,,,,,,
Delibera_40__4953_DeliberadiConsiglio_Copia_40_2025_1.pdf,Delibera,Affari Generali,Nomina,high,text,84e1bcd751eaa527b955bb522fcd54c112c75cec338735df02ef29766555b8af,6929,1083,407,0,,,0,0,4,"2000,2023,2024,2025",,,0,False,False,,,,,,
Delibera_41__5440_AttestazionePubblicazione_2.pdf,AttestazionePubblicazione,Pubblicazione e Trasparenza,,high,text,1711bf3efb021a4bdfadf3b918a7b9be6382566ef7f322452392dca9285da2c0,799,124,91,0,,,0,0,3,"2000,2026",,,0,False,False,,,,,,
Delibera_41__5440_DeliberadiGiunta_Copia_46_2026_1.pdf,Delibera,Servizi Sociali,Liquidazione,ml_predicted,text,9fdf330315267f50c182c7488a6bf70d19050d18257031f0dd1d609a25b777ee,5987,978,290,8,,,0,0,5,"2000,2026",50.0,287.5,8,True,False,cinquanta/00,,,,,
Delibera_41__allegato1774957293_3.pdf,Delibera,Contabilità,Liquidazione,high,ocr,e4f9236d0a7d007293c09bed5d05b66cb969178e597a42167ac66b9d342a0349,2620,407,202,2,,,0,0,0,"2003,2006,2026",50.0,100.0,2,True,False,,,,,,
Delibera_42__4955_AttestazionePubblicazione_3.pdf,AttestazionePubblicazione,Urbanistica,,high,text,d018c19e6d8fda9a0f23c7459559d62fb11186eaeaefbad3db497a9c53b83d9f,773,121,90,0,,,0,0,3,"2000,2025",,,0,False,False,,,,,,
Delibera_42__4955_DeliberadiConsiglio_Copia_42_2025_1.pdf,Delibera,Urbanistica,,high,text,012a4f878df46cd28a460724a209178705bb9153c17a0552b087825cb52071bd,7030,1066,456,0,,,0,0,4,"2000,2025",,,0,True,True,,,,,,
Delibera_42__4955_relazione_istruttoria_casa_albero_piani_2.pdf,Delibera,Ambiente,,high,text,a7fcede2151aa306263f6a244ff9b007c9bd9ce2cf6748f29523ca49f5cd35a0,8774,1410,494,0,,,0,0,0,"2001,2004,2011,2018,2020",,,0,True,True,,,,,,
Delibera_43__5024_AttestazionePubblicazione_2.pdf,AttestazionePubblicazione,Regolamenti,,high,text,fe59955215509152a4eaffe02e711957ad23d916a0710b4af9a644259f8c7da8,726,113,81,0,,,0,0,3,"2000,2025",,,0,False,False,,,,,,
Delibera_43__5024_DeliberadiConsiglio_Copia_43_2025_1.pdf,Delibera,Regolamenti,,high,text,2969e701d553817179781361fc4e2066d56e6d5261975a5cb3590ecf63e57524,3908,605,262,0,,,0,0,1,"2000,2025",,,0,False,False,,,,,,
Delibera_43__5431_AttestazionePubblicazione_2.pdf,AttestazionePubblicazione,Pubblicazione e Trasparenza,,high,text,871f09a63b678ecdf3b5cdf76d69b2499dd5168da90a1f801c4abd1d5aaccdfd,777,117,87,0,,,0,0,3,"2000,2026",,,0,False,False,,,,,,
Delibera_43__5431_DeliberadiGiunta_Copia_43_2026_1.pdf,Delibera,Contabilità,Bando,ml_predicted,text,c4e954ab035b35b21266501643a16717a1249007af7736aeb976d500b8189081,7860,1168,382,0,,,0,0,4,"2000,2026",,,0,False,False,,,,,,
Delibera_44__5432_AttestazionePubblicazione_2.pdf,AttestazionePubblicazione,Pubblicazione e Trasparenza,,high,text,0282c5fb4cbc7355a36757f54a8d84fa0a126111fe6f2d628367b809d9920f91,754,111,84,0,,,0,0,3,"2000,2026",,,0,False,False,,,,,,
Delibera_44__5432_DeliberadiGiunta_Copia_44_2026_1.pdf,Delibera,Servizi Sociali,,ml_predicted,text,7a529d088846b4cab0fdcdf9e048e11403d0e5d3eec060068d461d8560894e94,8796,1329,381,0,,,0,0,5,"2000,2025,2026",,,0,True,True,,,,,,
Delibera_45__5439_AttestazionePubblicazione_3.pdf,AttestazionePubblicazione,Pubblicazione e Trasparenza,,high,text,91048ea011070a62956a3b9a3eb9c53ab3272f61430424ea6275e274fca37da5,710,109,79,0,,,0,0,3,"2000,2026,2028",,,0,False,False,,,,,,
Delibera_45__5439_DeliberadiGiunta_Copia_45_2026_1.pdf,Delibera,Personale,,high,text,1cf8e7de00f3298126fcbdcd6686ba2d8b6829eba715b341d2c022e71a2900f6,16663,2653,638,0,,,0,0,5,"2000,2001,2006,2009,2011,2012,2013,2014,2015,2017,2019,2021,2022,2023,2025,2026,2028",,,0,True,True,,,,,,
Delibera_45__5439_PIAO_2026_-_2028_del_Comune_di_Avelll-A_2.pdf,Delibera,Regolamenti,Liquidazione,ml_predicted,text,6aca27f71a79457ee3a6f81a4bdcff60d6b55481c46547694c40f2f09078d953,90487,12848,2292,13,,,0,0,14,"2000,2001,2002,2005,2006,2007,2008,2009,2010,2011,2012,2013,2015,2017,2018,2019,2020,2021,2022,2023,2024,2025,2026,2027,2028",,,0,True,True,,248800641.0,,,,
Delibera_46__5419_AttestazionePubblicazione_3.pdf,AttestazionePubblicazione,Regolamenti,,high,text,1cc5f5db3359eff0ef49e7027b2fe57faa84063e859ba62309f83877521fa8f1,797,128,90,0,,,0,0,3,"2000,2004,2022,2026",,,0,False,False,,,,,,
Delibera_46__5419_DeliberadiConsiglio_Copia_13_2026_1.pdf,Delibera,Regolamenti,,high,text,89e95cf3549ef84442f73595b97bc3e5648c5dcecb261ec5dade0b72ace3e5c7,8072,1272,439,0,,,0,0,5,"2000,2004,2022,2026",,,0,True,True,,,,,,
Delibera_46__5419_REGOLAMENTO_PER_IL_FUNZIONAMENTO_DENALE_2.pdf,Delibera,Regolamenti,Nomina,high,text,be3ee6538f95add3392b6b8f6ce68f087fba9290de3c25aa9be140e49ec353d8,68107,9319,1656,0,,,0,0,0,2004,,,0,True,True,,,,,,
Delibera_47__5028_AttestazionePubblicazione_3.pdf,AttestazionePubblicazione,Regolamenti,,high,text,87e1ace64657908fc53e1631a989c5021bed989d6c5b6b124ee0d1851f5c93ba,733,111,80,0,,,0,0,3,"2000,2025",,,0,False,False,,,,,,
Delibera_47__5028_DeliberadiConsiglio_Copia_47_2025_1.pdf,Delibera,Regolamenti,,high,text,e824cd0e284c5da974dc27aa52e682b3aad81d501e49b1d8ef3d1fdc156bb824,10418,1628,563,1,,,0,0,5,"2000,2006,2011,2012,2015,2017,2025",,,0,True,True,,,,,,
Delibera_47__5441_AttestazionePubblicazione_2.pdf,AttestazionePubblicazione,Pubblicazione e Trasparenza,,high,text,fc94d2be5817567d8f076d654526fbabdc19897325d03b3d01c4056572acb6e0,722,110,82,0,,,0,0,3,"2000,2026",,,0,False,False,,,,,,
Delibera_47__5441_DeliberadiGiunta_Copia_47_2026_1.pdf,Delibera,Servizi Sociali,,ml_predicted,text,bd7bfed7e56e8c1f89bcdc386b6af6fa379234add3a80473ef26e0cf6bf3d882,7659,1220,404,2,,,0,0,7,"2000,2011,2025,2026",1.2,2.4,2,True,False,milleduecento,,,,,
Delibera_48__5029_AttestazionePubblicazione_2.pdf,AttestazionePubblicazione,Regolamenti,,high,text,f0a6474473ae9b0cf87e370d115c3111deef8b953de390e76d4add634be7e02a,680,104,79,0,,,0,0,3,"2000,2025,2026",,,0,False,False,,,,,,
Delibera_48__5029_DeliberadiConsiglio_Copia_48_2025_1.pdf,Delibera,Regolamenti,,high,text,fc08dcc7236a663235e158aec81824fa70836d156d4e38fd0a6ffa1fe5824594,8548,1369,491,0,,,0,0,8,"2000,2013,2014,2019,2020,2024,2025,2026",,,0,True,True,,,,,,
Delibera_48__5466_AttestazionePubblicazione_2.pdf,AttestazionePubblicazione,Contenzioso,Nomina,high,text,5284d264b6c0ff0c552912996dfe905470e8ffef826880adb3e59818ddce4876,790,122,92,0,,,0,0,3,"2000,2026",,,0,False,False,,,,,,
Delibera_48__5466_DeliberadiGiunta_Copia_48_2026_1.pdf,Delibera,Contenzioso,Nomina,high,text,ffd553d58efed98683d0216806a28725cf38d25982de3cac39b7405e24949da4,7529,1204,413,0,,,0,0,3,"2000,2016,2018,2023,2026,2028",,,0,True,True,,,,50/2016,,
Delibera_4922026__5538_AttestazionePubblicazione_2.pdf,AttestazionePubblicazione,Contenzioso,Nomina,high,text,ff34479ae17831d3a1cd09b387ea4f5f28537268247c3e1ac6524539088cc2ec,789,124,92,0,,,0,0,3,"2000,2026",,,0,False,False,,,,,,
Delibera_4922026__5538_DeliberadiGiunta_Copia_56_2026_1.pdf,Delibera,Contenzioso,Nomina,high,text,135e3edd48d2b45d313ee47aab1ca2249ce8d4844a5f289f4244cc4272da5ff5,8519,1393,410,0,,,0,0,5,"2000,2018,2021,2023,2026,2028",,,0,True,True,,,,36/2023,,
Delibera_49__5030_AttestazionePubblicazione_2.pdf,AttestazionePubblicazione,Regolamenti,,high,text,95094927deb82d4b69cbca99753334360de024164080d85ba980cc435916d876,711,107,81,0,,,0,0,3,"2000,2025,2026",,,0,False,False,,,,,,
Delibera_49__5030_DeliberadiConsiglio_Copia_49_2025_1.pdf,Delibera,Regolamenti,,high,text,6e6386f2a02455663587bd60f521e4832ba792af3af36ee0c422b846eddb6ca5,6218,981,388,0,,,0,0,6,"2000,2019,2024,2025,2026,2027",,,0,True,True,,,,,,
Delibera_4__5116_AttestazionePubblicazione_2.pdf,AttestazionePubblicazione,Contenzioso,,high,text,3917379309a66a91cb7e512b460412a098eef893a47a86ed686be3a1ddf4fbfd,896,142,103,0,,,0,0,3,"2000,2026",,,0,False,False,,,,,,
Delibera_4__5116_DeliberadiGiunta_Copia_4_2026_1.pdf,Delibera,Contenzioso,Nomina,high,text,e533d04568dd6a43647294099e0227b5a3d891675686c0320bfc07781e78edba,12417,1965,658,0,,,0,0,5,"2000,2005,2023,2025,2026",,,0,True,True,,,,,,
Delibera_4__5334_AttestazionePubblicazione_4.pdf,AttestazionePubblicazione,Regolamenti,,ml_predicted,text,8cef28d24d52fb89df25f1f2fb8309fd78453aee4df67d98a6e69de83ddd59ee,673,102,76,0,,,0,0,3,"2000,2026",,,0,False,False,,,,,,
Delibera_4__5334_DeliberadiConsiglio_Copia_4_2026_1.pdf,Delibera,Regolamenti,,ml_predicted,text,e962c84519e53a31d2af8227f25dca5a3dc16fbdb397f9b8970bfd630d773000,4554,719,286,0,,,0,0,5,"2000,2026",,,0,True,True,,,,,,
Delibera_4__5334_DeliberadiGiunta_Copia_21_2026_3.pdf,Delibera,Regolamenti,,ml_predicted,text,c29bf6c5a6c4383fbcefdb27dd1b7cfb64bdfd2689dace1cf47a0e29e02d6783,13598,2226,681,2,,,0,0,16,"2000,2003,2007,2008,2011,2012,2013,2014,2015,2024,2026",1298325.0,2596650.0,2,True,False,,,,,,
Delibera_4__5334_PIANO_COMUNALE_RACCOLTA_DIFFERENZIA2026_2.pdf,Delibera,Ambiente,,high,text,4f07f099a291c08235095a80709743cdcdcb7e127b37e8a560ac48c8ae93df83,19329,3036,860,56,,,0,0,1,"2011,2013,2014,2015,2018,2024,2025,2026,2027,2028",1351648.03,7986179.68,54,True,False,,,,,,
Delibera_51__5486_AttestazionePubblicazione_2.pdf,AttestazionePubblicazione,Commercio,,high,text,00529e09fbe6765427fa6972e85aae8cd6e679a6197e3d6329bde9b95ca5b259,688,107,79,0,,,0,0,3,"2000,2026",,,0,False,False,,,,,,
Delibera_51__5486_DeliberadiGiunta_Copia_51_2026_1.pdf,Delibera,Commercio,,high,text,bc988b467229c9a3eb8f545cf64b3c22b13ef4ae35668b11785e715276988457,21122,3108,721,152,,,0,0,5,"2000,2001,2003,2012,2013,2015,2020,2026",2000.0,30694.0,152,True,False,,,,,,
Delibera_52__5511_AttestazionePubblicazione_7.pdf,AttestazionePubblicazione,Regolamenti,,high,text,ab785c17b5a5cf06a1ff418c3700fe819c4b506da01e01c8c81cf937684c18ce,905,151,93,0,,,0,0,3,"2000,2011,2025,2026",,,0,False,False,,,,,,
Delibera_52__5511_attestazione_tempi_medi_di_pagamento_5.pdf,Delibera,Contabilità,Liquidazione,high,ocr,eb607680ddf11cd48b360f82f13565496ac00372977201ca43b329c77f8d4a13,806,133,102,4,,,0,0,1,"2014,2025,2026",2784902.68,2784902.68,1,True,False,,,,,,
Delibera_52__5511_DeliberadiGiunta_Copia_52_2026_1.pdf,Delibera,Regolamenti,Liquidazione,high,text,379541ebf362b22859fb05ee91858e08e4c71e319dfce71878411c6538a227ee,17836,2884,704,0,,,0,0,8,"2000,2001,2003,2011,2014,2018,2019,2025,2026,2027,2028",,,0,True,True,,,,,,
Delibera_52__5511_piano_degli_indicatori_2025_497280_4.pdf,Delibera,Personale,Liquidazione,ml_predicted,text,c6b690bc081c70a188c052ce865c556aff66624ad257f15bca95cb5dc4fed6c7,40487,7161,670,0,,,0,0,0,"2011,2016,2017,2025",,,0,True,True,,,,,,
Delibera_52__5511_Relazione_bilancio_consuntivo_2025_ale__6.pdf,Delibera,Contabilità,Liquidazione,high,text,a9b1dac78ebc9abe8f0cc0c95c1627cacf5bcf3cd806c967ada5609c73fde96d,164820,29001,3252,102,,,0,0,16,"2000,2004,2006,2007,2008,2011,2012,2013,2014,2016,2017,2018,2019,2020,2021,2022,2023,2024,2025,2026,2027,2028,2029",3449236.97,52600266.41,67,True,False,,,,,,
Delibera_52__5511_Stampa_conto_del_bilancio_2025_comp7413_2.pdf,Delibera,Contabilità,Liquidazione,high,text,d0a5d154e6e198315c6281390548d93afbabdeb2cc650cf2b94dd5dd062363e8,243640,47978,2286,5,,,0,0,52,"2000,2001,2002,2003,2011,2013,2014,2016,2017,2018,2020,2021,2023,2024,2025,2026,2027",,,0,True,True,,,,,,
Delibera_52__5511_tabellaparametri_ente_strutt-_defic7277_3.pdf,Delibera,Personale,,ml_predicted,text,4b1ed01609d2260c47ac78abbec299508936135749ba5b9d7d8942543ea8b4cb,1455,226,130,0,,,0,0,0,2025,,,0,True,True,,,,,,
Delibera_53__5512_AttestazionePubblicazione_2.pdf,AttestazionePubblicazione,Servizi Sociali,,high,text,5193700171631cc8872525003cd00f6eb7bbfeb1df787b79fb28210a22c155d0,752,116,87,0,,,0,0,3,"2000,2023,2026",,,0,False,False,,,,,,
Delibera_53__5512_DeliberadiGiunta_Copia_53_2026_1.pdf,Delibera,Servizi Sociali,,high,text,119c213f621684e97878db00a4afee3d1b9366543460eeb177a8779fa7f63dc3,6429,1002,329,1,,,0,0,5,"2000,2023,2026",49581.64,49581.64,1,True,False,,,,,,
Delibera_54__5536_AttestazionePubblicazione_2.pdf,AttestazionePubblicazione,Contenzioso,,ml_predicted,text,f58236813d08c5a80d5a222687801ee7cd1d7cc6ca2d2b188e95572377392213,793,124,93,0,,,0,0,3,"2000,2026",,,0,False,False,,,,,,
Delibera_54__5536_DeliberadiGiunta_Copia_54_2026_1.pdf,Delibera,Contenzioso,,ml_predicted,text,5bc6275b2ee49b61f00dda3db4458e6e8e8aeef4fbfcc8a788ccff70079e1036,8361,1306,390,0,,,0,0,5,"2000,2026",,,0,True,True,,,,,,
Delibera_55__5537_AttestazionePubblicazione_2.pdf,AttestazionePubblicazione,Regolamenti,,ml_predicted,text,e52bee58f2ed6c5219488385088539d3de3d3d5bd9f725ed2b94972e66801924,695,105,80,0,,,0,0,3,"2000,2026",,,0,False,False,,,,,,
Delibera_55__5537_DeliberadiGiunta_Copia_55_2026_1.pdf,Delibera,Contenzioso,,ml_predicted,text,a46dc6774266d4240f18660975f985b5d19a8455754f194972f4938e3d066879,7363,1138,373,0,,,0,0,5,"2000,2026",,,0,False,False,,,,,,
Delibera_5692025__5199_AttestazionePubblicazione_2.pdf,AttestazionePubblicazione,Contenzioso,Nomina,high,text,e900eb7a6b6f1d81c5a2f7ec8fc1dcf40874dacdd1961a1700bfe3a099731a9a,816,130,96,0,,,0,0,3,"2000,2025,2026",,,0,False,False,,,,,,
Delibera_5692025__5199_DeliberadiGiunta_Copia_12_2026_1.pdf,Delibera,Contenzioso,Nomina,high,text,74040501df8cb2ecc56a7e123922a9d5da08d6690874c50e202bf9d95055922d,9243,1532,429,0,,,0,0,5,"2000,2018,2020,2023,2025,2026,2027",,,0,True,True,,,,36/2023,,
Delibera_5692025__5200_AttestazionePubblicazione_2.pdf,AttestazionePubblicazione,Contenzioso,Nomina,high,text,a7fad6fd0da35a6e081b27c09ecf58ec1f6d6244a549f903b5eb1e8869d5f582,817,130,96,0,,,0,0,3,"2000,2025,2026",,,0,False,False,,,,,,
Delibera_5692025__5200_DeliberadiGiunta_Copia_13_2026_1.pdf,Delibera,Contenzioso,Nomina,high,text,c480a9f0ddf1f13560de65e017a2ac1fda7b58e7eae94550d3faf0056361b9b5,9290,1539,435,0,,,0,0,5,"2000,2018,2020,2023,2025,2026,2027",,,0,True,True,,,,36/2023,,
Delibera_57372025__5031_AttestazionePubblicazione_2.pdf,AttestazionePubblicazione,Contenzioso,,high,text,040b0e2b3b991f65a0a344386fe4c90ca46c3cfe8c0b8ac9daa8c65fc825d770,783,122,89,0,,,0,0,3,"2000,2025",,,0,False,False,,,,,,
Delibera_57372025__5031_DeliberadiGiunta_Copia_147_2025_1.pdf,Delibera,Contenzioso,,high,text,86855ec006c45975bb228219285832077dc01d35d553e8a5a4152c7bee15df87,8625,1390,421,0,,,0,0,5,"2000,2018,2021,2023,2025,2027",,,0,True,True,,,,36/2023,,
Delibera_57__5539_AttestazionePubblicazione_2.pdf,AttestazionePubblicazione,Contenzioso,Nomina,high,text,18a105a07a9019356ba22b9ead9b371bc2ed786e396fcb1229b708e580584b03,783,122,88,0,,,0,0,3,"2000,2026",,,0,False,False,,,,,,
Delibera_57__5539_DeliberadiGiunta_Copia_57_2026_1.pdf,Delibera,Contenzioso,Nomina,high,text,fbc6f3d7ab865a0565fd7b2ebb7898a32ee0823c2dc547d9a2df980c0cb7616e,7540,1228,379,0,,,0,0,5,"2000,2018,2023,2026,2028",,,0,True,True,,,,36/2023,,
Delibera_58__5540_AttestazionePubblicazione_2.pdf,AttestazionePubblicazione,Personale,,high,text,8120bbbbf3cc792185083dffa1c1c7fe4cd447aec4405f71a8842dd4fd3f9686,787,119,88,0,,,0,0,3,"2000,2026",,,0,False,False,,,,,,
Delibera_58__5540_DeliberadiGiunta_Copia_58_2026_1.pdf,Delibera,Personale,Nomina,high,text,13d7169d421a9b530db7da3ba55427414946527fa9f74773be87e81f9ece03cb,13077,2039,575,0,,,0,0,5,"2000,2001,2009,2013,2016,2017,2022,2024,2025,2026,2028",,,0,True,True,,,,,,
Delibera_59__5541_AttestazionePubblicazione_3.pdf,AttestazionePubblicazione,Regolamenti,,high,text,7e697d13d07b9c7749282df5f8a719486699a00dcf53192751f58a3822bffdb3,721,107,81,0,,,0,0,3,"2000,2026",,,0,False,False,,,,,,
Delibera_59__5541_DeliberadiGiunta_Copia_59_2026_1.pdf,Delibera,Regolamenti,,high,text,52de37c979fb7f1de1604bcf06743efecc22bbf8d4f0b263a9e2f6836eb257df,16478,2499,707,0,,,0,0,6,"2000,2001,2012,2019,2020,2025,2026,2028",,,0,True,True,,,,,,
Delibera_59__5541_Nuovo_Organigramma_Comunale_-_all-_A_2.pdf,Delibera,Servizi Demografici,,high,text,ebdf154f43c93c56a561d8d6d2711b39b3aeff594bee90c238338109c96b1921,2109,266,148,0,,,0,0,0,,,,0,True,True,,,,,,
Delibera_5__5118_AttestazionePubblicazione_3.pdf,AttestazionePubblicazione,Regolamenti,,ml_predicted,text,4c321ed5ca54eef79024a9da633799910720ee0959512d15df77f984ef33d835,769,117,86,0,,,0,0,3,"2000,2026",,,0,False,False,,,,,,
Delibera_5__5118_DeliberadiGiunta_Copia_5_2026_1.pdf,Delibera,Regolamenti,,ml_predicted,text,7bd69193ad415eed055baf8c0ae00022c8d1ee0f8838941d20a659c3abe68f57,6552,975,326,0,,,0,0,4,"2000,2026",,,0,True,True,,,,,,
Delibera_5__5335_AttestazionePubblicazione_5.pdf,AttestazionePubblicazione,Regolamenti,,high,text,e37ba1d929d9fc85e7d1cf1a37f8346d173c88edcf54374bdfc25e471fca6197,695,107,80,0,,,0,0,3,"2000,2026,2028",,,0,False,False,,,,,,
Delibera_5__5335_DeliberadiConsiglio_Copia_5_2026_1.pdf,Delibera,Regolamenti,,high,text,671ac290bba7cc42962c44ce0672a225cb1119583a2cac505750192d5323631c,4599,731,291,0,,,0,0,5,"2000,2026,2028",,,0,True,True,,,,,,
Delibera_5__5335_DELIBERA_DI_GIUNTA_23_2.pdf,Delibera,Regolamenti,,high,text,981634f5dc77dde34ba1632a93b17189ce335aa5dcb1b2c7402aa61112b17bf7,8265,1346,448,2,,,0,0,12,"2000,2002,2005,2006,2010,2026,2028",,,0,True,True,,,,,,
Delibera_5__5335_L_Progr_Annuale_1_3.pdf,Delibera,Lavori Pubblici,,high,text,46e0ce7b13c1b591697d81d6511540dbe7750f9e50b1f1bf87efea4219485eb4,1824,283,165,0,,,0,0,1,2026,,,0,False,False,,,,,,
Delibera_5__5335_L_Progr_Triennale_1_4.pdf,Delibera,Lavori Pubblici,Bando,high,text,738faf5f9d06b26edf6f080e70cbac88e1d0ff6d31d44b32cb8ff6d100875d35,7176,1270,425,0,,,0,0,3,"2026,2027,2028",,,0,True,True,,,,,,
Delibera_60__5221_AttestazionePubblicazione_2.pdf,AttestazionePubblicazione,Regolamenti,,high,text,4477e76c6e0cc415a8d73d9e282b7ffd4fb124a79ec9270d704492901a2090fb,1134,180,131,0,,,0,0,3,"2000,2021,2024,2026,2027",,,0,False,False,,,,,,
Delibera_60__5221_DeliberadiGiunta_Copia_19_2026_1.pdf,Delibera,Regolamenti,Bando,high,text,4d72058205c1af554a2b129042bbfe6257fa9a523a73db931b2cbc58eef35cee,9350,1504,480,2,,,0,3,6,"2000,2021,2023,2024,2026,2027",200500.0,202500.0,2,True,False,,,,,,
Delibera_60__5549_AttestazionePubblicazione_3.pdf,AttestazionePubblicazione,Pubblicazione e Trasparenza,,high,text,ba4fbc341dfa61f0f82a193919177a0f1f0a2a955cad05c71dd67e5fc521ec4f,662,103,77,0,,,0,0,3,"2000,2026",,,0,False,False,,,,,,
Delibera_60__5549_DeliberadiGiunta_Copia_60_2026_1.pdf,Delibera,Servizi Sociali,,high,text,bd67dec3b5f87bcc61902639bd78c5b45860aab59f831ebae664c2fb891b1cdf,5460,861,364,0,,,0,0,6,"2000,2004,2011,2026",,,0,False,False,,,,,,
Delibera_60__5549_doc01890720260428103035_2.pdf,Delibera,Regolamenti,,high,ocr,76f211dcf86a3e0fe99f2a3fa60254d6d96f6b71119a764ec07c7b910b257295,156248,23120,3783,3,,,1,0,82,"2001,2003,2004,2006,2009,2010,2011,2020,2022,2025,2026",,,0,True,True,,,,,,
Delibera_60__allegato1770900632_3.pdf,Delibera,Regolamenti,Bando,ml_predicted,text,0d4fcbbefbc3f5f6c299b613abf1f55347eb14ca5357747af8a30969c121cc2e,13827,2070,574,1,,J44D25003290007,0,2,0,"2021,2024,2025,2026,2027",200500.0,200500.0,1,True,False,,,,,,
Delibera_60__allegato1770900640_4.pdf,Delibera,Affari Generali,Bando,ml_predicted,text,cd01466a93f0f9e20d54b3e3e08a0ee563b87620c428b4f74e1c9a77b7cf7ed5,3448,522,216,0,,J44D25003290007,0,1,0,"2021,2024,2026,2027",,,0,True,True,,,,,,
Delibera_61__5605_AttestazionePubblicazione_2.pdf,AttestazionePubblicazione,Contenzioso,,high,text,b40abc6e8f72571e7f05fef79ab7df308d8653cb1a9ffcfe5189177d2ffe5b14,877,132,98,0,,,0,0,3,"2000,2026",,,0,False,False,,,,,,
Delibera_61__5605_DeliberadiGiunta_Copia_61_2026_1.pdf,Delibera,Contenzioso,,high,text,8d5372e372e22d0afac96dbeb9bd64bd2386456fed064e490b99ee1814c70c1d,9083,1379,386,0,,,0,0,4,"2000,2026",,,0,False,False,,,,,,
Delibera_62__5607_AttestazionePubblicazione_6.pdf,AttestazionePubblicazione,Pubblicazione e Trasparenza,,high,text,65500d3a9513aa290f87e2eef1cf791c09f3078e8f744e64b7a75f5614d32f53,753,116,85,0,,,0,0,3,"2000,2026",,,0,False,False,,,,,,
Delibera_62__5607_DeliberadiGiunta_Copia_62_2026_1.pdf,Delibera,Servizi Sociali,,high,text,e07efba026ba9e5d76877c6c159354518cbb16dbff52e4987a8e24acb89448bc,7168,1097,339,0,,,0,0,4,"2000,2026",,,0,True,True,,,,,,
Delibera_63__5608_AttestazionePubblicazione_3.pdf,AttestazionePubblicazione,Commercio,,ml_predicted,text,68ef4a7e1801bafc7a15711d3236b8ea6dc14825a3dfa531c29b273bf91223ec,798,122,88,0,,,0,0,3,"2000,2026",,,0,False,False,,,,,,
Delibera_63__5608_DeliberadiGiunta_Copia_63_2026_1.pdf,Delibera,Commercio,Nomina,ml_predicted,text,83f020362d2527744a940d803b49aa10c7724d9252265b9cab6514050852a712,8094,1231,381,0,,,0,0,5,"2000,2026",,,0,False,False,,,,,,
Delibera_63__5608_Protocollo_dintesa_Il_Cammino_Santacato_2.pdf,Delibera,Regolamenti,Nomina,ml_predicted,text,4a0c2d4b80d077873dbada90a1f858209922111f9ce5eda87754226c909e8e31,12982,1696,553,0,,,0,0,5,"2014,2026",,,0,False,False,,,,,,
Delibera_64__5609_AttestazionePubblicazione_2.pdf,AttestazionePubblicazione,Contenzioso,,ml_predicted,text,6777ab398584196f0fd057853060b66eb752c45d62cb7adf2e87a2136bb7addf,844,127,94,0,,,0,0,3,"2000,2026",,,0,False,False,,,,,,
Delibera_64__5609_DeliberadiGiunta_Copia_64_2026_1.pdf,Delibera,Cultura e Turismo,,high,text,b575e1114150a1b422fe91124d2d3b350b1a01f10c020d66918056b9cf55852c,7826,1217,347,0,,,0,0,5,"2000,2017,2025,2026",,,0,False,False,,,,,,
Delibera_66__5627_AttestazionePubblicazione_2.pdf,AttestazionePubblicazione,Pubblicazione e Trasparenza,,high,text,168ecdf9d51fd15c5fd7061edc58d91d09a35f11f648a3fe0d21a22263eec632,716,109,79,0,,,0,0,3,"2000,2026",,,0,False,False,,,,,,
Delibera_66__5627_DeliberadiGiunta_Copia_66_2026_1.pdf,Delibera,Commercio,,ml_predicted,text,ea8729956aaad7f717b856ca7e8132fd16e5b8810b317f7657b42ea91a13eb25,6790,1027,346,1,,,0,0,5,"2000,2026",60000000.0,60000000.0,1,True,False,,,,,,
Delibera_67__5628_AttestazionePubblicazione_2.pdf,AttestazionePubblicazione,Pubblicazione e Trasparenza,,high,text,d2064f6a4560777e8a77bb59f674fb13628c33d4a1b6b5359d6e001ca49162ac,708,109,77,0,,,0,0,3,"2000,2026",,,0,False,False,,,,,,
Delibera_67__5628_DeliberadiGiunta_Copia_67_2026_1.pdf,Delibera,Commercio,,ml_predicted,text,22300b0deb8c62195a13dd0867aaa2b946f067df8b0574d2410471364fd831a4,7045,1069,332,0,,,0,0,5,"2000,2026",,,0,False,False,,,,,,
Delibera_68__5640_AttestazionePubblicazione_2.pdf,AttestazionePubblicazione,Servizi Sociali,,ml_predicted,text,482c32bf805a5e13aed3559de4087ae1c4095c9e473fc680acee1efb8e6c6f23,773,120,83,0,,,0,0,3,"2000,2026",,,0,False,False,,,,,,
Delibera_68__5640_DeliberadiGiunta_Copia_68_2026_1.pdf,Delibera,Contenzioso,,ml_predicted,text,ad726545fc1c6c300e218cb790973683e3adda46bb65e817f03ec44e8b1647a5,7434,1158,353,0,,,0,0,5,"2000,2026",,,0,True,True,,,,,,
Delibera_69__5676_AttestazionePubblicazione_2.pdf,AttestazionePubblicazione,Pubblicazione e Trasparenza,,high,text,ce30ddecb81891cc246704f3cd7b764ceca63e28cc9bffe00a256367c5011d3a,694,106,80,0,,,0,0,3,"2000,2026",,,0,False,False,,,,,,
Delibera_69__5676_DeliberadiGiunta_Copia_69_2026_1.pdf,Delibera,Servizi Sociali,,ml_predicted,text,d3c52040a44fafcb98418266f09ea1939b53c4d9a3065c9ab4998aa79c3e34e4,6572,989,363,0,,,0,0,4,"2000,2026",,,0,False,False,,,,,,
Delibera_6__5124_AttestazionePubblicazione_2.pdf,AttestazionePubblicazione,Pubblicazione e Trasparenza,,high,text,bba0267a480ed787513526d528ee641ec89b8db3279a9619096f6278903ab995,724,114,85,0,,,0,0,3,"2000,2026",,,0,False,False,,,,,,
Delibera_6__5124_DeliberadiGiunta_Copia_6_2026_1.pdf,Delibera,Servizi Sociali,Liquidazione,high,text,dd0e440b99d0a770140672ed71a30dc8c009fd3e328675d17888ccf4c96de834,11659,1842,459,16,,,0,0,8,"2000,2001,2026",30.0,124.2,16,True,False,,,,,,
Delibera_6__5336_AttestazionePubblicazione_4.pdf,AttestazionePubblicazione,Pubblicazione e Trasparenza,,high,text,ca896f080919856998c78a2f69f2dbb56e8f2a8898a8ac658d205341f6effed3,662,102,76,0,,,0,0,3,"2000,2026,2028",,,0,False,False,,,,,,
Delibera_6__5336_DeliberadiConsiglio_Copia_6_2026_1.pdf,Delibera,Regolamenti,,ml_predicted,text,30daf6107684a9463d5809e07feacc278408f2d7f99626a973fff2d0ad40efb7,4665,748,293,0,,,0,0,5,"2000,2023,2026,2028",,,0,True,True,,,,36/2023,,
Delibera_6__5336_DeliberadiGiunta_Copia_24_2026_3.pdf,Delibera,Servizi Sociali,,ml_predicted,text,22e4d4efb0ab24e92289a84e7d092f97eaf858ef5af238d77b965bbf507973b0,11506,1823,487,4,,,0,0,5,"2000,2011,2014,2015,2016,2017,2018,2019,2023,2026,2028",,,0,True,True,,,,36/2023,,
Delibera_6__5336_SF_Progr_Triennale_420026_2.pdf,Delibera,Contabilità,,ml_predicted,text,24bc34b67d906fce9a7610771c6adeed37786725dd18b70546e5cb1b26534a99,3299,578,226,0,,,0,0,2,"2026,2027,2028",,,0,True,True,,,,,,
Delibera_70__5677_AttestazionePubblicazione_2.pdf,AttestazionePubblicazione,Pubblicazione e Trasparenza,,high,text,98277e47f043cae1c33a5bf5221c11cbfdee5ab9e97866e98d26ecbe8b1c9e62,720,110,82,0,,,0,0,3,"2000,2026,2027,2029",,,0,False,False,,,,,,
Delibera_70__5677_DeliberadiGiunta_Copia_70_2026_1.pdf,Delibera,Servizi Sociali,Nomina,high,text,599e9d27b972a312de98adb90e8b3deafc04422b255adc0186f4ac14f47ee18b,10058,1568,505,3,,,0,0,6,"2000,2007,2023,2026,2027,2028,2029",4900.0,14700.0,3,True,False,quattromilanovecento/00,,,,,
Delibera_7__5125_AttestazionePubblicazione_2.pdf,AttestazionePubblicazione,Pubblicazione e Trasparenza,,high,text,a400b50fe148fdc8587ccfdf1a7fb292b4f88a84170ec8ad9563be0651181e23,752,118,87,0,,,0,0,3,"2000,2026",,,0,False,False,,,,,,
Delibera_7__5125_DeliberadiGiunta_Copia_7_2026_1.pdf,Delibera,Servizi Sociali,,ml_predicted,text,5bd4ff04d6414f02fa0d3911efb7257be9c57b5f63b8e00f8d7ac4f655de267a,27903,4506,1045,24,,,0,0,13,"2000,2001,2006,2007,2008,2010,2011,2012,2013,2014,2026,2088",60000.0,492000.0,23,True,False,,,,,,
Delibera_7__5337_AttestazionePubblicazione_2.pdf,AttestazionePubblicazione,Regolamenti,,high,text,9ae22546321587ac0d52e7fafaecf86defea52e8c77e7199395fbbc29eed6df5,668,102,76,0,,,0,0,3,"2000,2026",,,0,False,False,,,,,,
Delibera_7__5337_DeliberadiConsiglio_Copia_7_2026_1.pdf,Delibera,Regolamenti,,high,text,00b9e2509305b4103ced7032113401843179266823336680726e2f004cff8d34,9903,1654,648,4,,,0,0,13,"2000,2011,2013,2014,2019,2020,2021,2026,2029",,,0,True,True,,,,,,
Delibera_87__5218_Allegato_A_2.pdf,Delibera,Cultura e Turismo,Liquidazione,high,text,c9096bfcbd38191459b6903f8781fef9318c73b8b50abb0a4ad4a6109f50f125,5337,755,366,10,,,0,0,0,,50.0,78.0,4,True,False,,,,,,
Delibera_87__5218_AttestazionePubblicazione_3.pdf,AttestazionePubblicazione,Regolamenti,,high,text,d1482b5a0d3a84c152db608940502dba6b19d0cf577a282f3190c0473460465b,822,127,92,0,,,0,0,3,"2000,2017,2026",,,0,False,False,,,,,,
Delibera_87__5218_DeliberadiGiunta_Copia_18_2026_1.pdf,Delibera,Regolamenti,,high,text,0042c18fae5b58b579adc2246346a6eb5a03ec9d0d36dac13ed48829734f6f55,8506,1331,395,0,,,0,0,3,"2000,2014,2017,2026",,,0,True,True,,,,,,
Delibera_8__5338_AttestazionePubblicazione_3.pdf,AttestazionePubblicazione,Regolamenti,,high,text,6d38b9b5b34406e631793a6463aa84e6fb67e350c42fa45dc76c7774cdf1a894,655,104,76,0,,,0,0,3,"2000,2026,2028",,,0,False,False,,,,,,
Delibera_8__5338_DeliberadiConsiglio_Copia_8_2026_1.pdf,Delibera,Regolamenti,,high,text,63842eac1fd8653aec18d2639b5f080592a712295a7fb028cfea573ccaa4be07,9308,1502,494,2,,,0,0,12,"2000,2001,2008,2011,2015,2016,2023,2024,2026,2028",,,0,True,True,,,,36/2023,,
Delibera_8__5338_Relazione_DUP_2026_2028_2.pdf,Delibera,Regolamenti,Liquidazione,high,text,c7a448833bd064fd1b0c6085c90802fdb4b5cfc6638f7def07ef2c50cd37675f,93974,16454,2366,4,,,0,0,29,"2000,2001,2002,2003,2004,2005,2006,2007,2008,2009,2010,2011,2012,2013,2014,2015,2016,2017,2018,2019,2020,2021,2022,2023,2024,2025,2026,2027,2028,2042,2043,2044,2045,2046,2051",1298325.0,126000.83,4,True,False,previsione meno fondo,,,,,
Delibera_9__5207_AttestazionePubblicazione_2.pdf,AttestazionePubblicazione,Regolamenti,,high,text,1ac9e0c1e39c2a62cba2cd245e523d8d173c8096fdac94cb1e8df6b4a8447964,729,110,83,0,,J27H24002020004,0,1,3,"2000,2026",,,0,False,False,,,,,,
Delibera_9__5207_DeliberadiGiunta_Copia_9_2026_1.pdf,Delibera,Regolamenti,,high,text,7a4f738d543565aac3a6be68f390809f0adcf5b2fd4680dc606018227801ef62,7761,1251,474,8,,J27H24002020004,0,4,9,"2000,2001,2016,2024,2025,2026",172466.62,990451.45,7,True,False,,,,50/2016,,
Delibera_9__5339_AttestazionePubblicazione_5.pdf,AttestazionePubblicazione,Regolamenti,,high,text,46025c0428d6246e4e80fbea223c9db4ea31ff1493e4137023133b29090bb257,705,109,79,0,,,0,0,3,"2000,2026,2028",,,0,False,False,,,,,,
Delibera_9__5339_DeliberadiConsiglio_Copia_9_2026_1.pdf,Delibera,Regolamenti,,high,text,6d00f2cf5267b25c27bfc981e1e90d2ee136d2cbd935f448e1f4d4a6f49d9fee,10110,1623,505,0,,,0,0,7,"2000,2009,2011,2012,2014,2018,2019,2024,2025,2026,2028",,,0,True,True,,,,,,
Delibera_9__5339_parere_su_bilancio_4.pdf,Delibera,Affari Generali,Liquidazione,high,ocr,eafe6ae27c8cddd6f75d86ab11271d4fe2f174bb729d2efd4aa50ab7190a6145,44766,7285,1879,23,,,0,0,18,"2000,2001,2007,2008,2009,2010,2011,2012,2013,2014,2015,2016,2018,2019,2020,2021,2022,2023,2024,2025,2026,2027,2028,2029,2070",52022695.23,92791472.34,14,True,False,previsione meno fondo,,,,,
Delibera_9__5339_Relazione_nota_integrativa_2026_401786_3.pdf,Delibera,Contenzioso,Liquidazione,high,text,6d653a91234ab8e019ad7e6e9df2e8411fb64e313a0b0eb15f95291f067ff80d,55863,10147,1778,4,,,0,0,9,"2000,2003,2008,2011,2012,2014,2015,2016,2019,2020,2021,2022,2023,2024,2025,2026,2027,2028",208234.05,453960.0,3,True,False,,,,50/2016,,
Delibera_9__5339_Stampa_bilancio_di_previsione_2026-2028_2.pdf,Delibera,Contabilità,Liquidazione,high,text,cae3d0ad5f33da835b2ecb4fc41d0c2995d49035aae25502863a7bf75e6e497d,267731,51878,2249,5,,,0,0,141,"2000,2001,2002,2003,2011,2012,2013,2014,2015,2016,2017,2018,2019,2020,2023,2024,2025,2026,2027,2028",,,0,True,True,,,,,,
Determinazione_012026__5373_DeterminadiLiquidazione_Copia_185_2026_1.pdf,Determinazione,Contabilità,Liquidazione,high,text,9a0781f9ae3188dd46a57147c29ecbcc547d241d0f37d22a493469d9328f1d10,15674,2536,713,8,,E99J21007460005,1,5,10,"2000,2001,2010,2014,2016,2018,2020,2021,2022,2023,2025,2026,2028",11208.46,11208.46,3,True,False,,2888150642.0,,50/2016,,
Determinazione_012026__5373_VistoContabile_2.pdf,VistoContabile,Contabilità,Liquidazione,high,text,e74f0e381f20f7a0dcf1b84bd452f1389aedb01112b7f5d82a3b732fe0dc2e7e,1247,199,121,3,,,1,1,1,"2000,2025,2026",11208.46,11208.46,3,True,False,,2888150642.0,,,,
Determinazione_01__5489_DeterminadiImpegnoeLiquidazione_Cop2026_1.pdf,Determinazione,Contabilità,Liquidazione,high,text,cbe4a9bcef432a4e12c51b1fac867fb9fe656c50952f0b638632ea39cbc47351,5313,871,332,6,Z723C65958,,3,1,13,"2000,2023,2024,2025,2026",4500.0,9990.0,6,True,False,,6068961009.0,,,,
Determinazione_01__5489_VistoContabile_2.pdf,VistoContabile,Contabilità,Liquidazione,high,text,342dce017bbab4cbcba0cda3a8c575eabccf91f08a3cc6060d87c8acf0a9337a,1314,215,129,3,Z723C65958,,1,1,1,"2000,2026",1830.0,1830.0,3,True,False,,,,,,
Determinazione_0500025211000000000203115__5053_DeterminaGenerica_Copia_768_2025_1.pdf,Determinazione,Regolamenti,Bando,high,text,b04bf38f615866f1d4eb23380c9f4647aa177de914438cd615d99e63e1aad531,10236,1597,517,0,,,0,0,13,"2000,2013,2015,2018,2021,2023,2024,2025,2026",,,0,True,True,,5416430659.0,,36/2023,,
Determinazione_0500025211000000000207326__5163_DeterminaGenerica_Copia_71_2026_1.pdf,Determinazione,Regolamenti,Bando,high,text,d775c61fcf87b65e9b564e1c25532e73bd898a87eaba6cfd1159b360dfdf07e5,9502,1496,513,0,,,0,0,16,"2000,2013,2015,2018,2021,2023,2024,2025,2026",,,0,True,True,,5416430659.0,,36/2023,,
Determinazione_092025__5069_DeterminadiLiquidazione_Copia_7_2026_1.pdf,Determinazione,Contabilità,Liquidazione,high,text,0b315a6e86023be4de0fa7fac9cae1a0df88a71eb0966660b3041ce35ea3b5cc,15587,2532,710,9,,E99J21007460005,1,5,10,"2000,2001,2010,2014,2016,2018,2020,2021,2022,2023,2025,2026,2027",31932.0,42388.0,3,True,False,,2888150642.0,,50/2016,,
Determinazione_092025__5069_VistoContabile_2.pdf,VistoContabile,Contabilità,Liquidazione,high,text,e058d1a5ecf4642c6587f0f2c55670130a2c967ffe3c9d76d9fddd5cdaa586f1,1414,225,124,3,,,1,1,1,"2000,2025,2026",31932.0,42388.0,3,True,False,,2888150642.0,,,,
Determinazione_100__4962_DeterminadiImpegno_Copia_703_2025_1.pdf,Determinazione,Regolamenti,Liquidazione,high,text,2a7c8a1216ec424053a41525ffdea494c9b5ee356cc273e9cc06494054614560,13359,2177,640,12,B96310A83E,,2,1,12,"2000,2006,2009,2010,2011,2013,2014,2022,2023,2024,2025",330.0,6590.0,8,True,False,,1952920641.0,,36/2023,,
Determinazione_100__4962_VistoContabile_2.pdf,VistoContabile,Contabilità,,high,text,0230fd27390593c05bc9f6fa2bdeba9ace9f711f0491f2561dcd12dd78c11d90,1266,202,123,3,B96310A83E,,1,1,1,"2000,2025",330.0,330.0,3,True,False,,1857520000.0,,,,Partita IVA 01857520000 formalmente errata (Checksum fallito)
Determinazione_100__5087_DeterminadiLiquidazione_Copia_15_2026_1.pdf,Determinazione,Contabilità,Liquidazione,high,text,c39dc6df86ff531e7b63ef4f95199eead63b0a7438e8a62f07f3563eea614585,4954,800,282,6,B96310A83E,,3,1,10,"2000,2024,2025,2026",330.0,1320.0,6,True,False,,1952920641.0,,,,
Determinazione_100__5087_VistoContabile_2.pdf,VistoContabile,Contabilità,Liquidazione,high,text,603e9d76183a91200ddb014870cb97423ee28790f73671743b88197c939b1690,1411,222,131,3,B96310A83E,,1,1,1,"2000,2025,2026",330.0,330.0,3,True,False,,1857520000.0,,,,Partita IVA 01857520000 formalmente errata (Checksum fallito)
Determinazione_103__5236_DeterminadiLiquidazione_Copia_103_2026_1.pdf,Determinazione,Contabilità,Liquidazione,high,text,c6919acffea68b9990729bf21b381c6e310b27ca9aa8e86ab382d5fbe579f8ed,5718,925,336,7,BA3583CACB,,3,1,12,"2000,2014,2016,2025,2026",650.0,2360.0,7,True,False,IVA,2629520640.0,,50/2016,,
Determinazione_103__5236_VistoContabile_2.pdf,VistoContabile,Contabilità,Liquidazione,high,text,3cc5765d1cbdf57773cbaa90c688e8ae1ce2811a8fe767d9bd5681ac5099810a,1446,224,134,3,BA3583CACB,,1,1,1,"2000,2026",650.0,650.0,3,True,False,,2629520640.0,,,,
Determinazione_105__5241_AVVISO_Dl_SELEZIONE_PER_LE_PROGRESS_-_C_2.pdf,Determinazione,Personale,Concorso,high,text,9800394e35111e1805352e38a2ec2ba500471ab250577b01b5c5b6e3a135c670,17596,2596,817,0,,,0,0,0,"2000,2003,2009,2016,2022,2023,2024,2025,2026",,,0,True,True,,,,,,
Determinazione_105__5241_DeterminaGenerica_Copia_105_2026_1.pdf,Determinazione,Personale,Bando,high,text,f7de3cfb551beaec396e4b27ee877aab9701bd939906bd45a1d50597e834ffeb,10516,1661,518,0,,,0,0,9,"2000,2001,2009,2012,2019,2021,2022,2025,2026",,,0,True,True,,,,,,
Determinazione_106__5245_DeterminadiLiquidazione_Copia_106_2026_1.pdf,Determinazione,Contabilità,Liquidazione,high,text,c87a7ce8381717e881fed6e9a4a7c09ad28470128253ad3a6d71f30bc865391c,12227,2007,585,13,7564700BE9,,2,1,14,"2000,2012,2016,2017,2018,2019,2022,2023,2024,2025,2026",215390.63,272149.55,13,True,False,,3023240645.0,,50/2016,,
Determinazione_106__5245_VistoContabile_2.pdf,VistoContabile,Contabilità,Liquidazione,high,text,084a6c604eef0974d83d9dfc93c3b19c8873a6ba4f01465403af1c573917a1b1,1366,222,126,3,7564700BE9,,1,1,1,"2000,2026",2734.56,2734.56,3,True,False,,3023240645.0,,,,
Determinazione_107__5243_DeterminadiLiquidazione_Copia_107_2026_1.pdf,Determinazione,Contabilità,Liquidazione,high,text,70a00e36d5119ea7bc8948c0b37adcf7fb53e69c09e5db587cb741019237f5b0,9688,1618,464,19,B101CE0601,,6,4,17,"2000,2012,2013,2017,2022,2023,2024,2025,2026",11123.58,23409.5,13,True,False,,1430581213.0,,,,
Determinazione_107__5243_VistoContabile_2.pdf,VistoContabile,Contabilità,Liquidazione,high,text,cb8d2bf2c31fb711bb284007ea337b1b1d7925773906d018c966f9a87b12bd99,3349,521,167,12,B101CE0601,,5,4,1,"2000,2022,2024,2025,2026",11123.58,18949.01,12,True,False,,1430581213.0,,,,
Determinazione_108__5246_DeterminadiLiquidazione_Copia_108_2026_1.pdf,Determinazione,Contabilità,Liquidazione,high,text,6bc70cbff080cb51f199252380e706d5f328a2f3c2765702b9b1ebb7948a27b3,7651,1270,442,8,7584472849,,2,1,15,"2000,2012,2014,2015,2016,2017,2018,2019,2026,2073",2260829.45,1649753.91,7,True,False,,2275820641.0,,50/2016,,
Determinazione_108__5246_VistoContabile_2.pdf,VistoContabile,Contabilità,Liquidazione,high,text,c9102e5979dc035638611ebefa518c538ec67c228ab9c06b6eb82886bea3292a,1369,214,128,3,,,1,1,1,"2000,2026,2073",41244.97,41244.97,3,True,False,,2275820641.0,,,,
Determinazione_109__5247_DeterminadiLiquidazione_Copia_109_2026_1.pdf,Determinazione,Contabilità,Liquidazione,high,text,23a25d4f950c99f2a052cde00a35c6f168a0cd8699e8c3fca2522786351f5937,6296,1055,353,5,62754411BD,,2,1,12,"2000,2012,2014,2015,2026,2073",15860.0,47580.0,5,True,False,,2275820641.0,,,,
Determinazione_109__5247_VistoContabile_2.pdf,VistoContabile,Contabilità,Liquidazione,high,text,e8fa44f976a0be9ab7437e350c1a858e7336fd21e1b20a4f70c6c9d2de24e462,1282,204,117,3,,,1,1,1,"2000,2026,2073",15860.0,15860.0,3,True,False,,2275820641.0,,,,
Determinazione_10__5075_DeterminadiLiquidazione_Copia_10_2026_1.pdf,Determinazione,Contabilità,Liquidazione,ml_predicted,text,01e41af2a92b75c2c6dfd359b9de13da26f59601823d7640508150bf4a5e059a,11160,1803,610,11,B12A6AAF0E,,4,1,11,"2000,2001,2006,2010,2023,2024,2025,2026",1798.65,1798.65,3,True,False,,3543000370.0,,36/2023,,
Determinazione_10__5075_VistoContabile_2.pdf,VistoContabile,Contabilità,Liquidazione,high,text,8e99b103a81e753bff01f4bcece319030e01b76eecb9cfb843e863cf24b94876,1357,224,134,3,B12A6AAF0E,,1,1,2,"2000,2024,2025,2026",1798.65,1798.65,3,True,False,,3543000370.0,,,,
Determinazione_110__5248_DeterminadiImpegno_Copia_110_2026_1.pdf,Determinazione,Regolamenti,Liquidazione,high,text,ba7654cd1d85753b09c774c4c06925776b3e7e9719e5d9b6c80e43dd4632b1a7,11633,1911,566,8,BA3F16C4DE,22E220003400004,3,1,10,"2000,2009,2010,2011,2012,2013,2014,2016,2022,2023,2025,2026",342257.2,362994.54,6,True,False,,2896900640.0,,36/2023,,
Determinazione_110__5248_VistoContabile_2.pdf,VistoContabile,Contabilità,,high,text,d344537fbca005c96cd8ebe16656fcc55776c4d92ee88548772a7b440ad4cc33,1169,192,127,3,BA3F16C4DE,22E220003400004,1,1,1,"2000,2023,2026",5939.12,10938.52,3,True,False,,2896900640.0,,,,
Determinazione_111__5249_DeterminaGenerica_Copia_111_2026_1.pdf,Determinazione,Regolamenti,Bando,high,text,173158b2aba2bd94c6d4f3aa8f3dff90152d714c6b962b481b742870dfea7d86,11078,1809,579,9,B15FFA314D,,1,1,13,"2000,2012,2020,2022,2023,2024,2025,2026",342257.77,1573094.01,8,True,False,,2761730643.0,,36/2023,,
Determinazione_111__5249_VistoContabile_2.pdf,VistoContabile,Contabilità,,high,text,16b7185836e81c427425e0e89373e2fc5458fdf90f908b90723448258cef1403,525,98,57,0,,,0,0,1,"2000,2026",,,0,True,False,,,,,,
Determinazione_112__5250_DeterminadiLiquidazione_Copia_112_2026_1.pdf,Determinazione,Contabilità,Liquidazione,high,text,dc95265fe1c5277be9c7662896777d2560af357797f7d8f8bf1cefb8d106a05c,8077,1372,447,4,B101CE0601,,4,1,21,"2000,2012,2019,2020,2022,2024,2025,2026",11123.58,16737.18,4,True,False,IVA compresa,4416310615.0,,,,
Determinazione_112__5250_VistoContabile_2.pdf,VistoContabile,Contabilità,Liquidazione,high,text,e9463533548ec1f1e2605a493793d8937f3841adbfddd7a994436105fed9806e,1386,224,142,3,B621693865,,2,1,1,"2000,2022,2025,2026",11123.58,11123.58,3,True,False,,4416310615.0,,,,
Determinazione_113__5253_DeterminadiLiquidazione_Copia_113_2026_1.pdf,Determinazione,Contabilità,Liquidazione,high,text,334a516c38dcc64f6e46f0f0dede867db55d556bb10e6797ee697a396e66c03a,10614,1754,525,16,BA44DF40D4,,3,2,10,"2000,2009,2010,2011,2012,2013,2023,2025,2026",3500.0,20368.85,14,True,False,,2757270646.0,,36/2023,,
Determinazione_113__5253_VistoContabile_2.pdf,VistoContabile,Contabilità,Liquidazione,high,text,034c0deba73d3b14b65b89018133a8f0aee8b7df1d6a3831f047e44875c59721,1893,288,118,6,,,2,2,1,"2000,2025,2026",2000.0,3500.0,6,True,False,,2757270646.0,,,,
Determinazione_114__5254_DeterminadiImpegno_Copia_114_2026_1.pdf,Determinazione,Contabilità,Liquidazione,ml_predicted,text,5cab730dee004b9540d42b306d06524cc8000ee4c1f73201fa96e6cac97e360a,19815,3121,805,13,BA3EB93182,J29D24000270001,4,6,11,"2000,2006,2009,2010,2012,2013,2014,2016,2022,2023,2024,2025,2026",24400.0,182600.0,11,True,False,,2989240649.0,,36/2023,,
Determinazione_114__5254_VistoContabile_2.pdf,VistoContabile,Contabilità,,high,text,4880e6f68d96b1bb34f89ab68b3b6ac2dc4f86f4b3bfc04315187e14ef4ce5c9,1219,202,128,3,BA3EB93182,J29D24000270001,1,1,1,"2000,2023,2024,2025,2026",24400.0,24400.0,3,True,False,,,,,,
Determinazione_115__5255_DeterminadiImpegno_Copia_115_2026_1.pdf,Determinazione,Ambiente,Liquidazione,ml_predicted,text,c8613b8791a80769ceb8e279e6b9e184f0319c76a5f1e6cc8c2e908918b4724a,20369,3211,798,17,BA3ED7B437,J27B23000020001,5,7,14,"2000,2006,2009,2010,2012,2013,2014,2022,2023,2024,2025,2026",495315.0,878231.02,16,True,False,,2989240649.0,,36/2023,,
Determinazione_115__5255_VistoContabile_2.pdf,VistoContabile,Contabilità,,high,text,dd68db95d60058c2f69ab65743799445cae81dfe056c78eb867b980d5c241f1d,2039,324,148,6,,J27B23000020001,2,2,2,"2000,2024,2025,2026",135615.22,186416.02,6,True,False,,2989240649.0,,,,
Determinazione_116__5256_DeterminadiImpegno_Copia_116_2026_1.pdf,Determinazione,Contabilità,Liquidazione,ml_predicted,text,ad85f0180ba82cc716b1b3cd5832decceb8d4edbe714f516df38c4b5e63bbdd5,20545,3225,796,17,BA3EE83E10,J27B23000010001,5,7,13,"2000,2006,2009,2010,2012,2013,2014,2022,2023,2024,2025,2026",102645.47,321397.07,15,True,False,,2989240649.0,,36/2023,,
Determinazione_116__5256_VistoContabile_2.pdf,VistoContabile,Contabilità,,high,text,bc851b0843fbb95f0718f9d5a4ad1d4e96ba7fad490d298179e5a74cbe2a4312,2088,330,153,6,,J27B23000010001,2,2,2,"2000,2024,2025,2026",102645.47,149523.97,6,True,False,,2989240649.0,,,,
Determinazione_118__5263_DeterminadiImpegno_Copia_118_2026_1.pdf,Determinazione,Contabilità,Bando,ml_predicted,text,da5b84371165f9436df87cb93d382756eee0881a7418c0f0a12bbac0673dd102,10502,1705,477,15,,J22E22000340004,3,5,13,"2000,2016,2022,2023,2024,2025,2026",342257.2,1088100.58,14,True,False,,2761730643.0,,36/2023,,
Determinazione_118__5263_VistoContabile_2.pdf,VistoContabile,Contabilità,,high,text,ddcef788e054a7cbfd12057d192732691fb52ed9fcf7a99dcf5a8a634594ce9d,2279,353,124,9,,22E220003400004,3,3,1,"2000,2023,2026",45959.78,101908.68,9,True,False,,,,,,
Determinazione_119__5266_DeterminadiImpegno_Copia_119_2026_1.pdf,Determinazione,Contabilità,Bando,ml_predicted,text,df3d321a3c7e2bc33e73b84a0301dae791f68e2b1673917299dd4a18c62b2ae9,10754,1767,501,6,,J25E24000050006,1,4,12,"2000,2016,2023,2024,2025,2026",734955734.85,734976314.85,5,True,False,,,,36/2023,,
Determinazione_119__5266_VistoContabile_2.pdf,VistoContabile,Contabilità,,high,text,d2cb1ce1b2fcc1c0827565050e3d8ed0416a575a0501213661bb26eebb707ec7,1186,202,119,3,,,1,1,1,"2000,2026",10290.0,10290.0,3,True,False,,,,,,
Determinazione_12026__5099_DeterminadiLiquidazione_Copia_24_2026_1.pdf,Determinazione,Contabilità,Liquidazione,high,text,44e5f80bce8360b482392398cbd9259e224b6e98df3ae5c9c6196637f7b13c0e,16610,2595,745,11,,E99J21007460005,1,4,27,"2000,2001,2012,2014,2016,2018,2020,2021,2022,2023,2025,2026",115098.69,238796.92,11,True,False,,3036570640.0,,50/2016,,
Determinazione_12026__5099_VistoContabile_2.pdf,VistoContabile,Contabilità,Liquidazione,high,text,ee6251c7ab2246730bbcfa913b280bff36fc184fb7db02303f764016bd97178f,1474,234,141,3,,E99J21007460005,1,1,2,"2000,2025,2026",31932.0,37652.0,3,True,False,,3036570640.0,,,,
Determinazione_120__5267_DeterminadiImpegno_Copia_120_2026_1.pdf,Determinazione,Contabilità,Nomina,ml_predicted,text,a4b135eb93bf71cd61cc721a3a759f5f85223baa8d902eda456e9c7f0b47da55,10979,1743,499,6,,J27B23000010001,1,4,14,"2000,2016,2022,2023,2024,2025,2026",498552.0,166440.66999999998,5,True,False,,,,36/2023,,
Determinazione_120__5267_VistoContabile_2.pdf,VistoContabile,Contabilità,,high,text,1ec3d2cf729a16d3fcc519600e57176df317c7339c9388728b15255abec7d616,1167,191,126,3,,J27B23000010001,1,1,1,"2000,2025,2026",102645.47,109615.47,3,True,False,,,,,,
Determinazione_121__5268_DeterminadiImpegno_Copia_121_2026_1.pdf,Determinazione,Contabilità,Nomina,ml_predicted,text,ae5b382c55883520f738562cd8c532bc020d436539f04ee0ddb1f72e68c90c63,10864,1731,498,6,,J27B23000020001,1,4,14,"2000,2016,2022,2023,2024,2025,2026",544846.5,147756.22,5,True,False,,,,36/2023,,
Determinazione_121__5268_VistoContabile_2.pdf,VistoContabile,Contabilità,,high,text,3dbcdbfe6452c5d5a0b2eecb3ab8687365a857aab7fe292e6a39c6cd9994896a,1163,191,126,3,,J27B23000020001,1,1,1,"2000,2025,2026",135615.22,141661.22,3,True,False,,,,,,
Determinazione_122__5264_DeterminadiImpegno_Copia_122_2026_1.pdf,Determinazione,Regolamenti,Liquidazione,high,text,616fd1baa01f33d7a537e093f7eb52760cbdbb028731d35741bd4ad2ec1b3b79,21215,3401,820,12,BA3D06EB00,,5,2,13,"2000,2005,2009,2010,2011,2012,2013,2014,2023,2024,2025,2026",17080.0,135098.08,13,True,False,,234552.0,,36/2023,,Partita IVA 00000234552 formalmente errata (Checksum fallito)
Determinazione_122__5264_VistoContabile_2.pdf,VistoContabile,Contabilità,,high,text,56b5775da7d334a83d4c0242fbfe420ae447f0db7abb8cee633786c510bbb83e,2024,318,117,6,,,2,2,1,"2000,2005,2024,2025,2026",17080.0,20344.0,6,True,False,,234552.0,,,,Partita IVA 00000234552 formalmente errata (Checksum fallito)
Determinazione_123__5269_DeterminadiImpegno_Copia_123_2026_1.pdf,Determinazione,Affari Generali,Approvazione Progetto,high,text,01c17ba7e7ad8bb539c6324f36b0659b1f0c60e7483c9c762458ec0f41cd72fd,9715,1586,482,6,,J23G23000020004,1,3,14,"2000,2016,2022,2023,2025,2026",115400.0,229238.97,6,True,False,,,,36/2023,,
Determinazione_123__5269_VistoContabile_2.pdf,VistoContabile,Contabilità,,high,text,864344e5486cb58432ec5d2c4a5055076b8eb32209ea490f1fa82620baaba192,1160,190,121,3,,,1,1,1,"2000,2026",6919.97,6919.97,3,True,False,,,,,,
Determinazione_125__5271_DeterminadiImpegno_Copia_125_2026_1.pdf,Determinazione,Ambiente,Bando,high,text,e8864e5cdd9c6e315ae1fd54a9f784a630d12c568fc59720e0de123cf571207c,10724,1732,538,10,,J24H23000140001,1,3,12,"2000,2016,2021,2022,2023,2024,2025,2026",497980.0,1498966.5,10,True,False,,,,36/2023,,
Determinazione_125__5271_VistoContabile_2.pdf,VistoContabile,Contabilità,,high,text,bfaf42da5e493d8f8823f20a7f6af284bc3e0949b300f7d7ee15a7ad307dac97,1134,186,119,3,,J24H23000140001,1,1,1,"2000,2023,2026",487045.0,494725.0,3,True,False,,,,,,
Determinazione_126__5272_DeterminadiImpegno_Copia_126_2026_1.pdf,Determinazione,Contabilità,Nomina,ml_predicted,text,5744790856853d589fce751e9a91fcf829c56d5603d060a6e0420b30778ae876,10861,1759,526,11,,J25E22000370006,1,4,12,"2000,2016,2018,2021,2022,2023,2024,2025,2026",840222.9,3331941.1,10,True,False,,,,36/2023,,
Determinazione_126__5272_VistoContabile_2.pdf,VistoContabile,Contabilità,,high,text,5f5cce15f53aa4745c61b611224c24a1ae8862669418baa59ad0bdffc9836d3c,1107,186,122,3,,,1,1,1,"2000,2024,2026",156062.72,164942.72,3,True,False,,,,,,
Determinazione_127__5355_DeterminadiLiquidazione_Copia_127_2026_1.pdf,Determinazione,Contabilità,Liquidazione,high,text,a2f8a8540e5b1bcf95d006bcb6dd7927cb8d9138a9c99cf1e4cdfd56e4f060f0,6872,1158,417,9,B9B46F58AD,,6,1,16,"2000,2010,2012,2016,2023,2024,2025,2026,2027",50000.0,99486.95,8,True,False,,3324451214.0,,36/2023,,
Determinazione_127__5355_VistoContabile_2.pdf,VistoContabile,Contabilità,Liquidazione,high,text,6087010ce0ecfad3e92e9cb2c3a10a1d415605a254a89b6680b8b31d779d2c6c,1220,200,119,3,,,1,1,1,"2000,2026",50000.0,50000.0,3,True,False,,3324451214.0,,,,
Determinazione_128__5274_DeterminadiImpegno_Copia_128_2026_1.pdf,Determinazione,Contabilità,Nomina,ml_predicted,text,8be6a7da9f58392ebfe72fd9bf9d44c1467d33e7685e0c8532d1b8e9f9fe8a7d,10948,1769,541,11,,J27G22000110006,1,3,12,"2000,2016,2018,2021,2022,2023,2024,2025,2026",384930.0,1540307.34,10,True,False,,,,36/2023,,
Determinazione_128__5274_VistoContabile_2.pdf,VistoContabile,Contabilità,,high,text,d4a32903abe4c4a5dfe9b73b0ce2d06bcd03081bd04e535eec6336574eeede49,1147,191,125,3,,J27G22000110006,1,1,1,"2000,2023,2026",85243.34,89368.34,3,True,False,,,,,,
Determinazione_12__5076_DeterminadiLiquidazione_Copia_12_2026_1.pdf,Determinazione,Contabilità,Liquidazione,high,text,52a267475eeb95aad20a9ad2b505ca76bff69c0083797790ad568e65037d4ceb,16387,2736,562,19,B9A1E9CAE5,,4,2,12,"2000,2005,2009,2010,2012,2013,2014,2016,2017,2023,2025,2026",5002.0,50032.3,20,True,False,,2714180649.0,,36/2023,,
Determinazione_12__5076_VistoContabile_2.pdf,VistoContabile,Contabilità,Liquidazione,high,text,bc7fff6cbaefd8193677c8f651de80dc42d3ef69e8f6f4bf04e5a58d5dca7eb0,2066,311,133,6,B9A1E9CAE5,,2,2,1,"2000,2025,2026",5002.0,10004.0,6,True,False,,2714180649.0,,,,
Determinazione_130__5276_DeterminadiImpegno_Copia_130_2026_1.pdf,Determinazione,Regolamenti,Nomina,ml_predicted,text,11ce7caa849f35a45ae7a95d0f218a045f3ea6ac1e1498eaaa9d0d7e6be2f880,10197,1650,516,10,,J24H20001270001,1,3,13,"2000,2009,2015,2016,2018,2020,2021,2022,2023,2025,2026",750000.0,2582726.37,9,True,False,,,,50/2016,,
Determinazione_130__5276_VistoContabile_2.pdf,VistoContabile,Contabilità,,high,text,2d5bb83d0a23595062cf34ee1957d3ca8781d7ed07eb5db617370d469cc78f17,1163,190,127,3,,,1,1,1,"2000,2021,2026",334643.66,339643.66,3,True,False,,,,,,
Determinazione_131__5277_DeterminadiImpegno_Copia_131_2026_1.pdf,Determinazione,Regolamenti,Nomina,ml_predicted,text,b100549bf4a5f948ee331ea3aeb5f5964c0fc7d20a118184dc62172cb296611f,11773,1941,547,15,,J21E09002800001,1,3,10,"2000,2009,2015,2016,2018,2020,2021,2022,2023,2025,2026",1978540.0,9160483.66,13,True,False,,,,50/2016,,
Determinazione_131__5277_VistoContabile_2.pdf,VistoContabile,Contabilità,,high,text,17b9e6ee8cb84cad037cfee7d646cc7112e02526a9a2748b36db1407ab4da1ce,1175,191,128,3,,,1,1,1,"2000,2021,2026",334643.66,361523.66,3,True,False,,,,,,
Determinazione_13252024__5148_DeterminadiLiquidazione_Copia_60_2026_1.pdf,Determinazione,Contenzioso,Liquidazione,high,text,9a0ca571ecfc20b813c8057905cc051935e36a5f326aecd302c804646e5e2730,7731,1297,466,6,,,1,1,10,"2000,2001,2006,2010,2012,2013,2020,2024,2025,2026",42441.68,51717.68,3,True,False,,,,,,
Determinazione_13252024__5148_VistoContabile_2.pdf,VistoContabile,Contabilità,Liquidazione,high,text,8c97f40ab46da5194cd6c19c03fa3bb89f12a32b4d13acd6f2e71f5e9a39393a,1229,198,121,3,,,1,1,1,"2000,2025,2026",42441.68,51717.68,3,True,False,,,,,,
Determinazione_133__5275_DeterminadiImpegno_Copia_129_2026_1.pdf,Determinazione,Contabilità,Nomina,ml_predicted,text,2859accdd014f600af6adf2ae0d97024ac2abd8c73a084cc3cbaf69459620a19,12490,2019,530,12,,J25E24000150006,1,5,10,"2000,2016,2022,2023,2024,2025,2026",515481082.75,519543937.87,11,True,False,,,,36/2023,,
Determinazione_133__5275_VistoContabile_2.pdf,VistoContabile,Contabilità,,high,text,04c6ba3a27ea8470200843647f78f6eb5b83d6b9936bf831a277ca7434ef31d6,1090,181,118,3,,,1,1,1,"2000,2025,2026",160443.32,170443.32,3,True,False,,,,,,
Determinazione_133__5279_DeterminadiLiquidazione_Copia_133_2026_1.pdf,Determinazione,Contabilità,Liquidazione,high,text,670402773371e15dd4472be5cf699966c114292385ce7aa98dc64ed55b9e9ff6,11767,1914,554,16,BA28C5EE3D,,5,3,10,"2000,2009,2010,2011,2012,2013,2014,2023,2025,2026",4450.0,17666.62,14,True,False,,2542240649.0,,36/2023,,
Determinazione_133__5279_VistoContabile_2.pdf,VistoContabile,Contabilità,Liquidazione,high,text,42007b2f97aaf7957599b3f0da1a387852ada9c2cd15a6150a426e50cf4db6a9,2488,375,129,9,,,3,3,1,"2000,2025,2026",2479.16,4449.32,9,True,False,,,,,,
Determinazione_133__5684_DeterminadiLiquidazione_Copia_378_2026_1.pdf,Determinazione,Contabilità,Liquidazione,ml_predicted,text,6489fd797aa9041cf384f4d1be04dca12bb7a925ae615471fa9d58bcd7ca4b20,12575,2031,533,17,,J25E24000150006,1,6,10,"2000,2016,2022,2023,2024,2025,2026",515481082.75,519553937.87,16,True,False,,,,36/2023,,
Determinazione_133__5684_VistoContabile_2.pdf,VistoContabile,Contabilità,Liquidazione,high,text,896a8062fed97e6825c10e210a50c40a3227e150969721eabdc3c044a803bb6a,1210,197,123,3,,,1,1,1,"2000,2025,2026",160443.32,170443.32,3,True,False,,,,,,
Determinazione_134__5280_DeterminadiLiquidazione_Copia_134_2026_1.pdf,Determinazione,Contabilità,Liquidazione,high,text,ba3932cc0dccd4c1ad6889bb3a669ec8b78979162fd0ca7b51f8f0e8f25139a0,17304,2969,762,23,,,7,7,82,"2000,2001,2010,2014,2015,2024,2025,2026",148669.76,525798.92,24,True,False,,7881061217.0,,,,
Determinazione_134__5280_VistoContabile_2.pdf,VistoContabile,Contabilità,Liquidazione,high,text,f8e877d0545b62eedfeedeab03a0758c6efa5dd591208b871b991761a452ce79,5003,744,162,21,,,7,7,1,"2000,2025,2026",112087.29,223459.4,21,True,False,,7881061217.0,,,,
Determinazione_135__5289_DeterminadiImpegno_Copia_135_2026_1.pdf,Determinazione,Pubblicazione e Trasparenza,Concorso,high,text,c34831f95bb6aeeb7d51133495e0059942447bf07e68298d99c0bde6f2b70af5,13639,2161,672,8,BA94D57959,,4,1,11,"2000,2005,2010,2011,2014,2019,2022,2023,2025,2026",1220.0,5660.0,7,True,False,,2341930648.0,,36/2023,,
Determinazione_135__5289_VistoContabile_2.pdf,VistoContabile,Contabilità,,high,text,4c99124de56bbf2cee965d2699751c00d84a8814358bd2e7972c77f64d533789,1203,195,118,3,BA94D57959,,1,1,1,"2000,2026",1220.0,1220.0,3,True,False,,,,,,
Determinazione_136__5296_DeterminadiImpegno_Copia_136_2026_1.pdf,Determinazione,Ambiente,Nomina,ml_predicted,text,b9aeb9b9fda47bca2c8b49bb15bd373b4370bb08dc82cf4bac46488dfc634aa8,10653,1694,472,5,,J29D24000270001,1,7,10,"2000,2016,2023,2025,2026",945361.81,970621.81,4,True,False,,,,36/2023,,
Determinazione_136__5296_VistoContabile_2.pdf,VistoContabile,Contabilità,,high,text,3053d2d47e9733d278a420ca02e6222ce42b5edba4732041607698ef711465d6,1168,198,131,3,,,1,1,1,"2000,2023,2025,2026",945361.81,957991.81,3,True,False,,,,,,
Determinazione_137__5297_DeterminadiImpegno_Copia_137_2026_1.pdf,Determinazione,Ambiente,Liquidazione,high,text,533b94f333d5ffa7dd7b42d7aadcb51e93300ba8dbb8737bfe747efc042dc109,24673,3911,1059,36,B97F7A2CC0,,4,2,13,"2000,2001,2006,2010,2011,2012,2013,2014,2015,2016,2017,2018,2019,2020,2023,2025,2026",82593.72,115000.0,6,True,False,,2268680648.0,,50/2016,,
Determinazione_137__5297_VistoContabile_2.pdf,VistoContabile,Contabilità,,high,text,ad08bc7f9f1cc3bc6629b9582e520a517c4f6a0d7d2413230511cdb0d2aa9a37,1795,276,126,6,,,2,2,1,"2000,2025,2026",82593.72,115000.0,6,True,False,,,,,,
Determinazione_138__5288_DeterminadiImpegno_Copia_138_2026_1.pdf,Determinazione,Regolamenti,Liquidazione,high,text,aceca78533a705f1ff0d7ea5cfa860cfabc256b69cd60af9181fd1ac167f3f6e,15822,2545,735,13,BA83438C4C,,3,1,12,"2000,2006,2009,2010,2011,2012,2013,2014,2022,2023,2025,2026",28341.87,161213.87,11,True,False,,1755180641.0,,36/2023,,
Determinazione_138__5288_VistoContabile_2.pdf,VistoContabile,Contabilità,,high,text,2091e58bc1f65802d9c8a62481a9cf7358ce8d5e65f65d4aa62168e83ee7855e,1149,188,122,3,,,1,1,1,"2000,2022,2026",28341.87,45909.87,3,True,False,,1755180641.0,,,,
Determinazione_139__5298_DeterminadiLiquidazione_Copia_139_2026_1.pdf,Determinazione,Ambiente,Liquidazione,high,text,d0e5c639494c87e8f3e3dfbadddf6a668d2ee335713a783090533038ca1aceb1,8843,1389,428,19,,,3,3,10,"2000,2024,2025,2026,2073",4050.0,28350.0,19,True,False,,2275820641.0,,,,
Determinazione_139__5298_VistoContabile_2.pdf,VistoContabile,Contabilità,Liquidazione,high,text,ad651c9295254c973dee79cdf8769ea1f2c42c79a09cd02abfaf4e7229a9090e,2900,414,153,9,,,3,3,1,"2000,2024,2026,2073",3050.0,4050.0,9,True,False,,2275820641.0,,,,
Determinazione_13_11052026_5647_DeterminadiLiquidazione_Copia_357_2026_1.pdf,Determinazione,Contabilità,Liquidazione,high,text,1fee809597180e1a88e760d38483f66bfcab6bc4c62cd8b6ad45a49750bad51c,6016,983,342,9,BB97602911,,4,1,18,"2000,2010,2011,2025,2026",170.0,680.0,8,True,False,,2629520640.0,,,,
Determinazione_13_11052026_5647_VistoContabile_2.pdf,VistoContabile,Contabilità,Liquidazione,high,text,bee128aeb80f95d6e991d74d50fdfe8957c35e671e74190b453a33b3fdd1020f,1415,222,133,3,BB97602911,,1,1,1,"2000,2026",170.0,170.0,3,True,False,,2629520640.0,,,,
Determinazione_13__5077_DeterminadiLiquidazione_Copia_13_2026_1.pdf,Determinazione,Lavori Pubblici,Liquidazione,high,text,d31e081a1a5efeba2095a4dced3e7227ef9a2ed245a494cb67f38b8e83b3292d,10498,1753,505,16,B901540D78,,4,1,10,"2000,2009,2011,2012,2013,2023,2025,2026",25607.8,168262.4,16,True,False,,3200030645.0,,36/2023,,
Determinazione_13__5077_VistoContabile_2.pdf,VistoContabile,Contabilità,Liquidazione,high,text,035be98994968464162d9c26a9cd9767d34d4eacd9f7f816ac690477e6898d0b,1336,212,125,3,B901540D78,,1,1,1,"2000,2025,2026",13407.8,13407.8,3,True,False,,3200030645.0,,,,
Determinazione_140__5290_DeterminadiImpegno_Copia_140_2026_1.pdf,Determinazione,Lavori Pubblici,Liquidazione,high,text,1dc132024265d58a5b4e2bf3dd8deb94cb65de80e087ebda32dc64aad95a1b1a,20746,3283,805,17,BA3E73AB05,J29D24000270001,3,2,11,"2000,2006,2009,2010,2011,2012,2013,2014,2016,2023,2025,2026",945361.81,2530403.62,16,True,False,,9689411214.0,,36/2023,,
Determinazione_140__5290_VistoContabile_2.pdf,VistoContabile,Contabilità,,high,text,70c58e4c86ba20d6127ddd6e088514b1f455d587928ef2267fb5232f44558d49,1215,199,128,3,BA3E73AB05,J29D24000270001,1,1,1,"2000,2023,2025,2026",75030.0,75030.0,3,True,False,,9689411214.0,,,,
Determinazione_141__5299_DeterminadiLiquidazione_Copia_141_2026_1.pdf,Determinazione,Contabilità,Liquidazione,ml_predicted,text,80d20c964f0916fa6cc0b8ffb7bc465c6fca8fd451faf525b56bb6123f097490,11875,1970,572,15,BA0CD3E392,,4,2,11,"2000,2001,2010,2011,2012,2013,2014,2016,2017,2018,2020,2023,2025,2026",4166.27,21981.67,13,True,False,,956540942.0,,36/2023,,
Determinazione_141__5299_VistoContabile_2.pdf,VistoContabile,Contabilità,Liquidazione,high,text,cb899436a86c92f70306def25cfe4456669cb14fd04d715522ea8cd63738abe9,2064,326,140,6,BA0CD3E392,,2,2,1,"2000,2025,2026",3015.95,4166.27,6,True,False,,956540942.0,,,,
Determinazione_142__5292_DeterminadiLiquidazione_Copia_142_2026_1.pdf,Determinazione,Regolamenti,Liquidazione,ml_predicted,text,6342735ddb82a37aadb8be0b3f08ff0e84b6fb786d754e86c32bb0d0cd2edddd,9654,1608,495,12,B902589DD6,,2,1,10,"2000,2009,2010,2011,2012,2013,2023,2025,2026",25620.0,137100.0,13,True,False,,2702700614.0,,36/2023,,
Determinazione_142__5292_VistoContabile_2.pdf,VistoContabile,Contabilità,Liquidazione,high,text,aea4c75be6fe30e1af274d64393281d3eef8c14e67e7c5b04dce7395b5d85b61,1172,189,112,3,,,1,1,1,"2000,2025,2026",25620.0,25620.0,3,True,False,,2702700614.0,,,,
Determinazione_143__5293_DeterminadiLiquidazione_Copia_143_2026_1.pdf,Determinazione,Regolamenti,Liquidazione,ml_predicted,text,73e0c4f36283fb02e3ba86baf376823bf10f10e29c877d76333b7721a8b3d9b1,10641,1751,503,15,,,2,2,10,"2000,2009,2010,2011,2012,2013,2023,2025,2026",3000.0,24000.0,16,True,False,,2702700614.0,,36/2023,,
Determinazione_143__5293_VistoContabile_2.pdf,VistoContabile,Contabilità,Liquidazione,high,text,ab30d77ed784f64a8c58144f368f04f6e6246c0f615e2ae78f3c94b3ed9ee946,1873,289,124,6,,,2,2,1,"2000,2025,2026",1830.0,3000.0,6,True,False,,2702700614.0,,,,
Determinazione_144__5294_DeterminadiImpegno_Copia_144_2026_1.pdf,Determinazione,Ambiente,Liquidazione,high,text,ffdbcb4512901c5b7f3c724a24bba62271a9d5e5167dc9335b0b4df016556e4e,19363,3077,833,21,BA3F161BC8,J24H23000140001,3,2,12,"2000,2006,2009,2010,2011,2012,2014,2021,2022,2023,2024,2025,2026",497980.0,1793061.95,19,True,False,,2854950645.0,,36/2023,,
Determinazione_144__5294_VistoContabile_2.pdf,VistoContabile,Contabilità,,high,text,53a142da913e75cc45517769d3343f12d1a6b445a9ddcfc47cb381d31cc134b2,1197,193,121,3,BA3F161BC8,J24H23000140001,1,1,1,"2000,2023,2026",76555.0,76555.0,3,True,False,,2854950645.0,,,,
Determinazione_145__5291_DeterminadiLiquidazione_Copia_145_2026_1.pdf,Determinazione,Contabilità,Liquidazione,ml_predicted,text,776acd87551b5b5e94b60c3ec11ed826c2c922242c12dff88e282d8a8bb59796,14639,2399,574,13,BA3D06EB00,,4,2,17,"2000,2005,2009,2011,2012,2013,2014,2023,2024,2025,2026",20000.0,113130.88,11,True,False,,234552.0,,36/2023,,Partita IVA 00000234552 formalmente errata (Checksum fallito)
Determinazione_145__5291_VistoContabile_2.pdf,VistoContabile,Contabilità,Liquidazione,high,text,4a44b15ec63f3cdbec0c061bde5b32e775ed87cbbabc01e4c0da192b46efcacc,2095,324,124,6,,,2,2,1,"2000,2005,2024,2025,2026",17080.0,20344.0,6,True,False,,234552.0,,,,Partita IVA 00000234552 formalmente errata (Checksum fallito)
Determinazione_146__5062_DeterminaGenerica_Copia_1_2026_1.pdf,Determinazione,Regolamenti,Concorso,high,text,c9072a70d7935d13915b0441dd9483f86f67b06e028b40b7682304cc7d053a52,34872,6450,900,544,99207795D1,J26C18000160002,2,9,43,"2000,2006,2009,2014,2016,2018,2019,2020,2021,2022,2023,2024,2025,2026,2027",388556713.19,443062781.29,385,True,False,,,,50/2016,,
Determinazione_146__5307_DeterminadiLiquidazione_Copia_146_2026_1.pdf,Determinazione,Contabilità,Liquidazione,ml_predicted,text,59cfc283e540ac0917f20c70fcf4089189912096a9ac86cf6cae62ce3e35d117,14966,2537,578,29,B15FFA314D,22E220003400004,4,3,13,"2000,2011,2012,2020,2022,2023,2024,2025,2026",342257.2,1455594.07,28,True,False,,2761730643.0,,36/2023,,
Determinazione_146__5307_VistoContabile_2.pdf,VistoContabile,Contabilità,Liquidazione,high,text,2083356aab37c0d67bf2898cfbf784ed5c764df1fa88588f8a4f6d4d0209cc36,2943,448,154,9,B15FFA314D,22E220003400004,3,3,1,"2000,2023,2026",45959.78,161443.77,9,True,False,,2761730643.0,,,,
Determinazione_146__5395_DeterminadiLiquidazione_Copia_199_2026_1.pdf,Determinazione,Contabilità,Liquidazione,ml_predicted,text,536aaaae91cad4f9297a5577c88891544ce0cbd0c1d27da891e4f7ed58161a36,17128,2942,722,26,99207795D1,J26C18000160002,5,7,51,"2000,2009,2010,2012,2014,2016,2018,2019,2020,2022,2023,2025,2026",265000000.0,323975047.2,19,True,False,,234552.0,,50/2016,,Partita IVA 00000234552 formalmente errata (Checksum fallito)
Determinazione_146__5395_VistoContabile_2.pdf,VistoContabile,Contabilità,Liquidazione,high,text,f6c93fa64186f73bca3bcdef64b5fcf48f162a2c88006b847ec4c5d913c55a34,1323,211,132,3,,J26C18000160002,1,1,1,"2000,2022,2023,2026",875123.91,875123.91,3,True,False,,234552.0,,,,Partita IVA 00000234552 formalmente errata (Checksum fallito)
Determinazione_147__5308_DeterminadiLiquidazione_Copia_147_2026_1.pdf,Determinazione,Contabilità,Liquidazione,high,text,e69142eb69bcdca4b6ae18599f1ab00b0a7fdd96b4282b9bbb2749d420ab00e6,11038,1867,489,17,B30E54DC1A,J22E22000340004,2,2,10,"2000,2009,2010,2011,2012,2013,2016,2022,2023,2024,2025,2026",342257.2,421292.58,16,True,False,,2896900640.0,,36/2023,,
Determinazione_147__5308_VistoContabile_2.pdf,VistoContabile,Contabilità,Liquidazione,high,text,ae68b04f00adfb2db044ea7afbdfb40fdefcb6b9a91a03f92268e7e94813500f,1352,216,132,3,B30E54DC1A,22E220003400004,1,1,1,"2000,2023,2026",45959.78,46959.74,3,True,False,,2896900640.0,,,,
Determinazione_148__5309_DeterminadiLiquidazione_Copia_148_2026_1.pdf,Determinazione,Contabilità,Liquidazione,ml_predicted,text,5210755559b8e6024bbbe2e9e7e4e92b2d690a645d850cbc0ea114e4764d333c,9341,1583,478,12,BA3F16C4DE,22E220003400004,3,1,10,"2000,2009,2011,2012,2013,2016,2022,2023,2025,2026",342257.2,378592.68,12,True,False,,2896900640.0,,36/2023,,
Determinazione_148__5309_VistoContabile_2.pdf,VistoContabile,Contabilità,Liquidazione,high,text,19c8e88e07bffeeb62adb7dfe12bfaa5aa6af4f44dca41a6365bb245c578bff5,1307,212,133,3,BA3F16C4DE,22E220003400004,1,1,1,"2000,2023,2026",5939.12,10938.52,3,True,False,,2896900640.0,,,,
Determinazione_149__5302_DeterminadiLiquidazione_Copia_149_2026_1.pdf,Determinazione,Contabilità,Liquidazione,high,text,52478902e93f592142c9b81f716186880db7c3e5b3f1de0f9ba2f743c849a354,9841,1589,531,6,ATTRIBUITO,,2,1,10,"2000,2010,2012,2014,2015,2016,2018,2019,2020,2026",22752.88,68258.64,6,True,False,,3023240645.0,,,,
Determinazione_149__5302_VistoContabile_2.pdf,VistoContabile,Contabilità,Liquidazione,high,text,68f4ff1585d3565dcfe909e2e2fffaa6639ba73d65405e0a70f890ac9f773dac,1593,250,140,3,7564700BE9,,1,1,1,"2000,2026",22752.88,22752.88,3,True,False,,3023240645.0,,,,
Determinazione_14__5082_DeterminaGenerica_Copia_14_2026_1.pdf,Determinazione,Lavori Pubblici,,high,text,80ec1181befd95a7dbf470fd38d79de87b6c1bf108e8226231f9a8e633068978,24810,4031,890,26,,J27G22000110006,0,2,27,"2000,2012,2018,2020,2021,2022,2023,2024,2025,2026",384930.0,2352232.48,20,True,False,,,,36/2023,,
Determinazione_14__5429_AttestazionePubblicazione_2.pdf,AttestazionePubblicazione,Regolamenti,,high,text,f79c5f4af919c1492d1c38a6e4e6a7000b2e30160b0762b5f64b4e3b58a385ef,876,134,96,0,,,0,0,3,"2000,2026",,,0,False,False,,,,,,
Determinazione_14__5429_DeliberadiGiunta_Copia_41_2026_1.pdf,Determinazione,Regolamenti,,high,text,7b143b1ad01e991a97c215cdc8e571c15ac55bd1b759dc10668f603f71b3bdb4,13468,1983,502,4,,,0,0,5,"2000,2003,2006,2026",50.0,200.0,4,True,False,,,,,,
Determinazione_1502025__5481_DeterminaGenerica_Copia_245_2026_1.pdf,Determinazione,Ambiente,Liquidazione,high,text,b255483c8ab99d9bcfba864ff761ddc0fe3565d3d73a4602ef9aa4d7d241ceaf,10731,1750,521,6,,J24H23000140001,0,1,9,"2000,2009,2010,2011,2012,2013,2021,2023,2024,2025,2026",4056.0,23869.5,7,True,False,,,,36/2023,,
Determinazione_150__5306_DeterminadiLiquidazione_Copia_150_2026_1.pdf,Determinazione,Lavori Pubblici,Liquidazione,high,text,fd54cbc952d040c985683a0d08e66a864331e1ad769ebaa0a820b89a5b6e3bd9,11090,1830,514,17,B9ED7EBEDD,,5,2,10,"2000,2006,2009,2011,2012,2013,2016,2023,2024,2025,2026",63498.32,144098.32,15,True,False,,3170570612.0,,36/2023,,
Determinazione_150__5306_VistoContabile_2.pdf,VistoContabile,Contabilità,Liquidazione,high,text,37c432c600a3edd96df2febb0338dc2e379fd6b0d322aab89f5d26730dc71856,2017,312,143,6,B9ED7EBEDD,,2,2,1,"2000,2006,2016,2024,2026",63498.32,75698.32,6,True,False,,3170570612.0,,,,
Determinazione_151__5304_DeterminadiLiquidazione_Copia_151_2026_1.pdf,Determinazione,Contabilità,Liquidazione,high,text,ed907a5c2ac3bb074cd8f1b71896c1351022eefa20c79bd9d6aefff143ffc601,7151,1212,385,17,B33D7F81AC,,3,1,10,"2000,2006,2012,2024,2025,2026",551.25,2441.25,17,True,False,,2082500642.0,,,,
Determinazione_151__5304_VistoContabile_2.pdf,VistoContabile,Contabilità,Liquidazione,high,text,d613c673dd74ed193aa703cef283e4edfbbb7ab3fc38c1f9ffd3b1b848966f8c,1363,223,135,3,B33D7F81AC,,1,1,1,"2000,2024,2026",551.25,551.25,3,True,False,,2082500642.0,,,,
Determinazione_152__5305_DeterminadiLiquidazione_Copia_152_2026_1.pdf,Determinazione,Contabilità,Liquidazione,high,text,cc0676a997169bae3b272e33529712deb681a5c7fc0a6653729054d65bf8d48f,7524,1268,413,16,ZDE3CFE45E,,2,1,14,"2000,2008,2012,2014,2015,2025,2026,2053",55345.07,221380.28,16,True,False,,2626510644.0,,,,
Determinazione_152__5305_VistoContabile_2.pdf,VistoContabile,Contabilità,Liquidazione,high,text,b2f6599ab2148cb5f4fae62a58b547ea838f276354fc6f174a6de8300d4a2e88,1260,206,121,3,,,1,1,1,"2000,2025,2026",55345.07,55345.07,3,True,False,,2626510644.0,,,,
Determinazione_153__5310_DeterminadiLiquidazione_Copia_153_2026_1.pdf,Determinazione,Contabilità,Liquidazione,ml_predicted,text,bc3ac68bd6cb494e5d71ece4f8ac362399a69c880295e41b1ba84e5ef22068fc,11773,1888,464,33,,J22E22000340004,6,10,12,"2000,2022,2023,2024,2025,2026",342257.2,911921.72,32,True,False,,2761730643.0,,,,
Determinazione_153__5310_VistoContabile_2.pdf,VistoContabile,Contabilità,Liquidazione,high,text,8c0576bebcd0f734477c06e06cffb946adf91d9a524dc8455cbc32b6d030ac8a,4121,623,132,18,,22E220003400004,6,6,1,"2000,2023,2026",45959.78,251787.02,18,True,False,,,,,,
Determinazione_154__5318_DeterminadiLiquidazione_Copia_154_2026_1.pdf,Determinazione,Ambiente,Liquidazione,high,text,1688e5fc0f990b450351657f316d5c99a04539f13c80507ae70b708b23b85115,10475,1687,532,13,BA3E42D686,,3,1,10,"2000,2009,2010,2011,2012,2013,2016,2023,2025,2026",43540.12,219787.72,14,True,False,,782681217.0,,36/2023,,
Determinazione_154__5318_VistoContabile_2.pdf,VistoContabile,Contabilità,Liquidazione,high,text,6702d1aec9559f390d232ae1efca802946ec9e9e600b20ea17b457c7215290ea,1447,224,137,3,BA3E42D686,,1,1,1,"2000,2026",14540.12,14540.12,3,True,False,,782681217.0,,,,
Determinazione_158__5324_DeterminadiLiquidazione_Copia_158_2026_1.pdf,Determinazione,Contabilità,Liquidazione,ml_predicted,text,6a3ec178a71c2326ad39249e7fc4473cbe0c007f06794b4479192f0acc982276,11122,1826,549,12,BA8F96D9D7,,4,2,10,"2000,2009,2011,2012,2013,2023,2025,2026",4931.4,24657.0,12,True,False,,10677621210.0,,36/2023,,
Determinazione_158__5324_VistoContabile_2.pdf,VistoContabile,Contabilità,Liquidazione,high,text,3d749e76500d2304c016cbfc86f4168dff084bd7813073051255ce4eb811766e,1943,304,128,6,BA8F96D9D7,,2,2,1,"2000,2026",2465.7,4931.4,6,True,False,,10677621210.0,,,,
Determinazione_15_05032026_5330_DeterminaGenerica_Copia_164_2026_1.pdf,Determinazione,Contabilità,Liquidazione,ml_predicted,text,118a24b057b0d41fc84c5ce4dbdeee7642f09b9be80b4e64afbc50feda518b31,10140,1649,553,0,,,0,0,17,"2000,2001,2011,2012,2015,2016,2026",,,0,True,True,,,,50/2016,,
Determinazione_15_05032026_5330_VistoContabile_2.pdf,VistoContabile,Contabilità,,high,text,67224b4acb206aa6b82d331d7e07e305c50f625acfa3992832821dac6ea0063b,525,98,57,0,,,0,0,1,"2000,2026",,,0,True,False,,,,,,
Determinazione_160__5326_DeterminaGenerica_Copia_160_2026_1.pdf,Determinazione,Regolamenti,Liquidazione,high,text,9eb5c1d8dcef921ffd744dbed52bc24a0ddcbfcb3d8a26372b5be043801f2806,8736,1406,466,6,BAADD6A031,,2,0,9,"2000,2006,2010,2013,2014,2023,2026",1090.0,8271.09,5,True,False,,2275820641.0,,36/2023,,
Determinazione_161__5328_DeterminaGenerica_Copia_161_2026_1.pdf,Determinazione,Contabilità,Liquidazione,ml_predicted,text,0c2ea4aab418eab1fff1e6ca97123e90f6aacdfd2b6d8cb6733d677cc16294c3,8373,1355,473,6,BAADBC6597,,2,0,9,"2000,2006,2010,2013,2014,2023,2026",650.0,7150.0,5,True,False,,,,36/2023,,
Determinazione_162__5327_DeterminaGenerica_Copia_162_2026_1.pdf,Determinazione,Contabilità,Liquidazione,ml_predicted,text,c6102f4e20030f634115649eb416338f57352d4535f50b21911239bdd8b76579,8343,1353,475,6,BAADC5291E,,2,0,9,"2000,2006,2010,2013,2014,2023,2026",650.0,6100.0,5,True,False,,,,36/2023,,
Determinazione_163__5329_DeterminaGenerica_Copia_163_2026_1.pdf,Determinazione,Contabilità,Liquidazione,ml_predicted,text,5f0adec3d773f1a33e468522bb92361333b23abf0a13c789845ce0b1a479097f,8766,1426,505,0,,,0,0,10,"2000,2001,2011,2012,2015,2016,2026",,,0,True,True,,,,50/2016,,
Determinazione_163__5329_VistoContabile_2.pdf,VistoContabile,Contabilità,,high,text,512c81ecf9669bf3f26cc501b89cdd5611620a895ee90d1b216680eb8818bf15,525,98,57,0,,,0,0,1,"2000,2026",,,0,True,False,,,,,,
Determinazione_165__5356_DeterminadiImpegno_Copia_165_2026_1.pdf,Determinazione,Contabilità,,high,text,e3e3ad2263a57cbd0e287bffc7c33298cba4109c59060926c5e32a0ad7b2492f,10280,1610,434,20,,,5,5,10,"2000,2013,2014,2025,2026,2073",12500.0,37586.6,20,True,False,,2137910648.0,,,,
Determinazione_165__5356_VistoContabile_2.pdf,VistoContabile,Contabilità,,high,text,6d28f18d901dcdb0b3d18000e932898a4b9c80cc12c9d7d7191ba75aa93656e2,3830,581,168,15,,,5,5,1,"2000,2026,2073",12500.0,18793.3,15,True,False,,2137910648.0,,,,
Determinazione_166__5343_DeterminadiLiquidazione_Copia_166_2026_1.pdf,Determinazione,Contabilità,Liquidazione,ml_predicted,text,4d7ff9982b4da5484ef036c9f13bb544d0f9cab2c79d2b93847f249dd4a15059,12359,2025,582,12,7564700BE9,,4,1,14,"2000,2012,2016,2017,2018,2019,2022,2023,2024,2025,2026",215390.63,227987.81,12,True,False,,3023240645.0,,50/2016,,
Determinazione_166__5343_VistoContabile_2.pdf,VistoContabile,Contabilità,Liquidazione,high,text,c0fc3befd45aefbe57329a3890c8d7238b5470aafd36cf5019c1058da5218dd8,1343,217,124,3,7564700BE9,,1,1,1,"2000,2024,2026",845.63,845.63,3,True,False,,3023240645.0,,,,
Determinazione_167__5344_DeterminadiLiquidazione_Copia_167_2026_1.pdf,Determinazione,Contabilità,Liquidazione,ml_predicted,text,36f3b59deee1a5081d0935b7202f98027babee883035c20c1997e6209ed9b74e,12771,2093,625,17,7564700BE9,,4,1,21,"2000,2012,2016,2017,2018,2019,2022,2023,2025,2026",230170.3,525104.6799999999,13,True,False,,3023240645.0,,50/2016,,
Determinazione_167__5344_VistoContabile_2.pdf,VistoContabile,Contabilità,Liquidazione,high,text,1c427b499a986b24cb9c11a01797a3d39043fe9fb2a30e16ed5e079f944ace45,1349,219,125,3,7564700BE9,,1,1,1,"2000,2025,2026",10430.94,10430.94,3,True,False,,3023240645.0,,,,
Determinazione_168__5345_DeterminadiImpegno_Copia_168_2026_1.pdf,Determinazione,Ambiente,,high,text,8481da1af2a1df926f8152f9c66bf5967073525c953205ce6af6c048338bc3ea,19055,2993,725,22,BA9F67DF48,,6,4,10,"2000,2009,2011,2012,2013,2014,2017,2023,2025,2026,2027,2028,2029",10800.0,91152.0,22,True,False,,3743021218.0,,36/2023,,
Determinazione_168__5345_VistoContabile_2.pdf,VistoContabile,Contabilità,,high,text,f6adee8f7b34c473c06a17dc807bd701f16f71dab359bb20af0849223583ef3d,3982,590,144,12,BA9F67DF48,,4,4,1,"2000,2026,2027,2028,2029",3294.0,13176.0,12,True,False,,3743021218.0,,,,
Determinazione_169__5346_DeterminadiLiquidazione_Copia_169_2026_1.pdf,Determinazione,Cultura e Turismo,Liquidazione,high,text,8193490e075f4f7aecaf2170478bd6a40c5a3f884be73747681a32924dbb303b,11972,1900,629,13,Z473DE739C,J89I23001970006,2,1,12,"2000,2010,2011,2013,2014,2020,2021,2022,2023,2024,2026",132000.0,212857.97,9,True,False,,2590540619.0,,,,
Determinazione_169__5346_VistoContabile_2.pdf,VistoContabile,Contabilità,Liquidazione,high,text,28d4ac55b9ecce2cf93554ffacd305a291628ea696114363c44c5a67182ef180,1512,236,147,3,Z473DE739C,J89I23001970006,1,1,1,"2000,2014,2020,2023,2026",14201.97,27865.97,3,True,False,,2590540619.0,,,,
Determinazione_16__5085_DeterminadiLiquidazione_Copia_16_2026_1.pdf,Determinazione,Contabilità,Liquidazione,high,text,79cdf6ede62baaf50e7f0fb53d02305abc15f69bea41c5668c9c9ff9c5c82c35,9501,1552,485,11,B10E261244,,2,1,10,"2000,2001,2010,2011,2012,2023,2024,2025,2026,2073",6000.0,40909.12,11,True,False,,2275820641.0,,36/2023,,
Determinazione_16__5085_VistoContabile_2.pdf,VistoContabile,Contabilità,Liquidazione,high,text,7a29c52fb871ae52ba211f840d7a7958c6a6dc752199ea92fec10daf7350d61f,1331,208,123,3,,,1,1,1,"2000,2024,2026,2073",6000.0,6000.0,3,True,False,,2275820641.0,,,,
Determinazione_170__5347_DeterminadiLiquidazione_Copia_170_2026_1.pdf,Determinazione,Contabilità,Liquidazione,high,text,56a134237a2e07b0f25986fe8fbef3d47bf44ad3c057b3337937dc4571036dc4,7198,1180,392,9,BAAB1D5922,,3,1,10,"2000,2001,2010,2014,2016,2025,2026,2027",366.0,1830.0,9,True,False,,8994151218.0,,50/2016,,
Determinazione_170__5347_VistoContabile_2.pdf,VistoContabile,Contabilità,Liquidazione,high,text,c47657eecf93b6c3fee12ecea213201027d1444de7902cce4e163d821f9a92ba,1270,201,119,3,BAAB1D5922,,1,1,1,"2000,2026",366.0,366.0,3,True,False,,8994151218.0,,,,
Determinazione_171__5348_DeterminadiLiquidazione_Copia_171_2026_1.pdf,Determinazione,Contenzioso,Liquidazione,high,text,3587d9549f2abdf7657a204cfb1f973983811cf897ef69af78d56cd21892e31a,8574,1407,463,7,,,1,1,10,"2000,2001,2006,2010,2012,2013,2024,2025,2026",13664.0,2477.13,5,True,False,,4244770618.0,,,,
Determinazione_171__5348_VistoContabile_2.pdf,VistoContabile,Contabilità,Liquidazione,high,text,e6cec3d4ce87cdb87e4ed91535f3560d279f5acb3e0f89600c4a2ed2d14f5764,1233,199,115,3,,,1,1,1,"2000,2026",825.71,825.71,3,True,False,,4244770618.0,,,,
Determinazione_172__5349_DeterminadiImpegno_Copia_172_2026_1.pdf,Determinazione,Ambiente,Nomina,ml_predicted,text,537e223d891f435269bc0e1de1ff4eac795e8f6b9e305ff773d2b861f59562e0,9319,1496,450,5,,J22E24000190004,1,6,14,"2000,2016,2023,2024,2025,2026",167904.4,172784.4,5,True,False,,,,36/2023,,
Determinazione_172__5349_VistoContabile_2.pdf,VistoContabile,Contabilità,,high,text,6ef14f10c055c80d79ffb7db16331e36b5a7dd8f1f2f5fa04bc47b123f28e161,1130,190,120,3,,,1,1,1,"2000,2026",2440.0,2440.0,3,True,False,,,,,,
Determinazione_173__5351_DeterminaGenerica_Copia_173_2026_1.pdf,Determinazione,Ambiente,Bando,high,text,5e9a50ba83d9b65af13f590cf6f7d963005f58137a5e80975209eb82c6cfbf9e,13487,2093,594,4,BA38FA1156,J24H23000140001,1,4,13,"2000,2012,2023,2024,2025,2026,2028",103700.0,358700.0,4,True,False,ottantacinquemila/00,4361170634.0,,36/2023,,
Determinazione_174__5357_DeterminadiLiquidazione_Copia_174_2026_1.pdf,Determinazione,Servizi Sociali,Liquidazione,high,text,f71cd49ff75f33ff4b74c4e3e326474beeed7e4ae4be134cd2c0166ebb31fe9d,8136,1339,430,5,B8CCFED224,,5,1,13,"2000,2010,2016,2023,2024,2025,2026",9860.7,9864.7,4,True,False,,1924560707.0,,36/2023,,
Determinazione_174__5357_VistoContabile_2.pdf,VistoContabile,Contabilità,Liquidazione,high,text,3449f4cada078cc038381a1bd0952c1e78b8ddc93b36872b8c541ab1f9d351fe,1471,241,140,3,B8CCFED224,,1,1,1,"2000,2023,2025,2026",9860.7,9860.7,3,True,False,,1857520000.0,,36/2023,,Partita IVA 01857520000 formalmente errata (Checksum fallito)
Determinazione_17661927__4991_DeterminadiImpegnoeLiquidazione_Cop2025_1.pdf,Determinazione,Regolamenti,Liquidazione,high,text,e9b329edeecd7722ae8a8a6cefdfa2a9352eeb5f98fa4ee7efdc85c465b0e34a,12925,2075,540,16,,,2,2,10,"2000,2012,2016,2023,2025",3202.5,13887.5,14,True,False,,2769380649.0,,50/2016,,
Determinazione_17661927__4991_VistoContabile_2.pdf,VistoContabile,Contabilità,Liquidazione,high,text,49b20c8234f1d728516a9e4be462ed40147fdc18913bcd60169d5c528ecd685f,2728,399,166,6,,,2,2,1,"2000,2025",3202.5,5827.5,6,True,False,,1120730765.0,,,,
Determinazione_177__5366_DeterminadiLiquidazione_Copia_177_2026_1.pdf,Determinazione,Contabilità,Liquidazione,high,text,29f622f6fab5bbfd89430b15aa2ba85152c2c86fb2b92b761d1348b0823a1570,6979,1154,413,7,ZBD31E57BA,,2,1,12,"2000,2012,2014,2022,2024,2025,2026",860.0,3440.0,7,True,False,,5131840653.0,,,,
Determinazione_177__5366_VistoContabile_2.pdf,VistoContabile,Contabilità,Liquidazione,high,text,848247187ffe902b4348892a176804f19c4856d8942bbda05d1cd98b7aab6473,1291,207,120,3,,,1,1,1,"2000,2026",860.0,860.0,3,True,False,,5131840653.0,,,,
Determinazione_179__5367_DeterminadiLiquidazione_Copia_179_2026_1.pdf,Determinazione,Cultura e Turismo,Liquidazione,high,text,a851dc428e7b108b57f488640150bfc0518ed59cf8286b79ed037d72aa94f73e,12003,1920,621,16,B05D9E2931,J89I23001970006,2,2,12,"2000,2010,2011,2014,2020,2021,2022,2023,2024,2025,2026",132000.0,187352.03,14,True,False,,6675281213.0,,,,
Determinazione_179__5367_VistoContabile_2.pdf,VistoContabile,Contabilità,Liquidazione,high,text,aaca1ee5a083a14b4a415cb898fb188cfc56fb4260bb7b158279226beae913d5,1504,241,145,3,B05D9E2931,J89I23001970006,1,1,1,"2000,2014,2020,2023,2026",29834.43,31762.03,3,True,False,,6675281213.0,,,,
Determinazione_17__5088_DeterminadiLiquidazione_Copia_17_2026_1.pdf,Determinazione,Contabilità,Liquidazione,high,text,ab71eb8d28e7ff5cd787493a18a12aeae8219e780394c3645491178e90faccac,5634,920,344,6,B8A065D86E,,2,1,10,"2000,2010,2016,2025,2026",1349.98,4657.54,6,True,False,,3225740640.0,,50/2016,,
Determinazione_17__5088_VistoContabile_2.pdf,VistoContabile,Contabilità,Liquidazione,high,text,1e2b30ea0aa049e2ca8393cae7d207ec06550add4cecee24d02c921875336b4f,1375,221,140,3,B8A065D86E,,1,1,1,"2000,2025,2026",1349.98,1349.98,3,True,False,,3225740640.0,,,,
Determinazione_17__5467_DeterminaGenerica_Copia_237_2026_1.pdf,Determinazione,Servizi Demografici,Liquidazione,high,text,c00aa59356ae8d3eee6f62aecc04db9dcefe63d267472fce3fa667fdbda3c104,3807,627,261,0,,,0,0,13,"2000,2011,2026",,,0,True,True,,,,,,
Determinazione_182__5368_DeterminaaContrarre_Copia_182_2026_1.pdf,Determinazione,Personale,Concorso,high,text,f87eb25858d9c3141a5080038bbe28aba53f26b31dc9f08f62edacb0ecb70c79,13066,2089,645,13,BAC369EF0E,,4,2,10,"2000,2005,2006,2010,2011,2014,2023,2024,2026",2103.75,13223.75,10,True,False,,1779900644.0,,36/2023,,
Determinazione_182__5368_VistoContabile_2.pdf,VistoContabile,Contabilità,,high,text,2fc3857ced96784cca4ff5d0c71038c76e8740ff58035789713d8da55a4f275b,1993,316,141,6,BAC369EF0E,,2,2,1,"2000,2026",1103.75,2103.75,6,True,False,,1779900644.0,,,,
Determinazione_183__5371_DeterminadiImpegno_Copia_183_2026_1.pdf,Determinazione,Regolamenti,,ml_predicted,text,5d0ba77390c0e9f6d8b88035ae1cb9f7fecc6785abcd91b30d639f20dbf4e05d,10484,1740,582,11,BAC86654A9,,3,1,10,"2000,2009,2011,2012,2013,2023,2025,2026",5907.24,27681.12,11,True,False,,488410010.0,,36/2023,,
Determinazione_183__5371_VistoContabile_2.pdf,VistoContabile,Contabilità,,high,text,e7449df316ac1ec7f06df985949d508f54dd0a73985f6bcdd5ffe678fc9b4e63,1210,206,130,3,BAC86654A9,,1,1,1,"2000,2026",5907.24,5907.24,3,True,False,,488410010.0,,,,
Determinazione_18472014__5136_DeterminadiLiquidazione_Copia_48_2026_1.pdf,Determinazione,Affari Generali,Liquidazione,high,text,1a2c0288c822cf0ec2fce7e130db76fd525c5fefef8640873cdecbb424896f94,9626,1596,514,11,,,2,2,10,"2000,2001,2006,2010,2012,2013,2014,2015,2016,2025,2026",2759.79,125944.01,8,True,False,,2755020647.0,,,,
Determinazione_18472014__5136_VistoContabile_2.pdf,VistoContabile,Contabilità,Liquidazione,high,text,ead7e6e03d4d78651f95a4a4aa02c3fe214831518699a5f827a83fb9ac6e3c73,2167,342,152,7,,,2,2,1,"2000,2015,2016,2025,2026",2759.79,124740.05,7,True,False,,2755020647.0,,,,
Determinazione_187__5378_DeterminadiImpegno_Copia_187_2026_1.pdf,Determinazione,Ambiente,Bando,high,text,0845d70e7a5c9c7a3fd1ddb9aa67056eee31120391d9ad9896a7ec5ab56af91d,21326,3412,941,22,BABEFFD627,J24H23000140001,3,7,14,"2000,2012,2020,2021,2022,2023,2024,2025,2026,2028",497980.0,2162076.12,20,True,False,IVA compresa,4361170634.0,,36/2023,,
Determinazione_187__5378_VistoContabile_2.pdf,VistoContabile,Contabilità,,high,text,4ecdc2f676cbd2582e469e6bf65449aee9f8e4eb1a67197ad46ea6037cda3489,1178,190,122,3,BABEFFD627,J24H23000140001,1,1,1,"2000,2023,2026",103585.93,103585.93,3,True,False,,4361170634.0,,,,
Determinazione_188__5376_DeterminaaContrarre_Copia_188_2026_1.pdf,Determinazione,Personale,Bando,high,text,70845f0934766beda9cb70d29c214e7dd25b18cfd5cd51ce347995ab62842459,9910,1525,472,9,,,3,3,10,"2000,2002,2006,2010,2011,2026,2027",11000.0,23180.0,9,True,False,,3188950103.0,,,,
Determinazione_188__5376_VistoContabile_2.pdf,VistoContabile,Contabilità,,high,text,ee948e0ae65e991a389807deaea84869fde99449d71f5dc9869bf107ac5a3a84,2750,407,142,9,,,3,3,1,"2000,2011,2026,2027",11000.0,23180.0,9,True,False,,1727860221.0,,,,
Determinazione_189__5377_DeterminadiImpegno_Copia_189_2026_1.pdf,Determinazione,Ambiente,Bando,high,text,3b9179098e02155ca94b2590c565084d7c57c6750befee987a173d4308e79a91,21525,3448,944,22,BA390A363D,J24H23000140001,3,7,14,"2000,2012,2020,2021,2022,2023,2024,2025,2026,2028",497980.0,2275022.8,20,True,False,IVA compresa,5387881211.0,,36/2023,,
Determinazione_189__5377_VistoContabile_2.pdf,VistoContabile,Contabilità,,high,text,2afe43675c8db81e4ebc55debbd068ff0f9dca5f6851725bb1bf45f1782273fc,1176,192,123,3,BA390A363D,J24H23000140001,1,1,1,"2000,2023,2026",120572.6,120572.6,3,True,False,,5387881211.0,,,,
Determinazione_18__5089_DeterminadiLiquidazione_Copia_18_2026_1.pdf,Determinazione,Contabilità,Liquidazione,high,text,cc20f5061067e00d6880ffbb56ed14c48f2b615a624df0511c918d916fa9f03c,9511,1578,493,18,98295587DD,,9,2,20,"2000,2010,2012,2016,2022,2023,2024,2025,2026",189000.0,45520.8,11,True,False,,4399520651.0,,50/2016,,
Determinazione_18__5089_VistoContabile_2.pdf,VistoContabile,Contabilità,Liquidazione,high,text,35291e4cdae00e9489a52434ed63fe992918ce709526c8b2510c00f5eed6ca30,2110,323,125,6,98295587DD,,4,2,1,"2000,2025,2026",5105.1,10210.2,6,True,False,,4399520651.0,,,,
Determinazione_18__5648_DeterminadiLiquidazione_Copia_358_2026_1.pdf,Determinazione,Contabilità,Liquidazione,high,text,30ac221a88307e68501aff84bc0e425a8902dcae785fe5bb73e7c87a40bafe22,5973,983,346,9,BB7DC0322B,,4,1,16,"2000,2010,2025,2026",770.0,3080.0,8,True,False,,6342650659.0,,,,
Determinazione_18__5648_VistoContabile_2.pdf,VistoContabile,Contabilità,Liquidazione,high,text,7eec77b6a436d92a76a2e94eed850237e929f2a3e593b8f6406a530771d4d47b,1396,222,133,3,BB7DC0322B,,1,1,1,"2000,2026",770.0,770.0,3,True,False,,6342650659.0,,,,
Determinazione_190__5383_DeterminadiLiquidazione_Copia_190_2026_1.pdf,Determinazione,Regolamenti,Liquidazione,high,text,506b6a6080dfa83c97f6e37c4b52caa50677b9ef3428a589eb8bc4aed7dd95ae,11061,1791,546,11,B6C0FD6D0E,,3,1,10,"2000,2009,2010,2011,2012,2013,2023,2025,2026",7280.0,43124.0,12,True,False,,2953431216.0,,36/2023,,
Determinazione_190__5383_VistoContabile_2.pdf,VistoContabile,Contabilità,Liquidazione,high,text,09190ff755490fe4ad6794d1b64ee0f628c21a2daa028dda34db2d6d7dffbaec,1375,213,130,3,B6C0FD6D0E,,1,1,1,"2000,2025,2026",7280.0,7280.0,3,True,False,,2953431216.0,,,,
Determinazione_19172025__5364_DeterminadiLiquidazione_Copia_175_2026_1.pdf,Determinazione,Contabilità,Liquidazione,high,text,dcf45e981b172dd0a8b150b648db309518f456c18a075270c149877921a6e3e5,9110,1509,519,9,,,1,1,10,"2000,2001,2024,2025,2026",10361.43,14344.63,3,True,False,,2648750640.0,,,,
Determinazione_19172025__5364_VistoContabile_2.pdf,VistoContabile,Contabilità,Liquidazione,high,text,0c0a4b424120c22f81100f4193af0df8267970d9e90b1d094059bf97267a7304,1267,206,124,3,,,1,1,1,"2000,2025,2026",10361.43,14344.63,3,True,False,,,,,,
Determinazione_19172025__5365_DeterminadiLiquidazione_Copia_176_2026_1.pdf,Determinazione,Contabilità,Liquidazione,high,text,93101998da6e7050cad4524df61712034ef478554afa79c99431d8557a1c74b7,9563,1630,540,8,,,1,1,10,"2000,2001,2024,2025,2026",10361.43,23117.89,4,True,False,documentazione di pagamento in atti,,,,,
Determinazione_19172025__5365_VistoContabile_2.pdf,VistoContabile,Contabilità,Liquidazione,high,text,a1e27ef78246cf36da5f089db67c5ea0b623b98e24ad3b66df4986c024542714,1207,198,121,3,,,1,1,1,"2000,2025,2026",10361.43,16739.66,3,True,False,,,,,,
Determinazione_191__5384_DeterminadiLiquidazione_Copia_191_2026_1.pdf,Determinazione,Regolamenti,Liquidazione,ml_predicted,text,327d0da79ee5416471bf2b634cbdf05a89f0c1c98db0dd30f4a9e5829dd904c7,10758,1801,569,11,BA980C4973,,3,1,11,"2000,2001,2010,2011,2012,2013,2014,2016,2017,2018,2020,2023,2025,2026",4657.66,23288.3,9,True,False,,956540942.0,,36/2023,,
Determinazione_191__5384_VistoContabile_2.pdf,VistoContabile,Contabilità,Liquidazione,high,text,3f0eab4f96fbb02605978a38cbca7c9e73ed379493013ad97c43dc9be32fbc27,1239,206,121,3,BA980C4973,,1,1,1,"2000,2026",4657.66,4657.66,3,True,False,,956540942.0,,,,
Determinazione_192__5385_DeterminadiLiquidazione_Copia_192_2026_1.pdf,Determinazione,Regolamenti,Liquidazione,ml_predicted,text,b32ff388d7ec27c2aa37c5b603878e049f12df6e928cdf6f4735c67ffec6b67c,10758,1801,569,11,BAC013D25B,,3,1,11,"2000,2001,2010,2011,2012,2013,2014,2016,2017,2018,2020,2023,2025,2026",4350.72,21753.6,9,True,False,,956540942.0,,36/2023,,
Determinazione_192__5385_VistoContabile_2.pdf,VistoContabile,Contabilità,Liquidazione,high,text,71695524b155bb5236953f4dc37b2357f08c1e234dc1bd6609700beba917e7ee,1239,206,121,3,BAC013D25B,,1,1,1,"2000,2026",4350.72,4350.72,3,True,False,,956540942.0,,,,
Determinazione_193__5387_DeterminaGenerica_Copia_193_2026_1.pdf,Determinazione,Personale,Bando,high,text,db3efe65d5afaca37c32ecc3285cadb3e352e7f4cd12b6a45c74d47216814c8b,12863,1972,623,1,,,0,0,10,"2000,2001,2009,2022,2023,2024,2025,2026",,,0,True,True,,,,,,
Determinazione_193__5387_GRADUATORIA_PEO_2025_-_all-1_2.pdf,Determinazione,Contabilità,,ml_predicted,text,297b7394f62bef8c2aa53c7e1b164e84c336117f7b7c4bfcf1402156dcf7552c,1219,223,92,7,,,0,0,0,"2022,2024,2025,2026",,,0,True,True,,,,,,
Determinazione_193__5387_VistoContabile_3.pdf,VistoContabile,Contabilità,,high,text,e110c3d888378e1399dd94c98a1c457c3537b1ef3ab32a7d8d8e96b0c70cbdef,525,98,57,0,,,0,0,1,"2000,2026",,,0,True,False,,,,,,
Determinazione_194__5392_DeterminadiLiquidazione_Copia_194_2026_1.pdf,Determinazione,Contabilità,Liquidazione,ml_predicted,text,b044285245639eb2c59ecc9bd35d60ceb50786fce3a522ae58b5208c3cd130d2,11292,1862,571,12,BAD5033D7B,,4,2,10,"2000,2009,2011,2012,2013,2023,2025,2026",4643.91,23219.55,12,True,False,,10677621210.0,,36/2023,,
Determinazione_194__5392_VistoContabile_2.pdf,VistoContabile,Contabilità,Liquidazione,high,text,5cda0f246ea38c0971b1d435e86fac74f562da31e35f10154a9e43a982f5cd74,1875,300,127,6,BAD5033D7B,,2,2,1,"2000,2026",3534.3,4643.91,6,True,False,,10677621210.0,,,,
Determinazione_196__5389_DeterminadiImpegno_Copia_196_2026_1.pdf,Determinazione,Regolamenti,Liquidazione,high,text,531c9c27337f3d9344172eb15cf0e92a1e279191c70f925edcd07542d716b25c,16763,2691,768,15,B9A0ED7776,,3,1,13,"2000,2006,2009,2010,2012,2013,2014,2016,2023,2025,2026",8784.0,77472.0,14,True,False,,782681217.0,,36/2023,,
Determinazione_196__5389_VistoContabile_2.pdf,VistoContabile,Contabilità,,high,text,d9dbfd38ac442109c822a88af481ece0702ace587f3c06f5f1c916429f311b22,1218,194,125,3,B9A0ED7776,,1,1,1,"2000,2006,2016,2026",8784.0,8784.0,3,True,False,,782681217.0,,,,
Determinazione_197__5391_DeterminadiImpegno_Copia_197_2026_1.pdf,Determinazione,Contabilità,Liquidazione,high,text,b4671fe41a18a3387aa72a57f9c75219b2e0daed3ec2c1a78124f85572a7446b,7805,1292,436,7,BAE0730F32,,3,1,12,"2000,2010,2012,2021,2023,2026,2028",230.78,923.12,7,True,False,,5578431214.0,,,,
Determinazione_197__5391_VistoContabile_2.pdf,VistoContabile,Contabilità,,high,text,2334376c779a71ba1b6ad831177531ca4f2d3055d64bb7819d55f75b4896927b,1240,203,124,3,BAE0730F32,,1,1,1,"2000,2026",230.78,230.78,3,True,False,,,,,,
Determinazione_19__5086_DeterminadiLiquidazione_Copia_19_2026_1.pdf,Determinazione,Contabilità,Liquidazione,high,text,35593b2f2adb8ddce9a72eff22bcf53012ee2a9ed414269023906febf0c52351,6799,1143,398,6,9372131F27,,4,1,20,"2000,2001,2010,2013,2022,2024,2025,2026,2027",11850.0,23700.0,4,True,False,,1241921210.0,,,,
Determinazione_19__5086_VistoContabile_2.pdf,VistoContabile,Contabilità,Liquidazione,high,text,ef126098f0dc4c7d4c238767d5f360c9bcf3a3e5d3557f728684414f2f35ebec,1209,196,113,3,,,1,1,1,"2000,2025,2026",11850.0,11850.0,3,True,False,,1241921210.0,,,,
Determinazione_1__4964_DeterminadiLiquidazione_Copia_705_2025_1.pdf,Determinazione,Contabilità,Liquidazione,high,text,4b0c2954211a9352f3af727642925417a9d56615425de57c15dbbbbce0a4c305,5714,942,331,7,B9405228AA,,2,1,12,"2000,2010,2016,2025,2026",314.39,1571.9499999999998,7,True,False,,2629520640.0,,50/2016,,
Determinazione_1__4964_VistoContabile_2.pdf,VistoContabile,Contabilità,Liquidazione,high,text,a4100978ffc0b1f8531aa21d0ad04d8aa880088f055ccb747bdb10cf043e7dcb,1458,229,139,3,B9405228AA,,1,1,1,"2000,2025",314.39,314.39,3,True,False,,2629520640.0,,,,
Determinazione_1__4999_DeterminadiLiquidazione_Copia_733_2025_1.pdf,Determinazione,Ambiente,Liquidazione,high,text,03176276e44bd221bf2a671b9cac38949240d3fe86af7fe4bef65f2b1d214c2b,15338,2503,633,22,B732483B1B,J24H23000140001,3,7,19,"2000,2009,2010,2012,2016,2021,2022,2023,2024,2025,2026",497980.0,1713335.37,20,True,False,,3078300641.0,,36/2023,,
Determinazione_1__4999_VistoContabile_2.pdf,VistoContabile,Contabilità,Liquidazione,high,text,ce04e10aac29d001ef3d870ee5252d8ed6ac2ac2e6880f8078fb8d91779dca53,1616,253,145,3,B732483B1B,J24H23000140001,1,2,1,"2000,2023,2025",159093.0,159093.0,3,True,False,,3078300641.0,,36/2023,,
Determinazione_200__5405_DeterminadiLiquidazione_Copia_200_2026_1.pdf,Determinazione,Contabilità,Liquidazione,high,text,8d3a687b77ed7d99048d1399eadd1849d981e15a05b9b1fabf0a8763f4adba97,5662,927,343,6,B8A065D86E,,2,1,10,"2000,2010,2016,2025,2026",5624.93,11700.05,6,True,False,,3225740640.0,,50/2016,,
Determinazione_200__5405_VistoContabile_2.pdf,VistoContabile,Contabilità,Liquidazione,high,text,ec41155ff71a46c9cd19cb54f9c1dc8413e9a5e0676bbecd0bf50785524a611d,1375,221,139,3,B8A065D86E,,1,1,1,"2000,2025,2026",5624.93,5624.93,3,True,False,,3225740640.0,,,,
Determinazione_201__5406_DeterminadiLiquidazione_Copia_201_2026_1.pdf,Determinazione,Contabilità,Liquidazione,high,text,b717c81628bcfeae62dcf31d9d20c79ce8deb6b8d6feefa7aa1ba9d56f2a1dac,7512,1227,435,6,B9B46B2165,,2,1,13,"2000,2011,2024,2025,2026",5624.93,10051.23,6,True,False,,3225740640.0,,,,
Determinazione_201__5406_VistoContabile_2.pdf,VistoContabile,Contabilità,Liquidazione,high,text,d10773a5129f89122afbf939570d178d37ed096420fb1e2ae87487e5982dfbe1,1375,221,139,3,B8A065D86E,,1,1,1,"2000,2025,2026",5624.93,5624.93,3,True,False,,3225740640.0,,,,
Determinazione_202__5407_DeterminadiLiquidazione_Copia_202_2026_1.pdf,Determinazione,Contabilità,Liquidazione,high,text,50b9c84fba79deff6c72904df87b4dee98b9241c2fbf8034871a0a61e0e29285,6880,1159,418,9,B9B46F58AD,,6,1,16,"2000,2010,2012,2016,2023,2024,2025,2026,2027",37629.2,91016.15,8,True,False,,3324451214.0,,36/2023,,
Determinazione_202__5407_VistoContabile_2.pdf,VistoContabile,Contabilità,Liquidazione,high,text,9a5ec1651897ca7266d937327d0cc611763d3c797615aecb5bb2d951a4c8a931,1220,200,120,3,,,1,1,1,"2000,2026",37629.2,37629.2,3,True,False,,3324451214.0,,,,
Determinazione_203__5396_DeterminadiLiquidazione_Copia_203_2026_1.pdf,Determinazione,Contabilità,Liquidazione,high,text,7bd52e6c62b6270384bb5565e6d4cbc99699de76cc4803d023496b4b654067d8,7622,1265,442,8,7584472849,,2,1,15,"2000,2012,2014,2015,2016,2017,2018,2019,2026,2073",2260829.45,1649753.91,7,True,False,,2275820641.0,,50/2016,,
Determinazione_203__5396_VistoContabile_2.pdf,VistoContabile,Contabilità,Liquidazione,high,text,d340cd785898da430be3173628234097bf0a8cf8653de884a66b0597d1f115d2,1320,206,121,3,,,1,1,1,"2000,2026,2073",41244.97,41244.97,3,True,False,,2275820641.0,,,,
Determinazione_204__5397_DeterminadiLiquidazione_Copia_204_2026_1.pdf,Determinazione,Contabilità,Liquidazione,high,text,684eec142a3d263cbaf3ff4d34f93843f0c81267995f46e50f75da4afe3c31ed,6287,1053,353,5,,,1,1,12,"2000,2012,2014,2015,2026,2073",15860.0,47580.0,5,True,False,,2275820641.0,,,,
Determinazione_204__5397_VistoContabile_2.pdf,VistoContabile,Contabilità,Liquidazione,high,text,cdcaa6d26f0369c4c1a008bf4cb769fe7f0c8992a593b6ea23cc5288d77d1012,1268,201,115,3,,,1,1,1,"2000,2026,2073",15860.0,15860.0,3,True,False,,2275820641.0,,,,
Determinazione_205__5400_DeterminadiLiquidazione_Copia_205_2026_1.pdf,Determinazione,Contabilità,Liquidazione,high,text,d053f6029a6f949f2f47d0e96b85d32700f26ded04fae770323b662b25f7ff1f,7479,1233,405,8,B88A580748,,2,1,13,"2000,2011,2023,2025,2026,2027",2800.0,5282.650000000001,6,True,False,,6367820013.0,,36/2023,,
Determinazione_205__5400_VistoContabile_2.pdf,VistoContabile,Contabilità,Liquidazione,high,text,7bf41a94436f5aeb796e0459cd34870537784a4cf9381f77e7f7b3123bf7f807,1266,208,125,3,B88A580748,,1,1,1,"2000,2025,2026,2027",1138.66,1138.66,3,True,False,,6367820013.0,,,,
Determinazione_208__5408_DeterminadiImpegno_Copia_208_2026_1.pdf,Determinazione,Contabilità,Nomina,high,text,46172b4e04b3d84089e5743a1615ecaf0a64cc884266775bea406c3bb4a266fb,5403,880,328,6,,,1,1,11,"2000,2024,2026",119.6,358.79999999999995,5,True,False,,,,,,
Determinazione_208__5408_VistoContabile_2.pdf,VistoContabile,Contabilità,,high,text,e955351adcc24ec87c93d68975fad93981c4e25958cf2e1177aabbc63b070113,1176,191,120,3,,,1,1,1,"2000,2026",119.6,119.6,3,True,False,,,,,,
Determinazione_20__5093_DeterminadiLiquidazione_Copia_20_2026_1.pdf,Determinazione,Contabilità,Liquidazione,high,text,6fa82faa8194615bab3fad451d1a90c43ae8eda007f5e63bb694d763a263eceb,10576,1697,552,8,B79ABC98CC,J27H24002020004,3,5,20,"2000,2009,2010,2012,2013,2014,2023,2024,2025,2026",157868.1,177441.86000000002,7,True,False,,2506510649.0,,36/2023,,
Determinazione_20__5093_VistoContabile_2.pdf,VistoContabile,Contabilità,Liquidazione,high,text,04ea2083044cd3fbaf0fa1d43a511d23d7dd122a516f2d7700fb28a020f623f6,1283,201,125,3,,J27H24002020004,1,2,1,"2000,2025,2026",5709.6,5709.6,3,True,False,,2506510649.0,,,,
Determinazione_210__5410_DeterminadiLiquidazione_Copia_210_2026_1.pdf,Determinazione,Contabilità,Liquidazione,high,text,b202ccf2754e6cd56386831f3e9a75fafea661ac64c5d6ee90e05be687198109,7956,1333,424,28,B00561B01C,,3,1,10,"2000,2012,2014,2015,2025,2026",82593.72,253165.77,28,True,False,,2268680648.0,,,,
Determinazione_210__5410_VistoContabile_2.pdf,VistoContabile,Contabilità,Liquidazione,high,text,7b9d6314aff772efa24e9a0ff0a2c244ca6be1c74d8a3668b88d450c8a68306e,1292,204,131,3,,,1,1,1,"2000,2025,2026",82593.72,82593.72,3,True,False,,,,,,
Determinazione_2112026__5414_DeterminaGenerica_Copia_213_2026_1.pdf,Determinazione,Regolamenti,Liquidazione,ml_predicted,text,1df193478aafecb1aa3e3ddfe03893b2a469ab83866097fea040e64a21d37915,9215,1531,508,7,B9A0ED7776,,2,0,10,"2000,2009,2010,2011,2012,2013,2016,2023,2025,2026",8784.0,36112.0,7,True,False,,,,36/2023,,
Determinazione_211__5411_DeterminadiLiquidazione_Copia_211_2026_1.pdf,Determinazione,Contabilità,Liquidazione,ml_predicted,text,dda605d529e8ec0692ad29d97d1ebc3f607bff8a46ee9cd3c06872febef19c14,10618,1749,529,13,B9A0ED7776,,3,1,11,"2000,2006,2009,2010,2011,2012,2013,2016,2023,2025,2026",63498.32,118154.32,13,True,False,,782681217.0,,36/2023,,
Determinazione_211__5411_VistoContabile_2.pdf,VistoContabile,Contabilità,Liquidazione,high,text,f8b9d25c754287c52279033b107f2c4b88c5cb7261820d6b1407ca8235c41b11,1364,215,135,3,B9A0ED7776,,1,1,1,"2000,2006,2016,2026",63498.32,72282.32,3,True,False,,782681217.0,,,,
Determinazione_214__5426_DeterminadiLiquidazione_Copia_214_2026_1.pdf,Determinazione,Contabilità,Liquidazione,high,text,459732b83e79365bd8c583c7befab705aadf25975cc132d18b28ea69ea16af88,6166,991,328,10,,,2,2,10,"2000,2024,2026",4514.9,9029.8,7,True,False,,,,,,
Determinazione_214__5426_VistoContabile_2.pdf,VistoContabile,Contabilità,Liquidazione,high,text,5d5123e6fec8a9843fa2c4d7ffef0b372a502a0112939b783a7f3870a29c9018,1770,277,118,6,,,2,2,1,"2000,2026",4395.3,4514.900000000001,6,True,False,,,,,,
Determinazione_215__5427_DeterminadiLiquidazione_Copia_215_2026_1.pdf,Determinazione,Regolamenti,Approvazione Progetto,high,text,079230be708567c34761099dce371958993af79a76f81a9bbd73f8bad01b7507,14729,2367,579,34,889589117D,J21B21002080001,7,6,12,"2000,2010,2011,2013,2014,2016,2019,2020,2021,2022,2023,2024,2025,2026",86445.0,430182.14,28,True,False,,2716320649.0,,,,
Determinazione_215__5427_VistoContabile_2.pdf,VistoContabile,Contabilità,Liquidazione,high,text,b0ac15e7fac4bf2314444ed73c2f86e6a870273fee4cc0e5c07f177940379e0f,4803,706,157,18,889589117D,J21B21002080001,6,6,1,"2000,2014,2020,2021,2026",20400.28,110976.98,18,True,False,,2716320649.0,,,,
Determinazione_216__5428_DeterminadiLiquidazione_Copia_216_2026_1.pdf,Determinazione,Contabilità,Liquidazione,high,text,d9bf75427334545d1de20ff4f0d7eb424f38afdf2ab0f9aeb058b6839a863279,8876,1444,425,18,B9045123E6,,4,2,10,"2000,2011,2019,2025,2026,2027",2552.0,20827.44,17,True,False,,3641160613.0,,,,
Determinazione_216__5428_VistoContabile_2.pdf,VistoContabile,Contabilità,Liquidazione,high,text,0c0832120223ca3eedfb8536c1bbba68d81af696954157413eca94172cd43834,2180,336,149,6,B9045123E6,,2,2,1,"2000,2025,2026",2500.0,2963.44,6,True,False,,3641160613.0,,,,
Determinazione_217__5433_DeterminadiImpegno_Copia_217_2026_1.pdf,Determinazione,Regolamenti,Bando,ml_predicted,text,3433932f3824245deb11a9c6d3480962ec34abc7eb442ad73d6e7fffaef5c3d7,18582,2964,818,15,BAFA1CC7AC,J54J25000990006,3,3,20,"2000,2005,2006,2010,2011,2012,2015,2018,2023,2024,2025,2026",140000.0,346103.05,13,True,False,IVA esclusa,1967760641.0,,36/2023,,Partita IVA 01967760641 formalmente errata (Checksum fallito)
Determinazione_217__5433_VistoContabile_2.pdf,VistoContabile,Contabilità,,high,text,586c672372ab2d5949d7dab197b814b4c77a8948e33e37ad0856ae5919442703,1208,202,128,3,BAFA1CC7AC,J54J25000990006,1,1,1,"2000,2005,2026",19971.57,19971.57,3,True,False,,1967760641.0,,,,Partita IVA 01967760641 formalmente errata (Checksum fallito)
Determinazione_218__5434_DeterminadiImpegno_Copia_218_2026_1.pdf,Determinazione,Regolamenti,Bando,ml_predicted,text,b6e33efc001d1c1dbac41f8a32fad7a0f6638394b4b5316b71fe09b1d98bd2c7,18630,2970,806,15,BAF895FF86,J54J25000990006,3,3,20,"2000,2005,2006,2010,2011,2012,2015,2018,2023,2024,2025,2026",140000.0,375036.14,13,True,False,IVA inclusa,488410010.0,,36/2023,,
Determinazione_218__5434_VistoContabile_2.pdf,VistoContabile,Contabilità,,high,text,8fd48889f0f3a3b095aa10fd7c452d3bb11d134d7d487692759e510fc71adc40,1227,203,128,3,BAF895FF86,J54J25000990006,1,1,1,"2000,2005,2026",24949.0,24949.0,3,True,False,,488410010.0,,,,
Determinazione_21942021__5709_DeterminaGenerica_Copia_385_2026_1.pdf,Determinazione,Servizi Sociali,Liquidazione,high,text,8d88074e854afb6757152e6feba3fa48067e288723d78ecec6a145b54d445e1e,7907,1317,442,4,,,0,0,10,"2000,2001,2021,2024,2025,2026",1800.0,5700.0,4,True,False,,2607060643.0,,,,
Determinazione_21942021__5709_VistoContabile_2.pdf,VistoContabile,Contabilità,,high,text,2c594145c8c1ae2eca34c406c8e4ac718429c26821e19471a22c9d8f5343a1f2,525,98,57,0,,,0,0,1,"2000,2026",,,0,True,False,,,,,,
Determinazione_219__5437_DeterminadiImpegno_Copia_219_2026_1.pdf,Determinazione,Personale,Concorso,high,text,398b32639928123decc3c1c7375f28b6d384a492f290caeeecfac3ca16da2634,12676,2022,623,8,BB076C9B1F,,4,1,11,"2000,2005,2010,2011,2014,2019,2022,2023,2025,2026",600.0,3000.0,7,True,False,,5993390656.0,,36/2023,,
Determinazione_219__5437_VistoContabile_2.pdf,VistoContabile,Contabilità,,high,text,d70fa41f8dfdf2540f6b12c112f83c081e8ebdca3b02f8e180053d7c8ff546f0,1272,202,128,3,BB076C9B1F,,1,1,1,"2000,2026",600.0,600.0,3,True,False,,,,,,
Determinazione_21__5094_DeterminadiLiquidazione_Copia_21_2026_1.pdf,Determinazione,Contabilità,Liquidazione,high,text,a14a0f77c51db607eed80b46d49d59f644a857818096dcd5f353436caff17915,10002,1744,541,22,,,1,1,23,"2000,2002,2009,2011,2012,2013,2016,2019,2020,2022,2023,2024,2025,2026",140404.8,719732.57,18,True,False,euro centoquarantamilaquattrocentoquattro/80,2268680648.0,,50/2016,,
Determinazione_21__5094_VistoContabile_2.pdf,VistoContabile,Contabilità,Liquidazione,high,text,bc428536603b06af7e65ae23a3f8e6cd3987c741450941f01c1aca99dc780aae,1166,194,115,3,,,1,1,1,"2000,2026",35502.72,35502.72,3,True,False,,2268680648.0,,,,
Determinazione_220__5438_DeterminaGenerica_Copia_220_2026_1.pdf,Determinazione,Cultura e Turismo,Liquidazione,high,text,cd5dfc0c00d40e6b6de14d1fd9796fd1cf7141da96ec7e42338bbf54e7eee971,5517,897,312,6,BA3583CACB,,5,0,14,"2000,2023,2025,2026",650.0,2090.0,6,True,False,,2629520640.0,,36/2023,,
Determinazione_220__5438_VistoContabile_2.pdf,VistoContabile,Contabilità,,high,text,1ae0ff95760fdee8e7f1c5c02f1575ee8e7f2052225302244012ac4ae7ac2a5e,525,98,57,0,,,0,0,1,"2000,2026",,,0,True,False,,,,,,
Determinazione_222__5465_DeterminadiLiquidazione_Copia_222_2026_1.pdf,Determinazione,Contabilità,Liquidazione,high,text,655ea153f9c88fc8bb7b00a444147d50c95793bc28c9dde964680bb5197e15d3,6541,1061,385,5,,,1,1,12,"2000,2003,2004,2024,2025,2026",11674.4,11743.94,5,True,False,,1787590619.0,,,,
Determinazione_222__5465_VistoContabile_2.pdf,VistoContabile,Contabilità,Liquidazione,high,text,8e482394c577b5c59f7c8c3db8157d686c10733b60ee886252494600ac4277c2,1300,213,126,3,,,1,1,1,"2000,2025,2026",11674.4,11674.4,3,True,False,,1787590619.0,,,,
Determinazione_223__5464_DeterminadiLiquidazione_Copia_223_2026_1.pdf,Determinazione,Contabilità,Liquidazione,high,text,2f1ab9d864f8bdebcd415d2854396577c22f5fee727957d4cded83ba3e97bd26,5398,883,324,6,BAADBC6597,,2,1,12,"2000,2010,2016,2024,2026",500.0,2000.0,6,True,False,,2137910648.0,,50/2016,,
Determinazione_223__5464_VistoContabile_2.pdf,VistoContabile,Contabilità,Liquidazione,high,text,cecafa1fd2e03ca4418c867067edca250984222fc386d98c6045379afffe5163,1200,198,117,3,,,1,1,1,"2000,2026",500.0,500.0,3,True,False,,2137910648.0,,,,
Determinazione_224__5463_DeterminadiLiquidazione_Copia_224_2026_1.pdf,Determinazione,Contabilità,Liquidazione,high,text,5dac36c962b4ea7174a0ed7965b74c500c5445399f40c1d56ffe5f994f3a3be2,5413,886,330,6,BAADC5291E,,2,1,12,"2000,2010,2016,2024,2026",300.0,849.0,6,True,False,,2137910648.0,,50/2016,,
Determinazione_224__5463_VistoContabile_2.pdf,VistoContabile,Contabilità,Liquidazione,high,text,cbcdf6246e83eeab57ba347e52b4aeff3470b28dedafcb4eb78c1fd46d72dd13,1216,201,117,3,,,1,1,1,"2000,2026",300.0,300.0,3,True,False,,2137910648.0,,,,
Determinazione_225__5447_DeterminadiLiquidazione_Copia_225_2026_1.pdf,Determinazione,Contabilità,Liquidazione,high,text,bd38b0e6f3e1183a6f80c64a5e689b6fd57e8be0b5f2ae476c8797d543625abb,5774,914,354,4,,,1,1,11,"2000,2024,2026",12500.0,24997.75,4,True,False,,,,,,
Determinazione_225__5447_VistoContabile_2.pdf,VistoContabile,Contabilità,,high,text,e6a31620080a223cbe07f112a0631815dfd3c8e18d9129b9c4991651e98586d5,1173,190,119,3,,,1,1,1,"2000,2026",12500.0,12500.0,3,True,False,,,,,,
Determinazione_226__5446_DeterminadiLiquidazione_Copia_221_2026_1.pdf,Determinazione,Contabilità,Liquidazione,high,text,82b33db2c12d41c91e14e5e8ed691303b1d9a63bb2fe9af54ec9f64702ccf3f8,16210,2570,652,18,,E99J21007460005,4,5,17,"2000,2001,2012,2014,2016,2018,2020,2021,2022,2023,2024,2025,2026",115098.69,278270.69,17,True,False,,6358551213.0,,50/2016,,
Determinazione_226__5446_VistoContabile_2.pdf,VistoContabile,Contabilità,Liquidazione,high,text,07720870d7202943496694f917003302d3e1c8d96fff3af802f15422ac00559c,3396,501,153,12,,E99J21007460005,4,4,1,"2000,2023,2024,2025,2026",31932.0,60584.0,12,True,False,,6358551213.0,,,,
Determinazione_226__5449_DeterminadiImpegno_Copia_226_2026_1.pdf,Determinazione,Regolamenti,Liquidazione,ml_predicted,text,1dc7c2efa2fd8f4799d275a0e7b8f1057e1df79289181721ee15ed8f8b3bfabd,8824,1483,489,10,BB13649304,,3,1,11,"2000,2010,2012,2023,2026,2028",2155.47,10388.625,10,True,False,,15483121008.0,,,,
Determinazione_226__5449_VistoContabile_2.pdf,VistoContabile,Contabilità,,high,text,c8ca5b4885150ea85de202584963ac4fcf852f1e97b658fb7d946dd3b6d4a3bf,1314,222,139,3,BB13649304,,1,1,1,"2000,2026",2155.47,2155.47,3,True,False,,15483121008.0,,,,
Determinazione_2272026__5495_DeterminadiImpegno_Copia_254_2026_1.pdf,Determinazione,Contabilità,,high,text,12af4de8bf6d85b9fe96399b2a10a3f2060a91979344eb10f2128138f2584565,7057,1131,376,6,BB1DBE2AD1,,3,1,12,"2000,2023,2026",600.0,1200.0,5,True,False,,,,36/2023,,
Determinazione_2272026__5495_VistoContabile_2.pdf,VistoContabile,Contabilità,,high,text,bd3a4aeae15b9c9f7116515f6b56d8c48e6d753c27231c2e4922ee68db25e0e4,1362,220,136,3,BB1DBE2AD1,,1,1,1,"2000,2026",600.0,600.0,3,True,False,,,,,,
Determinazione_227__5452_DeterminadiImpegno_Copia_227_2026_1.pdf,Determinazione,Contabilità,Liquidazione,ml_predicted,text,99ac9c8c16bd3906b68b0f751db12caca4a9d6ada699f0c556b33b4fb02c02c5,12027,1965,592,9,BB1DBE2AD1,,3,1,16,"2000,2001,2011,2013,2014,2023,2025,2026",300.0,910.0,6,True,False,,,,36/2023,,
Determinazione_227__5452_VistoContabile_2.pdf,VistoContabile,Contabilità,,high,text,adfc8f37ddf1d7a387e1f288d771a33780c3164393d3181c10d386510424832e,1362,220,135,3,BB1DBE2AD1,,1,1,1,"2000,2026",300.0,300.0,3,True,False,,,,,,
Determinazione_228__5451_DeterminadiLiquidazione_Copia_228_2026_1.pdf,Determinazione,Contabilità,Liquidazione,high,text,c4522ce3b678f5d76b97fc67c75aff188efd6a4cdbeefe00edaec3b4a392f3da,10098,1633,476,10,,,3,3,10,"2000,2011,2022,2024,2025,2026,2028",5741.44,11059.36,9,True,False,,91910646.0,,,,
Determinazione_228__5451_VistoContabile_2.pdf,VistoContabile,Contabilità,Liquidazione,high,text,9e4c8c24aa4f6a34e80d6e96403f80aaeb437049942005d31ed71de9d8414d82,2434,375,128,9,,,3,3,1,"2000,2025,2026",5741.44,11059.36,9,True,False,,91910646.0,,,,
Determinazione_229__5043_DeterminadiImpegno_Copia_761_2025_1.pdf,Determinazione,Cultura e Turismo,Bando,high,text,219f8330c3d14202e3e5af204e2a8fdcbd25be18b26dd59cab65914462d82316,16267,2598,760,11,B9D0867D89,J39I25000810006,4,3,16,"2000,2009,2011,2012,2013,2014,2020,2021,2023,2024,2025,2026,2027",132000.0,233454.54,12,True,False,,1825970625.0,,36/2023,,
Determinazione_229__5043_VistoContabile_2.pdf,VistoContabile,Contabilità,,high,text,cd22896fcf7448520a875caa96a28c3d139fa643989bfaa88f7c37dd0d8d6c98,1538,245,148,3,B9D0867D89,J39I25000810006,1,1,2,"2000,2014,2020,2021,2025,2027",12000.0,12000.0,3,True,False,,1825970625.0,,,,
Determinazione_229__5044_DeterminadiImpegno_Copia_762_2025_1.pdf,Determinazione,Cultura e Turismo,,high,text,aa15be890c5440ae1bf2a81f78b8033234899cf2a5af4ccc6e92bded8079ceee,15832,2502,746,11,B9CAD7B595,J39I25000810006,4,3,15,"2000,2009,2011,2012,2013,2014,2020,2021,2023,2024,2025,2026,2027",132000.0,183930.0,12,True,False,,3136160649.0,,36/2023,,
Determinazione_229__5044_VistoContabile_2.pdf,VistoContabile,Contabilità,,high,text,f7ef9a91951f0dbbcecc53053c67b856296868a2b0cc213fd595e425eefa45b0,1425,221,141,3,B9CAD7B595,J39I25000810006,1,1,1,"2000,2014,2020,2025",4990.0,4990.0,3,True,False,,3136160649.0,,,,
Determinazione_229__5045_DeterminadiImpegno_Copia_763_2025_1.pdf,Determinazione,Cultura e Turismo,Bando,high,text,19945c38379dbb3f36820da40eeb7d8a3ac781069d85c353292827b8b596d712,16263,2601,764,11,B9D026BD4A,J39I25000810006,4,3,16,"2000,2009,2011,2012,2013,2014,2020,2021,2023,2024,2025,2026,2027",132000.0,245175.3,12,True,False,,5988471214.0,,36/2023,,
Determinazione_229__5045_VistoContabile_2.pdf,VistoContabile,Contabilità,,high,text,91806e013ec9b926cf2dd7f5f642dc89c7619e07ce495e2a626f078f1a861f59,1554,245,146,3,B9D026BD4A,J39I25000810006,1,1,2,"2000,2014,2020,2021,2025,2027",12000.0,12000.0,3,True,False,,5988471214.0,,,,
Determinazione_229__5046_DeterminadiImpegno_Copia_764_2025_1.pdf,Determinazione,Cultura e Turismo,,high,text,46afa2bf629f45f94a268e948aef98dd769de54511c739c32143fa6e6eab8d7f,15596,2496,749,11,B9D044A894,J39I25000810006,4,3,15,"2000,2009,2011,2012,2013,2014,2020,2021,2023,2024,2025,2026,2027",132000.0,203672.14,12,True,False,,7751631214.0,,36/2023,,
Determinazione_229__5046_VistoContabile_2.pdf,VistoContabile,Contabilità,,high,text,b3b7479a081280c76af00bfc10278d5fd8e79e785de58ab038dea70c1073ce81,1322,209,131,3,B9D044A894,J39I25000810006,1,1,1,"2000,2014,2020,2025",8000.0,8000.0,3,True,False,,7751631214.0,,,,
Determinazione_229__5047_DeterminadiImpegno_Copia_765_2025_1.pdf,Determinazione,Cultura e Turismo,,high,text,8e29ca4569c7acda158a05b069401df2c107b8a5293c72dd50984ddf40d8d197,15813,2497,747,11,B9CADA14F1,J39I25000810006,4,3,15,"2000,2009,2011,2012,2013,2014,2020,2021,2023,2024,2025,2026,2027",132000.0,160000.0,12,True,False,,2888150642.0,,36/2023,,
Determinazione_229__5047_VistoContabile_2.pdf,VistoContabile,Contabilità,,high,text,f70d2053f605bf0b8589b014a4130462c21249310fa651c819b6c85acd1714b4,1334,208,134,3,B9CADA14F1,J39I25000810006,1,1,1,"2000,2014,2020,2025",2000.0,2000.0,3,True,False,,2888150642.0,,,,
Determinazione_229__5460_DeterminadiLiquidazione_Copia_229_2026_1.pdf,Determinazione,Contabilità,Liquidazione,ml_predicted,text,8ea3b798ecb29c0af0f80bdc1f8c050f668f02ec10fa5d530ac90e31c6bf77f1,13935,2304,621,22,A00259979E,J25E22000370006,3,3,14,"2000,2010,2011,2012,2016,2018,2021,2022,2023,2024,2025,2026",840222.9,4308299.32,20,True,False,,2561700648.0,,36/2023,,
Determinazione_229__5460_VistoContabile_2.pdf,VistoContabile,Contabilità,Liquidazione,high,text,bfa1be8f43fa52265c41b45b57f9855da3042987228337b1caa836524feccdce,2074,325,142,6,A00259979E,,2,2,1,"2000,2024,2026",156062.72,450826.64,6,True,False,,2561700648.0,,,,
Determinazione_22__5097_DeterminadiLiquidazione_Copia_22_2026_1.pdf,Determinazione,Contabilità,Liquidazione,high,text,973bb7d26175388209764524e38f895e18c4cdbf1dd7fe99de41a164339b225c,13629,2180,551,17,B794E41995,J27H24002020004,4,16,17,"2000,2012,2014,2023,2025,2026,2036",11228.88,84968.0,17,True,False,,2506510649.0,,36/2023,,
Determinazione_22__5097_VistoContabile_2.pdf,VistoContabile,Contabilità,Liquidazione,high,text,4927c76e2bdb13a74e256d41c6c9f4464f0fa3090f98e0fa21bd58065f0045cd,1515,237,149,3,B794E41995,J22E24000190004,1,3,1,"2000,2025,2026",5443.15,5443.15,3,True,False,,2506510649.0,,,,
Determinazione_22__5359_DeterminaGenerica_Copia_180_2026_1.pdf,Determinazione,Servizi Demografici,,high,text,167114e6ac809f0cf3fd73c4152d8c60ce4f44db8b1261a57eae9e299b2a8ba6,3846,628,244,4,,,0,0,13,"2000,2011,2026",650.0,2300.0,4,True,False,,,,,,
Determinazione_230__5458_DeterminadiImpegno_Copia_230_2026_1.pdf,Determinazione,Affari Generali,Liquidazione,high,text,30e3de1d3e1ffbe792ca37c52c45f66047ba361c5627a86f178d9a71c25a4d2f,12022,1972,558,8,BA4838EC91,,4,1,12,"2000,2005,2009,2010,2011,2012,2013,2016,2023,2024,2025,2026",9506.14,14640.58,8,True,False,,,,50/2016,,
Determinazione_230__5458_VistoContabile_2.pdf,VistoContabile,Contabilità,,high,text,54bbc33421ec4bc08e410f361fb2e4bb9f85d7b3f2da061c3ec81400f7ffc3f9,1168,194,118,3,,,1,1,1,"2000,2005,2024,2025,2026",1200.0,1200.0,3,True,False,,,,,,
Determinazione_231__5459_DeterminadiImpegno_Copia_231_2026_1.pdf,Determinazione,Affari Generali,Liquidazione,high,text,c7dadf6ad2d08dee4537fd08c6c2b94ce02ba7ba73a9383ce04b994ffeecb3da,12027,1968,559,8,BA48231C90,,4,1,12,"2000,2005,2009,2010,2011,2012,2013,2016,2023,2024,2025,2026",9506.14,45002.14,8,True,False,,1114601006.0,,50/2016,,
Determinazione_231__5459_VistoContabile_2.pdf,VistoContabile,Contabilità,,high,text,8f5f28197f239c43204b679395a99896aa4ef0df368308884a3c9dbdb6a133de,1194,195,119,3,BA48231C90,,1,1,1,"2000,2005,2024,2025,2026",8296.0,8296.0,3,True,False,,1114601006.0,,,,
Determinazione_2320__5103_DeterminadiLiquidazione_Copia_29_2026_1.pdf,Determinazione,Contabilità,Liquidazione,ml_predicted,text,5d9d1e69f21717fb3f62a3c758ca5c99eeb77046f16264064d1a1dd8f239b378,9723,1605,510,10,,,2,2,10,"2000,2001,2006,2010,2012,2013,2016,2024,2025,2026,2027",81543.72,256299.77,8,True,False,,3532640616.0,,,,
Determinazione_2320__5103_VistoContabile_2.pdf,VistoContabile,Contabilità,Liquidazione,high,text,bdb805dc673035513ea1843664a01e6e27f376e0bb544e2bb6394533a33dcb37,2104,330,129,6,,,2,2,1,"2000,2025,2026",42441.68,113727.71,6,True,False,,3532640616.0,,,,
Determinazione_2320__5372_DeterminadiLiquidazione_Copia_184_2026_1.pdf,Determinazione,Contabilità,Liquidazione,high,text,9ae28f1836830b9e42a91a3e8f3e598988e8ee803c5786b6dc457645fceb179f,9000,1511,519,8,,,1,1,10,"2000,2001,2006,2010,2012,2013,2016,2024,2025,2026",81543.72,18886.16,6,True,False,,2638420618.0,,,,
Determinazione_2320__5372_VistoContabile_2.pdf,VistoContabile,Contabilità,Liquidazione,high,text,0b98673c9aee59c7d1c746202035e7c32a0d1dff00fb6cccd92ff73687cb7aad,1185,194,117,3,,,1,1,1,"2000,2025,2026",5417.36,5417.36,3,True,False,,,,,,
Determinazione_232__5213_Allegato_A_2.pdf,Determinazione,Contabilità,,ml_predicted,text,875a40cc30553a4f90f47b1a53eb7bb9c5a2ac519edb471812951a0d79657119,181,42,42,0,,,0,0,0,,,,0,True,True,,,,,,
Determinazione_232__5213_DeterminadiLiquidazione_Copia_100_2026_1.pdf,Determinazione,Contabilità,Liquidazione,ml_predicted,text,3c598b48c41b651a91dcc56b156a8bfb8b75340deaa4377f1dbe7ecff07bd9d0,8921,1432,471,3,,,1,1,14,"2000,2012,2016,2021,2024,2025,2026",18000.0,18000.0,3,True,False,,234558.0,,50/2016,,Partita IVA 00000234558 formalmente errata (Checksum fallito)
Determinazione_232__5213_VistoContabile_3.pdf,VistoContabile,Contabilità,Liquidazione,high,text,8df470cab1d85f566952f8bd94d3043ded532974c53b70818d1c48e7e197a083,1414,223,136,3,,,1,1,1,"2000,2025,2026",18000.0,18000.0,3,True,False,,234558.0,,,,Partita IVA 00000234558 formalmente errata (Checksum fallito)
Determinazione_232__5472_DeterminadiLiquidazione_Copia_232_2026_1.pdf,Determinazione,Contabilità,Liquidazione,ml_predicted,text,9ccc230bf024094ecc2a7ace561524a3e2d180da3e374dd2a7bc509425d68c17,12314,1973,587,12,A0135771B6,J27B23000020001,2,3,13,"2000,2001,2010,2013,2014,2016,2021,2022,2023,2024,2025,2026",498552.0,63376.0,12,True,False,,234552.0,,36/2023,,Partita IVA 00000234552 formalmente errata (Checksum fallito)
Determinazione_232__5472_VistoContabile_2.pdf,VistoContabile,Contabilità,Liquidazione,high,text,d972077458a32d8e1795bf5cb3d5105a9f38a247ca5e1b0d4ce3d7fe1d8fa92a,1377,215,134,3,A0135771B6,J27B23000020001,1,1,1,"2000,2023,2026",8296.0,8296.0,3,True,False,,234552.0,,,,Partita IVA 00000234552 formalmente errata (Checksum fallito)
Determinazione_233__5473_DeterminadiLiquidazione_Copia_233_2026_1.pdf,Determinazione,Contabilità,Liquidazione,high,text,12f7fc429fc25518eb6743417631e7ff0f9da1c4018555187d685bcd1f7ab590,9851,1592,529,6,ATTRIBUITO,,2,1,10,"2000,2010,2012,2014,2015,2016,2018,2019,2020,2026",22752.88,68258.64,6,True,False,,3023240645.0,,,,
Determinazione_233__5473_VistoContabile_2.pdf,VistoContabile,Contabilità,Liquidazione,high,text,a5fe9a08707702a06dd3126e96868b5961b8f27c3eaf6270fafb8b9cc45647cf,1592,250,141,3,7564700BE9,,1,1,1,"2000,2026",22752.88,22752.88,3,True,False,,3023240645.0,,,,
Determinazione_234__5474_DeterminadiImpegno_Copia_234_2026_1.pdf,Determinazione,Contabilità,,ml_predicted,text,bddd139f4b8cdbe733c47c0c1507f6e9563b8269dee3f54f1f5ca2921c5a8dc0,13302,2199,659,10,BAF964DB07,,3,1,16,"2000,2006,2010,2011,2012,2015,2018,2023,2025,2026",140000.0,170672.0,9,True,False,IVA inclusa,488410010.0,,36/2023,,
Determinazione_234__5474_VistoContabile_2.pdf,VistoContabile,Contabilità,,high,text,6eecef3bf96644682bbe43e4ecf51543f0e9d4c4625d6fde752b7e3d0b87962f,1219,204,128,3,BAF964DB07,,1,1,1,"2000,2026",5270.4,5270.4,3,True,False,,488410010.0,,,,
Determinazione_235__5475_DeterminadiLiquidazione_Copia_235_2026_1.pdf,Determinazione,Contabilità,Liquidazione,high,text,56c9d660957da28fdcd11a63d06469c31d0aadf9980fe5eea791bf19dce784d2,10792,1750,550,14,97448318EE,J25E22000370006,4,8,10,"2000,2011,2018,2021,2022,2023,2024,2025,2026",780313.0,213206.27,13,True,False,,2399140645.0,,,,
Determinazione_235__5475_VistoContabile_2.pdf,VistoContabile,Contabilità,Liquidazione,high,text,93207dc0b9b450aa0665b5089dadc7346ac583b4ca44b1ae829a5a91310ab86b,1388,223,139,3,97448318EE,J25E22000370006,1,1,1,"2000,2023,2026",39001.62,39001.62,3,True,False,,2399140645.0,,,,
Determinazione_236__5462_DeterminadiLiquidazione_Copia_236_2026_1.pdf,Determinazione,Contabilità,Liquidazione,high,text,9931ba8eeed0028e10f5eec56ad68e4034a4f6a08559ac345bd40e22818d56aa,5588,924,328,9,BA3583CACB,,4,1,12,"2000,2014,2016,2025,2026",80.0,430.0,9,True,False,IVA,2629520640.0,,50/2016,,
Determinazione_236__5462_VistoContabile_2.pdf,VistoContabile,Contabilità,Liquidazione,high,text,8762877e6825f3c356fe183ae7a624be23f53b2f4066801f63c95b82dfd2d764,1422,222,135,3,BA3583CACB,,1,1,1,"2000,2026",80.0,80.0,3,True,False,,2629520640.0,,,,
Determinazione_239__5470_DeterminadiImpegno_Copia_239_2026_1.pdf,Determinazione,Cultura e Turismo,Liquidazione,high,text,6231c14314fb59c1bc32ec3d19ff33db15ac1c259a31918f6d8661ca43ea7d9a,19443,3106,861,14,BB239B68C0,J27B23000020001,3,3,14,"2000,2009,2010,2012,2013,2014,2021,2022,2023,2025,2026",495315.0,681127.0,13,True,False,,,,36/2023,,
Determinazione_239__5470_VistoContabile_2.pdf,VistoContabile,Contabilità,,high,text,67445d992915f6d94c983f0ba4849960b69adb580215233256d76d8c49e29ae8,1183,191,126,3,BB239B68C0,J27B23000020001,1,1,1,"2000,2025,2026",24278.0,24278.0,3,True,False,,,,,,
Determinazione_23__5096_DeterminadiLiquidazione_Copia_23_2026_1.pdf,Determinazione,Contabilità,Liquidazione,high,text,ec951dcbb2c403b52bdd60a63df4c3f6747fcf64b01b906512fa66e601cfbe17,7547,1231,395,7,B5EEF4D984,,2,1,15,"2000,2011,2025,2026,2027",1464.0,4656.0,6,True,False,,2098391200.0,,,,
Determinazione_23__5096_VistoContabile_2.pdf,VistoContabile,Contabilità,Liquidazione,high,text,ae74fa977e5976d8d43a69719eb99d89aff8b632dcbb8cf700f196eb35a0062d,1224,200,116,3,B5EEF4D984,,1,1,1,"2000,2026",1464.0,1464.0,3,True,False,,2098391200.0,,,,
Determinazione_23__5360_DeterminaGenerica_Copia_181_2026_1.pdf,Determinazione,Servizi Demografici,,high,text,1e20cc7f93930149b2bab4cd1f2c49e0d3a61f6273afdb11afc54d1eb6e5aa48,3841,629,244,4,,,0,0,13,"2000,2011,2026",650.0,1600.0,4,True,False,,,,,,
Determinazione_240__5471_DeterminadiLiquidazione_Copia_240_2026_1.pdf,Determinazione,Contabilità,Liquidazione,ml_predicted,text,78c59b9cadda34830da4f03193dc74443ff162eb103fed88ae1e5b6348131e3c,12200,1959,605,9,BA30E71574,,5,1,10,"2000,2001,2010,2023,2025,2026,2027,2028",19000.0,19000.0,3,True,False,,5892970152.0,,36/2023,,
Determinazione_240__5471_VistoContabile_2.pdf,VistoContabile,Contabilità,Liquidazione,high,text,607c9270c7a123bd5b7dedfbffbceae5ee4bbb2c7855199f9252f9437acb7877,1351,225,130,3,BA30E71574,,2,1,1,"2000,2023,2026,2027",19000.0,19000.0,3,True,False,,5892970152.0,,36/2023,,
Determinazione_241__5476_DeterminadiLiquidazione_Copia_241_2026_1.pdf,Determinazione,Contabilità,Liquidazione,ml_predicted,text,e579f62643bd1ce86125b9ff6d056cb9035826759912a34dcb3aae4f6375bd72,10580,1704,518,17,,J25E22000370006,1,5,11,"2000,2016,2018,2021,2022,2023,2024,2025,2026",840222.9,3336381.1,15,True,False,,,,50/2016,,
Determinazione_241__5476_VistoContabile_2.pdf,VistoContabile,Contabilità,Liquidazione,high,text,1b93103e2f8c93130ad3a60914c7a1fac8f23369a6dde6acd50389d2bb7c13f0,1226,202,130,3,,,1,1,1,"2000,2024,2026",156062.72,164942.72,3,True,False,,,,,,
Determinazione_243__5479_DeterminadiLiquidazione_Copia_243_2026_1.pdf,Determinazione,Contabilità,Liquidazione,high,text,98fd5b7d20742648de5af1b161afde9806e7c457f80016039445df7d81b841d5,8264,1374,463,15,BAE0730F32,,3,1,12,"2000,2010,2012,2021,2023,2026,2028",230.78,1846.24,14,True,False,,5578431214.0,,,,
Determinazione_243__5479_VistoContabile_2.pdf,VistoContabile,Contabilità,Liquidazione,high,text,b5eb2d5ef3eda959e79e38b4a624d7597ca7fcbd6fee1a964fa7a811f3168ddf,1265,204,124,3,BAE0730F32,,1,1,1,"2000,2026",230.78,230.78,3,True,False,,5578431214.0,,,,
Determinazione_247__5484_DeterminadiImpegno_Copia_247_2026_1.pdf,Determinazione,Contenzioso,Liquidazione,high,text,d639402543b1def587c9baf017a5e264a0f541df68567246a11fbe89a5845303,11013,1781,559,9,,,2,2,10,"2000,2001,2006,2010,2012,2014,2016,2018,2025,2026",3100.0,10000.0,8,True,False,,3110370651.0,,50/2016,,
Determinazione_247__5484_VistoContabile_2.pdf,VistoContabile,Contabilità,Nomina,high,text,a73bf7d14c655a5b682c7b9b5a218722b52e168fe56de30c0633d6ca01012857,1919,304,137,6,,,2,2,1,"2000,2026",3100.0,5000.0,6,True,False,,3110370651.0,,,,
Determinazione_249__5488_DeterminadiImpegno_Copia_249_2026_1.pdf,Determinazione,Ambiente,,ml_predicted,text,f36dd06618faf8978feeb1694ad3153a5e2d079f011102a51c7cd6adf0b51504,6195,1026,392,5,BB3EB69F1F,,2,1,10,"2000,2023,2025,2026",3780.0,6093.3,5,True,False,,488410010.0,,36/2023,,
Determinazione_249__5488_VistoContabile_2.pdf,VistoContabile,Contabilità,,high,text,1a5c8c41c30167c784a5afb1584c927cd51ca4713b085cb3cd80d123269a217b,1085,182,113,3,BB3EB69F1F,,1,1,1,"2000,2026",2305.8,2305.8,3,True,False,,488410010.0,,,,
Determinazione_250__5490_DeterminaGenerica_Copia_250_2026_1.pdf,Determinazione,Affari Generali,,high,text,f4e46c0572a599f2b110e5814ef3b6df8d84718020d82ba0d8edc13b21455c00,5813,975,397,7,98295587DD,,3,0,19,"2000,2010,2012,2016,2022,2023,2024,2025,2026",189000.0,4680.0,2,True,False,,4399520651.0,,50/2016,,
Determinazione_253__5494_DeterminadiLiquidazione_Copia_253_2026_1.pdf,Determinazione,Contabilità,Liquidazione,high,text,0ce0c9a2c2c6b3ba539449c893c83c7cdca1de1a13a85758b1a8ac88f0610345,7496,1193,375,12,B8A065D86E,,4,3,11,"2000,2010,2016,2025,2026",6750.0,8986.27,11,True,False,,3225740640.0,,50/2016,,
Determinazione_253__5494_VistoContabile_2.pdf,VistoContabile,Contabilità,Liquidazione,high,text,103754d3ab3cbbb86ec92ef7e8d4a9dfc22308ac8ccbf430b5880e1f8f326a32,3052,463,166,9,B9B46B2165,,3,3,1,"2000,2025,2026",6750.0,7591.25,9,True,False,,3225740640.0,,,,
Determinazione_256__5497_DeterminaGenerica_Copia_256_2026_1.pdf,Determinazione,Contabilità,Liquidazione,high,text,53dacf4ce6c175be78835c18f111f5bde868a53fbfe9d1ce641fbdc226e8acdd,6097,972,383,7,,,0,0,10,"2000,2001,2015,2016,2018,2020,2025,2026",10142.0,17972.14,7,True,False,,,,,,
Determinazione_257__5498_DeterminaGenerica_Copia_257_2026_1.pdf,Determinazione,Contabilità,Nomina,ml_predicted,text,104c43603ba2292b442d82f532f2c4cb9702cd59095e63834be55383e315f60f,5733,932,358,2,,,0,0,13,"2000,2011,2025,2026",760.0,760.7,2,True,False,,,,,,
Determinazione_259__5509_DeterminadiImpegno_Copia_259_2026_1.pdf,Determinazione,Personale,Concorso,high,text,730c08eb9aebc22c64ee8257ddb84d4289a2d8bc1bcf9915424ef163b99a7792,11481,1888,564,11,BB4F1BC930,,3,1,11,"2000,2010,2012,2023,2026,2028",5000.0,36324.2,13,True,False,,2592470617.0,,36/2023,,
Determinazione_259__5509_VistoContabile_2.pdf,VistoContabile,Contabilità,,high,text,59428b90e0af7f88861acd00bc05848f06734ffc0967596b5cc392346d4222fc,1207,194,117,3,BB4F1BC930,,1,1,1,"2000,2026",3662.44,3662.44,3,True,False,,2592470617.0,,,,
Determinazione_260__5504_DeterminadiImpegno_Copia_260_2026_1.pdf,Determinazione,Personale,Concorso,high,text,d09bf599930a3f92e03880154fcc8787ce6d4fdcbf2eccac37c964661f7b9530,13504,2150,666,8,BB4FDD3345,,4,1,10,"2000,2005,2010,2011,2014,2019,2022,2023,2025,2026",1225.0,4450.0,6,True,False,mille/00,3079550640.0,,36/2023,,
Determinazione_260__5504_VistoContabile_2.pdf,VistoContabile,Contabilità,Concorso,high,text,7115dd7418cb63e2a8bc16901a71589e9c146cb6f93a7275094aae3d58671edb,1403,227,147,3,BB4FDD3345,,1,1,1,"2000,2023,2026",1225.0,1225.0,3,True,False,,,,36/2023,,
Determinazione_261__5505_DeterminadiImpegno_Copia_261_2026_1.pdf,Determinazione,Personale,Concorso,high,text,235af5c3e4ef32a39fc706d8ba1b9fb023162f8d0e87ffb192bd7d849511aee0,13559,2170,675,8,BB501CDB57,,4,1,10,"2000,2005,2010,2011,2014,2019,2022,2023,2025,2026",400.0,1600.0,6,True,False,,,,36/2023,,
Determinazione_261__5505_VistoContabile_2.pdf,VistoContabile,Contabilità,Concorso,high,text,9243b5eb3cd98388789bff906b78c2c733ce9d9df945fbd6a814721de0cb2940,1439,235,150,3,BB501CDB57,,1,1,1,"2000,2023,2026",400.0,400.0,3,True,False,,,,36/2023,,
Determinazione_262__5506_DeterminadiImpegno_Copia_262_2026_1.pdf,Determinazione,Personale,Concorso,high,text,0bcef2a3bff93f7da05cd787526e0e947cbacc97cb15da72911513ccd5400b04,13420,2158,672,9,BB501E4E51,,4,1,10,"2000,2005,2010,2011,2014,2019,2022,2023,2025,2026",976.0,4880.0,7,True,False,,6124340651.0,,36/2023,,
Determinazione_262__5506_VistoContabile_2.pdf,VistoContabile,Contabilità,Concorso,high,text,eb69e8089121515ae7c718a0cebb0f6b0d8d0ab8b5f528080feb300356f62f2b,1369,222,143,3,BB501E4E51,,1,1,1,"2000,2023,2026",976.0,976.0,3,True,False,,,,36/2023,,
Determinazione_263__5507_DeterminadiLiquidazione_Copia_263_2026_1.pdf,Determinazione,Contabilità,Liquidazione,ml_predicted,text,b62887245cbf4f21e72b6e47e38970496ac8694c9624277781b5897619c94b06,12217,1958,603,9,BA30E71574,,5,1,10,"2000,2001,2010,2023,2025,2026,2027,2028",16102.27,16102.27,3,True,False,,5892970152.0,,36/2023,,
Determinazione_263__5507_VistoContabile_2.pdf,VistoContabile,Contabilità,Liquidazione,high,text,966cdb4fc281f16729b89f2b604024c14690923a1776b5fb24eb84f64637d707,1396,231,134,3,BA30E71574,,2,1,1,"2000,2023,2026,2027",16102.27,16102.27,3,True,False,,5892970152.0,,36/2023,,
Determinazione_264__5508_DeterminadiLiquidazione_Copia_264_2026_1.pdf,Determinazione,Contabilità,Liquidazione,high,text,6ed5b0aa103d73374f3112c2b77ee9568a660ef56670cb006184b9100395666e,10627,1722,507,14,,,4,4,10,"2000,2001,2010,2014,2015,2025,2026",37329.81,55917.65,13,True,False,,12883420155.0,,,,
Determinazione_264__5508_VistoContabile_2.pdf,VistoContabile,Contabilità,Liquidazione,high,text,e4fdde40d761d2f041dd6118501f52b222f63fc7f446e743b242df8722df944b,3171,486,143,12,,,4,4,1,"2000,2025,2026",36904.36,50917.65,12,True,False,,12883420155.0,,,,
Determinazione_2672000__4971_DeterminadiImpegno_Copia_710_2025_1.pdf,Determinazione,Regolamenti,Variazione di Bilancio,high,text,868ec87735b15d38058ef62ff74caaf5f1b0b26e1f35170675abe49517b0dca2,7261,1194,389,0,,,0,0,11,"2000,2011,2021,2024,2025,2027",,,0,True,True,,,,,,
Determinazione_2672000__4971_Stampa_allegato_8_1_2025_336687_2.pdf,Determinazione,Affari Generali,,high,text,860685aae093d73446d1af492532ab904fe27647d85a669aba3f025db297a4de,2740,474,158,0,,,0,0,2,"2011,2025",,,0,True,True,,,,,,
Determinazione_2672000__4971_VistoContabile_3.pdf,VistoContabile,Contabilità,,high,text,ec7ed0be6bcbc99f4e18b0d8c2974520de540dc8887e694dcee27a62f4b71fa7,522,97,56,0,,,0,0,1,"2000,2025",,,0,True,False,,,,,,
Determinazione_269__5513_DeterminadiLiquidazione_Copia_269_2026_1.pdf,Determinazione,Contabilità,Liquidazione,high,text,73cd73c492d9d1003ead0483ab0477cd99aa1d32d651fab1a1012dc59149b200,8026,1277,446,17,,,2,2,10,"2000,2017,2025,2026",1700.0,11093.92,17,True,False,,2035210794.0,IT30J0760104400000016657884,,,
Determinazione_269__5513_VistoContabile_2.pdf,VistoContabile,Contabilità,Liquidazione,high,text,4d0212668ad420d348a2362b072e45c763bfe684696ca726c605cc8f28937029,1779,275,121,6,,,2,2,1,"2000,2025,2026",800.0,1543.92,6,True,False,,2035210794.0,,,,
Determinazione_270__5514_DeterminadiLiquidazione_Copia_270_2026_1.pdf,Determinazione,Contabilità,Liquidazione,high,text,dbb6362d281027429e684e5b03e26b235264185e30aa6c7d3ea1f0e3331185b9,6710,1101,409,6,,,2,1,12,"2000,2010,2011,2017,2026",1487.96,5951.84,6,True,False,,2125521001.0,,,,
Determinazione_270__5514_VistoContabile_2.pdf,VistoContabile,Contabilità,Liquidazione,high,text,d1b45e89c9408267f9f94d04dfd466c82c4de6fdae8f457faf20ba67b2056646,1209,194,113,3,,,1,1,1,"2000,2026",1487.96,1487.96,3,True,False,,2125521001.0,,,,
Determinazione_272__5521_DeterminadiImpegno_Copia_272_2026_1.pdf,Determinazione,Contabilità,Liquidazione,ml_predicted,text,09061df67d1b6133038fb26314b880658eff93a6c2a1c03aabcc64dfdea13d43,22975,3691,1024,16,BB5BBE19D0,J27G22000110006,3,2,15,"2000,2009,2010,2011,2012,2013,2014,2020,2021,2022,2023,2024,2025,2026",384930.0,1658776.0,15,True,False,,2515051213.0,,36/2023,,
Determinazione_272__5521_VistoContabile_2.pdf,VistoContabile,Contabilità,,high,text,9cdaf8ddf00f8aca906cbc9e020187ecf325355215317b0eb3e051ccda0ffafc,1243,208,134,4,BB5BBE19D0,J27G22000110006,1,1,2,"2000,2023,2024,2026",71462.0,99562.0,4,True,False,,2515051213.0,,,,
Determinazione_274__5523_DeterminadiImpegno_Copia_274_2026_1.pdf,Determinazione,Contabilità,Liquidazione,high,text,d420248777e95ee0b11d3c2c36ce6af11f43e2f2e886696741591f69c9786606,12234,1971,669,7,BB6742F1A4,,4,1,17,"2000,2001,2010,2011,2012,2013,2014,2023,2025,2026,2028",3148.21,8881.56,5,True,False,,7783411213.0,,36/2023,,
Determinazione_274__5523_VistoContabile_2.pdf,VistoContabile,Contabilità,Liquidazione,high,text,fedb80d270ba3fb323b5e54607d24b1c376727491882e5a5f62c353570fccedc,1163,191,122,3,BB6742F1A4,,1,1,1,"2000,2025,2026",3148.21,3148.21,3,True,False,,7783411213.0,,,,
Determinazione_275__5526_DeterminadiImpegno_Copia_275_2026_1.pdf,Determinazione,Contabilità,Liquidazione,high,text,30d3d44fe86bc562a18a3b45198ff3327808da99c3fe74fbc2bfe1b3b4007c04,20135,3156,891,14,BB3B832B96,,6,2,12,"2000,2001,2006,2010,2013,2018,2019,2020,2021,2022,2023,2026,2027,2028",603945.0,1392911.1,12,True,False,,4416310615.0,,36/2023,,
Determinazione_275__5526_VistoContabile_2.pdf,VistoContabile,Contabilità,,high,text,4f43daa1dcc26cf43f3690c25fd638930d881cc29b275e920461d71fb8488f29,2045,322,141,6,BB3B832B96,,2,2,1,"2000,2021,2022,2023,2026,2027",34059.1,66313.1,6,True,False,,4416310615.0,,,,
Determinazione_276__5535_DeterminadiLiquidazione_Copia_276_2026_1.pdf,Determinazione,Contabilità,Liquidazione,high,text,df9b5a366a9803bdef72f488df7246965070f1922aaa51c31a5673e7ae09d92b,7644,1271,444,8,,,1,1,15,"2000,2012,2014,2015,2016,2017,2018,2019,2026,2073",2260829.45,1649753.91,7,True,False,,2275820641.0,,50/2016,,
Determinazione_276__5535_VistoContabile_2.pdf,VistoContabile,Contabilità,Liquidazione,high,text,f6cbfae70d5a99f53f0c4bb13d68357dd609e51be9e9d6715722681db4222454,1368,214,128,3,,,1,1,1,"2000,2026,2073",41244.97,41244.97,3,True,False,,2275820641.0,,,,
Determinazione_277__5533_DeterminadiLiquidazione_Copia_277_2026_1.pdf,Determinazione,Contabilità,Liquidazione,high,text,4479a0ad9726eed965ddb9e83bde5f44ab5b0d5cb99099cc47d52c4fcc4a6d14,6438,1047,363,8,BB4FDD3345,,2,1,13,"2000,2010,2014,2016,2023,2025,2026",1225.0,6085.0,8,True,False,IVA,3709550640.0,,36/2023,,Partita IVA 03709550640 formalmente errata (Checksum fallito)
Determinazione_277__5533_VistoContabile_2.pdf,VistoContabile,Contabilità,Liquidazione,high,text,28e0872ae80514aa7bac8cfde0fb0831b0fcd7c6990c3a5e76d6c02269e4c357,1525,244,154,3,BB4FDD3345,,1,1,1,"2000,2023,2026",1225.0,1225.0,3,True,False,,,,36/2023,,
Determinazione_278__5534_DeterminadiLiquidazione_Copia_278_2026_1.pdf,Determinazione,Contabilità,Liquidazione,high,text,fe79079a7027e4f8dd66c23db1ff8d62924b6f04c1661d5387ba0380a4005fc8,10916,1730,458,17,,,4,4,11,"2000,2001,2022,2023,2024,2025,2026,2027",24587.6,80162.79999999999,13,True,False,,,,,,
Determinazione_278__5534_VistoContabile_2.pdf,VistoContabile,Contabilità,Liquidazione,high,text,9970c4b2ac7d5ecff74866b1e95941663fff61ca6cc6504b3e9a7204d187a757,3213,489,124,12,,,4,4,1,"2000,2025,2026",24587.6,74962.79999999999,12,True,False,,,,,,
Determinazione_27__5102_DeterminadiLiquidazione_Copia_27_2026_1.pdf,Determinazione,Contabilità,Liquidazione,high,text,fd946ae1e1760cef0d709435b53d1ed8653cf51565782dc8c7b256e5c83eec04,8801,1464,426,23,B8AC98DB53,,3,2,10,"2000,2006,2012,2016,2018,2025,2026",5000.0,11441.24,20,True,False,,3059920649.0,,50/2016,,
Determinazione_27__5102_VistoContabile_2.pdf,VistoContabile,Contabilità,Liquidazione,high,text,1dbce41bb8dd26c14ab48ddab321a81d3be79c354983ef6f47d64678982afcd7,2230,343,147,6,B8AC98DB53,,2,2,1,"2000,2025,2026",1000.0,1251.72,6,True,False,,3059920649.0,,,,
Determinazione_281__5544_DeterminadiImpegno_Copia_281_2026_1.pdf,Determinazione,Ambiente,Liquidazione,ml_predicted,text,30a8ca2681b4ee7921ec256e93cd0a72497b5e05aa727907b4e9c4cddd582930,21692,3374,902,16,BB3D76E21B,J27B23000010001,5,6,14,"2000,2006,2009,2010,2012,2013,2014,2021,2022,2023,2025,2026",495315.0,671305.0,14,True,False,euro ventitremilasettecentonovanta/00,3036570640.0,,36/2023,,
Determinazione_281__5544_VistoContabile_2.pdf,VistoContabile,Contabilità,,high,text,cf63cb3c099bbac233c5de235688fb1d8c494998cc4e4af08e0dbee857a27dcc,2292,335,145,6,BB3D76E21B,J27B23000010001,2,2,1,"2000,2025,2026",1134.0,1800.0,6,True,False,,3036570640.0,,,,
Determinazione_282__5545_DeterminadiImpegno_Copia_282_2026_1.pdf,Determinazione,Contabilità,Liquidazione,ml_predicted,text,b576d9cc04fcb4bb74a8ff1df27ae24ad4625858ab923c6f6c72e079650992ad,21038,3294,904,16,BB3D8C2AAC,J27B23000020001,5,6,14,"2000,2006,2009,2010,2012,2013,2014,2021,2022,2023,2025,2026",495315.0,678705.0,14,True,False,euro ventitremilasettecentonovanta/00,3036570640.0,,36/2023,,
Determinazione_282__5545_VistoContabile_2.pdf,VistoContabile,Contabilità,,high,text,b60c2cc2c94b005695be8bcee97002fc179f6f25ccd051864fc6229fc10bae18,1830,280,132,6,BB3D8C2AAC,J27B23000020001,2,2,1,"2000,2025,2026",2299.5,3650.0,6,True,False,,3036570640.0,,,,
Determinazione_283__5548_DeterminadiImpegno_Copia_283_2026_1.pdf,Determinazione,Contabilità,Liquidazione,ml_predicted,text,bccf6c1c653469261b01adffa82e0201870b6b4d1c3f9e032a57dc7b4ea09d69,20277,3194,902,12,BB3D6CBB95,J25E24000230006,4,5,13,"2000,2006,2009,2010,2012,2013,2014,2021,2023,2024,2025,2026",140000.0,189789.0,10,True,False,euro ventitremilasettecentonovanta/00,3036570640.0,,36/2023,,
Determinazione_283__5548_VistoContabile_2.pdf,VistoContabile,Contabilità,,high,text,598e07eed83bf9ff80653199cd4588e4123ea74e9b898c6704474f1fbcdffd95,1121,180,117,3,BB3D6CBB95,J25E24000230006,1,1,1,"2000,2025,2026",4599.0,4599.0,3,True,False,,3036570640.0,,,,
Determinazione_284__5547_DeterminadiImpegno_Copia_284_2026_1.pdf,Determinazione,Contabilità,Liquidazione,ml_predicted,text,21ba937efab0c1f54de229969caa3ee98436ef9a393dccba9be3b58443c830d5,20895,3275,906,18,BB3D6527BC,J25E22000370006,5,5,14,"2000,2006,2009,2010,2012,2013,2014,2021,2023,2024,2025,2026",780313.6,1675662.58,16,True,False,euro ventitremilasettecentonovanta/00,3036570640.0,,36/2023,,
Determinazione_284__5547_VistoContabile_2.pdf,VistoContabile,Contabilità,,high,text,9cffd7dcea0ae36ea2baf447dcf7f68323ef55414430a0e97b4c01a6d0c45d72,1750,272,127,6,BB3D6527BC,J25E22000370006,2,2,1,"2000,2024,2026",4599.0,7300.0,6,True,False,,3036570640.0,,,,
Determinazione_285__5546_DeterminadiImpegno_Copia_285_2026_1.pdf,Determinazione,Contabilità,Liquidazione,ml_predicted,text,646fe5f5a7d183e2dd400ed4ec7e2517bda7ffd7c66c9b3697960c30958a40cc,20757,3249,888,15,BB3D5A4825,J27G22000110006,5,6,13,"2000,2006,2009,2010,2012,2013,2014,2021,2023,2025,2026",140000.0,183290.0,13,True,False,euro ventitremilasettecentonovanta/00,3036570640.0,,36/2023,,
Determinazione_285__5546_VistoContabile_2.pdf,VistoContabile,Contabilità,,high,text,b34189b9df1b4c73a22317121bd8d191bd24eba0f6009df759bc9d2f4f96979c,1800,280,129,6,BB3D5A4825,J27G22000110006,2,2,1,"2000,2023,2026",2299.5,3650.0,6,True,False,,3036570640.0,,,,
Determinazione_287__5553_DeterminadiLiquidazione_Copia_287_2026_1.pdf,Determinazione,Ambiente,Liquidazione,high,text,69a7bb736eac25e1600404d032d652d1ece33f26674ab18ebc858f52add76a8d,16530,2716,652,26,B732483B1B,J24H23000140001,3,7,22,"2000,2009,2010,2012,2016,2021,2022,2023,2024,2025,2026",497980.0,1742081.16,22,True,False,,3078300641.0,,36/2023,,
Determinazione_287__5553_VistoContabile_2.pdf,VistoContabile,Contabilità,Liquidazione,high,text,75cefa90b4d4ba5e45bcb58036b30afc194989f8dcc09101fadfc98110fb4920,1657,260,147,3,B732483B1B,J24H23000140001,1,2,1,"2000,2023,2025,2026",109380.5,109380.5,3,True,False,,3078300641.0,,36/2023,,
Determinazione_288__5554_DeterminadiLiquidazione_Copia_288_2026_1.pdf,Determinazione,Ambiente,Liquidazione,high,text,ca437b9c77e33da176610d836ee227c60bbf4b9f7ab0edf0b53be6a0c4e25f06,10457,1686,534,13,BA3E42D686,,3,1,10,"2000,2009,2010,2011,2012,2013,2016,2023,2026",43540.12,210027.72,14,True,False,,782681217.0,,36/2023,,
Determinazione_288__5554_VistoContabile_2.pdf,VistoContabile,Contabilità,Liquidazione,high,text,040f6dc3b0d21af74d30f86c3e0744a2263dc36f8f616f14e9515c1ab78c00f9,1441,224,137,3,BA3E42D686,,1,1,1,"2000,2026",4780.12,4780.12,3,True,False,,782681217.0,,,,
Determinazione_289__5566_DeterminadiLiquidazione_Copia_289_2026_1.pdf,Determinazione,Contabilità,Liquidazione,high,text,40e0d78bb23a38d9e148d33b369072fe5f423eb1ff5d247405a823d97ba2a257,9507,1635,487,25,BB13649304,,3,1,11,"2000,2010,2012,2023,2026,2027,2028",2155.47,23331.445,25,True,False,,15483121008.0,,,,
Determinazione_289__5566_VistoContabile_2.pdf,VistoContabile,Contabilità,Liquidazione,high,text,f544219f1002c6998509fc6e1e2a03f9a74fa20929180392a18c92ff8f47b790,1400,235,143,3,BB13649304,,1,1,1,"2000,2026",2155.47,2155.47,3,True,False,,15483121008.0,,,,
Determinazione_28__4978_DeterminadiImpegnoeLiquidazione_Cop2025_1.pdf,Determinazione,Contabilità,Liquidazione,high,text,321b12cc77b81d8695f2e30552b80d27bd58f8190804400a72bab799aa7c75e1,8853,1446,444,10,9406735B48,J24D22001040007,2,2,11,"2000,2013,2014,2019,2020,2022,2024,2025",70000.0,188002.65,9,True,False,,3023240645.0,,,,
Determinazione_28__4978_VistoContabile_2.pdf,VistoContabile,Contabilità,Liquidazione,high,text,ced68514c71eeaab9cd17c690a1d1da8f4c062d400645014f8053937b1a99295,1353,221,134,3,,,1,1,2,"2000,2020,2022,2025",417.55,417.55,3,True,False,,3023240645.0,,,,
Determinazione_28__5098_DeterminaGenerica_Copia_28_2026_1.pdf,Determinazione,Ambiente,Bando,ml_predicted,text,b5101e4a489bdb1ac33c6509234795f16fb72ad86e27381e5391611ecc16355b,16167,2942,668,94,,J24H23000140001,0,3,10,"2000,2009,2011,2012,2013,2016,2020,2021,2022,2023,2024,2025,2026",497980.0,649043.37,83,True,False,,,,36/2023,,
Determinazione_290__5558_DeterminadiLiquidazione_Copia_290_2026_1.pdf,Determinazione,Contabilità,Liquidazione,high,text,887e9b76c18811bb3e1d4e6a1ae348c828328433f5792bc138b75819d6c949a0,9878,1582,460,10,,,3,3,10,"2000,2001,2023,2025,2026,2028",24587.6,30587.6,9,True,False,,,,,,
Determinazione_290__5558_VistoContabile_2.pdf,VistoContabile,Contabilità,Liquidazione,high,text,89925b70415cf3ad3c9503afbe261d4dc3d53e0f06cd287aa71801993c074766,2476,381,122,9,,,3,3,1,"2000,2025,2026",24587.6,30587.6,9,True,False,,,,,,
Determinazione_291__5557_DeterminadiLiquidazione_Copia_291_2026_1.pdf,Determinazione,Contabilità,Liquidazione,high,text,76afc0c63eacc025d340f47ede98b32a09c72f1bf96b006c23231ddc6c1c4ee2,5828,944,348,6,BAADD6A031,,2,1,12,"2000,2010,2016,2024,2026,2073",1098.0,3974.88,6,True,False,,2275820641.0,,50/2016,,
Determinazione_291__5557_VistoContabile_2.pdf,VistoContabile,Contabilità,Liquidazione,high,text,0776c003ca80cfbc3d615333bfbef6a333c9841c2cd3a49e20bbbf88e2790ad2,1389,219,131,3,,,1,1,1,"2000,2026,2073",1098.0,1098.0,3,True,False,,2275820641.0,,,,
Determinazione_292026__5278_DeterminadiImpegnoeLiquidazione_Cop2026_1.pdf,Determinazione,Servizi Sociali,Liquidazione,high,text,3f42f68a939ed58816cca4c085807caa2263b079b983f1ea96cbca243436c98d,8696,1381,486,4,,,1,1,10,"2000,2001,2010,2011,2025,2026",1000.0,1000.0,3,True,False,,23451293.0,,,,Partita IVA 00023451293 formalmente errata (Checksum fallito)
Determinazione_292026__5278_VistoContabile_2.pdf,VistoContabile,Contabilità,Liquidazione,high,text,41a5d04239a950b82b1e5cb8eec5c122781727f150609791b85cebcefa7b7f16,1446,226,136,3,,,1,1,1,"2000,2010,2026",1000.0,1000.0,3,True,False,,23451293.0,,,,Partita IVA 00023451293 formalmente errata (Checksum fallito)
Determinazione_293__5568_DeterminadiLiquidazione_Copia_293_2026_1.pdf,Determinazione,Contabilità,Liquidazione,high,text,a3574f16a5edaccf96ed8250480a3888901cd4641b718e41b0d3b7e29427eefb,7668,1228,416,4,,,1,1,10,"2000,2001,2023,2025,2026,2028",2250.0,2250.0,3,True,False,,234516.0,,,,Partita IVA 00000234516 formalmente errata (Checksum fallito)
Determinazione_293__5568_VistoContabile_2.pdf,VistoContabile,Contabilità,Liquidazione,high,text,0c87efea45cc14851a622fabbacb97773041647b439169c12682ff32a09a8f6f,1289,204,120,3,,,1,1,1,"2000,2025,2026",2250.0,2250.0,3,True,False,,234516.0,,,,Partita IVA 00000234516 formalmente errata (Checksum fallito)
Determinazione_295__5559_DeterminadiLiquidazione_Copia_295_2026_1.pdf,Determinazione,Contabilità,Liquidazione,high,text,8df0cf588d96dda4f04ce37ada8b0e2493c4fadc3ef29582a6f6055b8be5d4f1,10777,1718,539,11,B84BC7403F,,4,1,13,"2000,2010,2011,2012,2013,2023,2024,2025,2026,2027",30500.0,139173.0,12,True,False,,11868920965.0,,,,
Determinazione_295__5559_VistoContabile_2.pdf,VistoContabile,Contabilità,Liquidazione,high,text,1d660e7f484f94ea41a2c75ba20c2b4ab8e087277e8df1d37b9e38a1281646fe,1194,195,117,3,,,1,1,1,"2000,2024,2026",12273.0,12273.0,3,True,False,,11868920965.0,,,,
Determinazione_296__5560_DeterminadiLiquidazione_Copia_296_2026_1.pdf,Determinazione,Contabilità,Liquidazione,ml_predicted,text,934dbb92d470c4e586c7723e3ae2c7e6dd3ef4158685b4eba001cec3582edc3b,19181,3201,719,47,A001A8B83A,J27G22000110006,7,7,23,"2000,2009,2010,2012,2018,2021,2022,2023,2024,2025,2026",384930.0,2793800.92,37,True,False,,2515051213.0,,36/2023,,
Determinazione_296__5560_VistoContabile_2.pdf,VistoContabile,Contabilità,Liquidazione,high,text,d9a62366fa4e3cb8b19b9cc953fcad1cfe50fa62b62988e7c1be21e096fc22e9,2169,346,152,7,BB5BBE19D0,J27G22000110006,2,2,2,"2000,2023,2024,2026",85243.34,279405.4,7,True,False,,2515051213.0,,,,
Determinazione_297__5569_DeterminadiLiquidazione_Copia_297_2026_1.pdf,Determinazione,Contabilità,Liquidazione,high,text,796f41e3f92c33edd9d0eef0370a3082a95f6fc6321bdb9e773a3da1926a6414,20856,3319,918,19,ZE13D577C2,J21F22001350006,5,1,18,"2000,2005,2009,2013,2016,2017,2020,2021,2022,2023,2025,2026,2030",21960.0,99720.0,15,True,False,,1777160621.0,,36/2023,,
Determinazione_297__5569_VistoContabile_2.pdf,VistoContabile,Contabilità,Liquidazione,high,text,f59a5cc7e2f108b66a6fe3fa75d680df9b0668225fe9a2ebcdf383891f159754,1349,216,127,3,ZE13D577C2,J21F22001350006,1,1,1,"2000,2005,2023,2026",21960.0,21960.0,3,True,False,,1777160621.0,,,,
Determinazione_298__5570_DeterminadiLiquidazione_Copia_298_2026_1.pdf,Determinazione,Regolamenti,Liquidazione,ml_predicted,text,14dabdf0622588fcacc226a69921a001bc5933ec52b0d120a6d83c8b42035a10,12869,2174,568,26,B2A7BB085C,J27B23000010001,4,4,13,"2000,2012,2019,2020,2022,2023,2024,2025,2026",371697.85,2312079.0,22,True,False,,6786511219.0,,36/2023,,
Determinazione_298__5570_VistoContabile_2.pdf,VistoContabile,Contabilità,Liquidazione,high,text,5c28b1abd71b0d60ae1fb62890659aff481a645e33e9483587138198566ecfa0,1315,211,135,3,,J27B23000010001,1,1,1,"2000,2024,2025,2026",214261.08,214261.08,3,True,False,,,,,,
Determinazione_299__5562_DeterminadiLiquidazione_Copia_299_2026_1.pdf,Determinazione,Contabilità,Liquidazione,high,text,f9ee8bbd47de0f23d01302246ccbc65c6def45d40a5b8c431d79df287822f4f9,6682,1121,399,4,9318326DDD,,2,1,16,"2000,2011,2012,2013,2017,2023,2025,2026",2069.18,2193.49,4,True,False,,1430581213.0,,,,
Determinazione_299__5562_VistoContabile_2.pdf,VistoContabile,Contabilità,Liquidazione,high,text,ba68cbc16eaf99b51789d661950deda0db8ea2d243f21e26915594fedb6c65d7,1191,198,125,3,9318326DDD,,1,1,1,"2000,2023,2026",2069.18,2069.18,3,True,False,,1430581213.0,,,,
Determinazione_2__4944_DeterminadiLiquidazione_Copia_696_2025_1.pdf,Determinazione,Contabilità,Liquidazione,high,text,fbdc5f0b08d35da3af1c813a6e8dccdb7c8de0db8bc4d8a29d7d7801fd581474,9334,1500,460,15,B85ECC83F5,,4,2,12,"2000,2011,2019,2025,2026",27511.0,100232.75,13,True,False,,3743021218.0,,,,
Determinazione_2__4944_VistoContabile_2.pdf,VistoContabile,Contabilità,Liquidazione,high,text,f4d49477ea8108517629bcaa5941cd3a4dfdaa6eac3f92676c652ac0160f1b56,1863,289,126,6,,,2,2,1,"2000,2025",5246.0,8906.0,6,True,False,,3743021218.0,,,,
Determinazione_2__5662_DeterminadiLiquidazione_Copia_366_2026_1.pdf,Determinazione,Contabilità,Liquidazione,high,text,a1e280e7a767d68c8e73a0bb22e2c2281856b4eccbcea52a9bbdfd82637a803b,10707,1726,457,20,B85ECC83F5,,5,3,14,"2000,2011,2019,2025,2026",27511.0,111959.25,16,True,False,,3743021218.0,,,,
Determinazione_2__5662_VistoContabile_2.pdf,VistoContabile,Contabilità,Liquidazione,high,text,3be6c3220039274239bb64c29f00c147bc75ef34fe21be9c4fac9cd0655d15d2,2760,421,157,9,B85ECC83F5,,3,3,1,"2000,2019,2025,2026",15738.0,20633.25,9,True,False,,3743021218.0,,,,
Determinazione_2__5672_DeterminadiLiquidazione_Copia_369_2026_1.pdf,Determinazione,Contabilità,Liquidazione,high,text,e37acbba93c13f048f83a81eba2e77311df5a8167b324ff02de36f4773346932,13937,2323,586,26,B2BEB58EA2,J27B23000020001,5,4,11,"2000,2010,2012,2019,2020,2022,2023,2024,2025,2026",295579.3,1390962.37,22,True,False,,2448090643.0,,36/2023,,
Determinazione_2__5672_VistoContabile_2.pdf,VistoContabile,Contabilità,Liquidazione,high,text,ae4052396c02145d6c24106da0b028acebe8365f2cb0d9ea2ac5067aca4c2891,1312,211,136,3,,J27B23000020001,1,1,1,"2000,2024,2025,2026",250838.71,250838.71,3,True,False,,,,,,
Determinazione_300__5563_DeterminadiLiquidazione_Copia_300_2026_1.pdf,Determinazione,Contabilità,Liquidazione,high,text,3089bfdbb66c7bb9befa8030000f35cdeab26f960df0f84365df422d4ac3705d,9127,1530,423,10,B101CE0601,,6,3,20,"2000,2012,2019,2020,2022,2024,2025,2026",11533.09,39091.49,10,True,False,IVA compresa,4416310615.0,,,,
Determinazione_300__5563_VistoContabile_2.pdf,VistoContabile,Contabilità,Liquidazione,high,text,a8c2214dd1f0e883783c35b21421a41925d92219a9fd82ee12b5656b430573a3,2734,430,159,9,B621693865,,4,3,1,"2000,2022,2025,2026",11123.58,27558.4,9,True,False,,4416310615.0,,,,
Determinazione_301__5571_DeterminadiLiquidazione_Copia_301_2026_1.pdf,Determinazione,Contabilità,Liquidazione,high,text,f6496e87ae739757d7e043f9b06812106876a479cc8f078e09711e9a5131133f,13321,2169,601,9,,,1,1,10,"2000,2005,2007,2008,2010,2011,2012,2013,2021,2022,2024,2025,2026,2028",4000.0,4000.0,3,True,False,,,,,,
Determinazione_301__5571_VistoContabile_2.pdf,VistoContabile,Contabilità,Liquidazione,high,text,03d9c44be4656089076c93f596cfd55e1bed65287f8d3cd28bc40246e5ab7ad3,1244,201,119,3,,,1,1,1,"2000,2025,2026",4000.0,4000.0,3,True,False,,,,,,
Determinazione_302__5572_DeterminadiImpegno_Copia_302_2026_1.pdf,Determinazione,Regolamenti,Liquidazione,high,text,4bed371287804d91c07443fd8d80778ab7efafff4e5ecb123d01652e278d8758,9544,1525,532,7,BB76350780,,2,1,11,"2000,2006,2010,2011,2012,2014,2023,2026",2000.0,8000.0,6,True,False,,2191460647.0,,36/2023,,
Determinazione_302__5572_VistoContabile_2.pdf,VistoContabile,Contabilità,,high,text,970cf80eeff1d5ff6b10db55daed3bc9ba63775da1bccdae60ddf1bc5138a5eb,1262,199,128,3,BB76350780,,1,1,1,"2000,2026",2000.0,2000.0,3,True,False,,2191460647.0,,,,
Determinazione_303__5575_DeterminaGenerica_Copia_303_2026_1.pdf,Determinazione,Regolamenti,Liquidazione,high,text,d021e197e419cc71d436ed24c70720bfe606d9ce253e47eddf4ce9d7329d4ace,7543,1236,454,9,,J27D24000010002,0,4,11,"2000,2012,2016,2023,2024,2025,2026",214674.63,1240105.51,10,True,False,,2887720643.0,,,,
Determinazione_304__5578_DeterminadiLiquidazione_Copia_304_2026_1.pdf,Determinazione,Contabilità,Liquidazione,high,text,faaa04d56e8fd883059c8b38c48b2a330ae4153d61f3fb831490b90393c6fa75,10271,1639,499,9,,,2,2,13,"2000,2001,2006,2022,2023,2024,2025,2026,2027",24587.6,42825.2,8,True,False,,,,,,
Determinazione_304__5578_VistoContabile_2.pdf,VistoContabile,Contabilità,Liquidazione,high,text,308bdfa298a6b5dc718ba63b67742f65f08d2990dcacd6a9d0a99661c03e6391,1787,283,118,6,,,2,2,1,"2000,2025,2026",24587.6,37325.2,6,True,False,,,,,,
Determinazione_305__5579_DeterminadiLiquidazione_Copia_305_2026_1.pdf,Determinazione,Contabilità,Liquidazione,high,text,64cb49afa564d559543553974f53de3ac17638bce79d185a2cd69304412cee3d,10600,1772,570,11,BB38C186CA,,3,1,11,"2000,2001,2010,2011,2012,2013,2014,2016,2017,2018,2020,2023,2025,2026",3629.82,18149.1,9,True,False,,956540942.0,,36/2023,,
Determinazione_305__5579_VistoContabile_2.pdf,VistoContabile,Contabilità,Liquidazione,high,text,7552c57ee83527dcebcc4b2fa442e32f5ab9c4379b7c304689d3e547cd87348f,1248,207,120,3,BB38C186CA,,1,1,1,"2000,2026",3629.82,3629.82,3,True,False,,956540942.0,,,,
Determinazione_306__5580_DeterminaGenerica_Copia_306_2026_1.pdf,Determinazione,Regolamenti,,high,text,2842d1200a3f15c178b31f78077ef88f7f26cebf8af98aa24f393cf9c3a26264,4813,816,311,13,,,0,0,14,"2000,2025,2026",818914.56,818917.56,2,True,False,,,,,,
Determinazione_306__5580_VistoContabile_2.pdf,VistoContabile,Contabilità,,high,text,061adb5c9510510e12adb5b3dbc487212411198b3e3cc67f91322f8a0047d0bb,525,98,57,0,,,0,0,1,"2000,2026",,,0,True,False,,,,,,
Determinazione_307__5581_DeterminadiLiquidazione_Copia_307_2026_1.pdf,Determinazione,Contabilità,Liquidazione,high,text,ec143386bb67a467687c95b66b3251063da898c28d2a82eb32dc0c9c06d0ec7c,10584,1770,568,11,BB38C9B2E6,,2,1,11,"2000,2001,2010,2011,2012,2013,2014,2016,2017,2018,2020,2023,2025,2026",3797.38,18986.9,9,True,False,,956540942.0,,36/2023,,
Determinazione_307__5581_VistoContabile_2.pdf,VistoContabile,Contabilità,Liquidazione,high,text,37a6e87ff8b043ef84277873c08e741e42f59f0a40eace5dfcd55f3d63a02e5c,1248,207,121,3,BB38C9B2E6,,1,1,1,"2000,2026",3797.38,3797.38,3,True,False,,956540942.0,,,,
Determinazione_308__5577_DeterminadiImpegno_Copia_308_2026_1.pdf,Determinazione,Contabilità,Liquidazione,ml_predicted,text,e8de6a643e1ec84f42f91de3d4b04e55d470e84cfba32451928e89ab2e121e6d,14199,2261,688,11,BB7DC0322B,,3,1,11,"2000,2006,2009,2010,2011,2013,2014,2022,2023,2025,2026",770.0,7940.0,7,True,False,,6342650659.0,,36/2023,,
Determinazione_308__5577_VistoContabile_2.pdf,VistoContabile,Contabilità,,high,text,38b010a531319d9dbac08e91d57d79d66a5890daa96eff6551281aab3c25faf3,1263,205,127,3,BB7DC0322B,,1,1,1,"2000,2026",770.0,770.0,3,True,False,,6342650659.0,,,,
Determinazione_309__5582_DeterminadiLiquidazione_Copia_309_2026_1.pdf,Determinazione,Contabilità,Liquidazione,ml_predicted,text,fec476be19e04a44815449dcb117e3e677dd39dec3b2cdfb2e5836a3a42c2e5b,11260,1791,509,6,,J27B23000010001,1,4,14,"2000,2011,2016,2022,2023,2024,2025,2026",498552.0,162955.86,5,True,False,,,,36/2023,,
Determinazione_309__5582_VistoContabile_2.pdf,VistoContabile,Contabilità,Liquidazione,high,text,7b9c22161bf24abf6e062eadb8124e4a42f8ac2ce4a026ac411d0ecb1a4640e6,1286,207,136,3,,J27B23000010001,1,1,1,"2000,2025,2026",102645.47,109615.47,3,True,False,,,,,,
Determinazione_30__5104_DeterminadiLiquidazione_Copia_30_2026_1.pdf,Determinazione,Contabilità,Liquidazione,ml_predicted,text,56f7d267d671c21a58e6b3c7e0f27e8f5e10ad6500099c7c4c9f103baeeb2867,11872,1960,592,16,9899380ACC,J27B23000020001,1,2,13,"2000,2001,2013,2016,2018,2019,2020,2021,2022,2023,2025,2026",545096.56,371969.96,12,True,False,,234552.0,,50/2016,,Partita IVA 00000234552 formalmente errata (Checksum fallito)
Determinazione_30__5104_VistoContabile_2.pdf,VistoContabile,Contabilità,Liquidazione,high,text,dca39069fdfa4467afd6753d04b89ced844a123c91844817d26fe45b411786ec,1305,207,129,3,9899380ACC,627B23000020001,1,1,1,"2000,2023,2026",39942.0,39942.0,3,True,False,,234552.0,,,,Partita IVA 00000234552 formalmente errata (Checksum fallito)
Determinazione_310__5583_DeterminaGenerica_Copia_310_2026_1.pdf,Determinazione,Personale,Liquidazione,high,text,163bb4a072e724b16f2d46d01e187ab512d79e3b2cdb5792af482e53e3677159,8180,1382,464,10,,,0,0,13,"2000,2003,2009,2012,2013,2026",3200.0,4410.62,10,True,False,,,,,,
Determinazione_311__5586_DeterminaGenerica_Copia_311_2026_1.pdf,Determinazione,Personale,Liquidazione,high,text,6c578939e5df1934bcdcbc563833fe93ae56af14a1f9cc8709b18c83e6c63dae,8154,1371,464,10,,,0,0,13,"2000,2003,2009,2012,2013,2026",3200.0,4386.61,10,True,False,,,,,,
Determinazione_312__5594_DeterminadiLiquidazione_Copia_312_2026_1.pdf,Determinazione,Contabilità,Liquidazione,high,text,e13786a9c1111b97afa3e1685e456ba7f3d05193bac93850dd45fb5ca28b5f90,15243,2446,675,23,,J27B23000010001,3,6,13,"2000,2012,2014,2016,2018,2019,2020,2021,2022,2023,2024,2025,2026",310526.74,406325.88,18,True,False,,6786511219.0,,36/2023,,
Determinazione_312__5594_VistoContabile_2.pdf,VistoContabile,Contabilità,Liquidazione,high,text,276cbd45ecdce3b619496101be04926e3e0a109156e6e1392274c90504c039c6,2291,345,145,6,,J27B23000010001,2,2,1,"2000,2024,2025,2026",1127.68,1377.68,6,True,False,,80000190647.0,,,,
Determinazione_313__5593_DeterminadiLiquidazione_Copia_313_2026_1.pdf,Determinazione,Contabilità,Liquidazione,ml_predicted,text,c129103aa4540b2bf89cefcef6cc22001d7e2042981efa09e353208ca4d21d3b,11161,1800,547,11,,J27G22000110006,1,4,12,"2000,2016,2018,2021,2022,2023,2024,2026",384930.0,1540307.34,10,True,False,,,,36/2023,,
Determinazione_313__5593_VistoContabile_2.pdf,VistoContabile,Contabilità,Liquidazione,high,text,1abf9fcf04e3cd10a416492c28c28bdf09f3b185be8413fd05c565e024ae6141,1266,207,131,3,,J27G22000110006,1,1,1,"2000,2023,2026",85243.34,89368.34,3,True,False,,,,,,
Determinazione_316__5592_DeterminadiLiquidazione_Copia_316_2026_1.pdf,Determinazione,Contabilità,Liquidazione,high,text,93b6f254098c62be268d2491d1e70a27d697985b89d64f67ae92740645ed161c,9873,1594,531,6,7564700BE9,,3,1,10,"2000,2010,2012,2014,2015,2016,2018,2019,2020,2026",22752.88,68258.64,6,True,False,,3023240645.0,,,,
Determinazione_316__5592_VistoContabile_2.pdf,VistoContabile,Contabilità,Liquidazione,high,text,31e0324a444cd2d0aeb8e1866b83a742bba52535152cfdfa9f42e2cab6a65330,1593,250,140,3,7564700BE9,,1,1,1,"2000,2026",22752.88,22752.88,3,True,False,,3023240645.0,,,,
Determinazione_317__5596_DeterminadiLiquidazione_Copia_317_2026_1.pdf,Determinazione,Contabilità,Liquidazione,high,text,36210d114d7038feebb22fe25652f2847b63bb111f3827082034f2ff5a30d826,10351,1597,453,14,,,2,2,17,"2000,2010,2013,2024,2025,2026",4900.0,34300.0,12,True,False,,,IT50P0878476210011000105996,,,
Determinazione_317__5596_VistoContabile_2.pdf,VistoContabile,Contabilità,Liquidazione,high,text,9300cb37ca7ca32b258e8943c39767a61f3378315d6151f90dbcdf07a3f23766,2308,346,135,6,,,2,2,1,"2000,2025,2026",2900.0,4900.0,6,True,False,,,,,,
Determinazione_318__5597_DeterminadiLiquidazione_Copia_318_2026_1.pdf,Determinazione,Contabilità,Liquidazione,ml_predicted,text,c655a2d7be2a1eaa4ba30f0a4596cdc9f15e13ca911afd919540c2f439a56a0e,6869,1090,371,7,,,2,2,10,"2000,2007,2020,2022,2023,2024,2026",73500.0,111828.0,7,True,False,,256450644.0,,,,
Determinazione_318__5597_VistoContabile_2.pdf,VistoContabile,Contabilità,Liquidazione,high,text,55a11bb4652470603c9c4a634315f2fb5156e9bbc0fe294724af98aee4d772d7,2003,312,135,6,,,2,2,1,"2000,2023,2024,2026",73500.0,78433.0,6,True,False,,256450644.0,,,,
Determinazione_319__5595_DeterminadiLiquidazione_Copia_319_2026_1.pdf,Determinazione,Contabilità,Liquidazione,high,text,c2e019621a72cf394d7822538ebf51ce0e150fd70ed321cd1b1cb93c8da97c02,5519,898,334,10,BB1DBE2AD1,,2,1,10,"2000,2010,2016,2025,2026",600.0,4200.0,10,True,False,,,,50/2016,,
Determinazione_319__5595_VistoContabile_2.pdf,VistoContabile,Contabilità,Liquidazione,high,text,14c3aaa992ff4c4c49bcffff5d739d467959d22a43b53d76ab3386395eb4ca22,1453,231,135,3,BB1DBE2AD1,,1,1,1,"2000,2026",600.0,600.0,3,True,False,,,,,,
Determinazione_31__5106_DeterminadiLiquidazione_Copia_31_2026_1.pdf,Determinazione,Contabilità,Liquidazione,ml_predicted,text,105b8feb6821a8359f221d21f51f04bf280ac2109c7a015adc488405226a7447,11197,1854,563,12,B79C805589,J27H24002020004,3,4,23,"2000,2010,2011,2012,2024,2025,2026",157868.1,875462.3,11,True,False,,2349750642.0,,,,
Determinazione_31__5106_VistoContabile_2.pdf,VistoContabile,Contabilità,Liquidazione,high,text,0d683ddd6e88785edd0bed8375fa47117c49b55e4878c265b14d94eda7d8cd3f,1279,202,125,3,,J27H24002020004,1,2,1,"2000,2025,2026",146715.35,146715.35,3,True,False,,23452517.0,,,,Partita IVA 00023452517 formalmente errata (Checksum fallito)
Determinazione_32026__5319_DeterminadiLiquidazione_Copia_156_2026_1.pdf,Determinazione,Contabilità,Liquidazione,high,text,5e7951b4fe86cc022404fa6d158b34669bc59bc22c24f649c2b9602b41d75e50,16448,2572,744,11,,E99J21007460005,1,3,26,"2000,2001,2012,2014,2016,2018,2020,2021,2022,2023,2025,2026",115098.69,216900.92,11,True,False,,3036570640.0,,50/2016,,
Determinazione_32026__5319_VistoContabile_2.pdf,VistoContabile,Contabilità,Liquidazione,high,text,eea7366de7f709c0677a70292b0afcddf652fdf5968d08cc616f3117c8dec1d5,1343,214,119,3,,,1,1,1,"2000,2025,2026",15756.0,15756.0,3,True,False,,,,,,
Determinazione_321__5598_DeterminadiLiquidazione_Copia_321_2026_1.pdf,Determinazione,Contabilità,Liquidazione,ml_predicted,text,6a028f09c02b096fa852c2394490bf609914517dc7eeffccc29e6df71385df52,6874,1090,373,7,,,2,2,10,"2000,2007,2023,2024,2025,2026",116000.0,261757.0,7,True,False,,234552.0,,,,Partita IVA 00000234552 formalmente errata (Checksum fallito)
Determinazione_321__5598_VistoContabile_2.pdf,VistoContabile,Contabilità,Liquidazione,high,text,6879c52cc1d720485f5ebdb7a3f48eff9b49958413768028f2762e1bf96da125,2004,313,138,6,,,2,2,1,"2000,2024,2025,2026",116000.0,189500.0,6,True,False,,234552.0,,,,Partita IVA 00000234552 formalmente errata (Checksum fallito)
Determinazione_323__5600_DeterminadiLiquidazione_Copia_323_2026_1.pdf,Determinazione,Contabilità,Liquidazione,high,text,6227b21dfba5fb1a7a0c9750f8dd49430ea37bbb39d448bb951b53c3bec52eab,13692,2251,588,14,,,4,4,35,"2000,2001,2010,2014,2015,2023,2024,2025,2026",9441.87,28188.75,14,True,False,,3916040656.0,,,,
Determinazione_323__5600_VistoContabile_2.pdf,VistoContabile,Contabilità,Liquidazione,high,text,9394ddf3739d9b9b7c6d59f657a8c397ef00d44e09564c3355e982ebd0a666c3,3288,496,141,12,,,4,4,1,"2000,2024,2025,2026",9441.87,15462.77,12,True,False,,3916040656.0,,,,
Determinazione_327__5604_DeterminadiImpegno_Copia_327_2026_1.pdf,Determinazione,Contabilità,Liquidazione,ml_predicted,text,6fbdd206c4a4a586074a9cdb04dbddf10e1cbe709d2c4e3584af0aaf20096662,18120,2820,844,11,BB89A6F649,,3,1,11,"2000,2006,2009,2010,2011,2013,2014,2022,2023,2025,2026,2073",4697.0,22094.0,7,True,False,,2275820641.0,,36/2023,,
Determinazione_327__5604_VistoContabile_2.pdf,VistoContabile,Contabilità,,high,text,c23ae9043907a6473c698b67983dea3dc5b5f2112981c1202acab4ec63cea1d5,1337,209,124,3,BB89A6F649,,1,1,1,"2000,2026,2073",4697.0,4697.0,3,True,False,,2275820641.0,,,,
Determinazione_328__5615_DeterminadiImpegno_Copia_328_2026_1.pdf,Determinazione,Regolamenti,Bando,high,text,7f7236822e891d83589aed9c3f388d2eca28a605b49aa6503e420f7851e79813,15378,2465,688,15,BB75758702,J24H25001050002,4,3,13,"2000,2009,2012,2013,2014,2019,2020,2022,2023,2024,2025,2026,2027,2028",400000.0,564208.11,14,True,False,quattrocentomila,10256561217.0,,36/2023,,
Determinazione_328__5615_VistoContabile_2.pdf,VistoContabile,Contabilità,,high,text,71545ed9035bfe0e4e60472324c2a93cf839c05ab34efa9d30f8459146599ddc,1376,212,130,3,BB75758702,J24H25001050002,1,1,1,"2000,2026",8427.37,8427.37,3,True,False,,10256561217.0,,,,
Determinazione_32__5107_DeterminadiImpegno_Copia_32_2026_1.pdf,Determinazione,Contabilità,Liquidazione,ml_predicted,text,55a1cd3c0b85556880969c5e80256f37ca2f5e03b1825b421298ec611002245e,25467,4116,1060,19,B97F43CECD,J25E24000230006,3,5,15,"2000,2009,2010,2011,2012,2013,2014,2020,2021,2022,2023,2024,2025,2026,2028",515481082.75,519185192.75,18,True,False,,7015691210.0,,36/2023,,
Determinazione_32__5107_VistoContabile_2.pdf,VistoContabile,Contabilità,,high,text,69b0af38bee40f42f074de4d63d71e65ac5e496da1820abb28fb52f01aa63761,1148,187,123,3,B97F43CECD,J25E24000230006,1,1,1,"2000,2025,2026",54900.0,54900.0,3,True,False,,7015691210.0,,,,
Determinazione_331__5617_DeterminadiLiquidazione_Copia_331_2026_2.pdf,Determinazione,Contabilità,Liquidazione,ml_predicted,text,e953db0dd8e76a203e7ac4b4516cbd810561dd9b43b54b8aa15423ca0034a3e3,24496,3927,965,28,,J25E24000150006,4,6,13,"2000,2011,2012,2016,2021,2022,2023,2024,2025,2026",515481082.75,519211392.52,23,True,False,,80000190647.0,,36/2023,,
Determinazione_331__5617_VistoContabile_3.pdf,VistoContabile,Contabilità,Liquidazione,high,text,c5d44be3cad1e801d65cb7813574ee9da3eb8646d65600b2e087fe6e285a435c,2143,324,138,6,,J25E24000150006,2,2,1,"2000,2025,2026",160443.32,324310.61,6,True,False,,80000190647.0,,,,
Determinazione_332__5621_DeterminadiLiquidazione_Copia_332_2026_1.pdf,Determinazione,Contabilità,Liquidazione,high,text,0de8cb94e223b61f3c240cbf0f288a65f5ce226a34a709cfe22290d155422810,5647,926,310,7,BB255AFE30,,5,1,13,"2000,2023,2026",330.0,1620.0,7,True,False,,1924560707.0,,36/2023,,
Determinazione_332__5621_VistoContabile_2.pdf,VistoContabile,Contabilità,Liquidazione,high,text,3c5870cffe82625568a50d0bc20369fdbcd0b8f2a23a61e4d08098a84e002ea9,1426,227,135,3,BB255AFE30,,2,1,1,"2000,2026",330.0,330.0,3,True,False,,1924560707.0,,,,
Determinazione_333__5620_DeterminadiLiquidazione_Copia_333_2026_1.pdf,Determinazione,Contabilità,Liquidazione,high,text,ea1b2cf2362d89ce017023b0aeafd3d47e9e13f6afe2b41fa8326db4fca90e02,6359,1023,355,9,B8A065D86E,,3,2,10,"2000,2010,2016,2024,2025,2026",2500.0,7339.53,9,True,False,,3225740640.0,,50/2016,,
Determinazione_333__5620_VistoContabile_2.pdf,VistoContabile,Contabilità,Liquidazione,high,text,00da2b3fe6ec29730e848e479714af8a69a52005581f59f378519cf6b39e4844,1979,304,149,6,B8A065D86E,,2,2,1,"2000,2025,2026",2500.0,3559.4700000000003,6,True,False,,3225740640.0,,,,
Determinazione_334__5618_DeterminadiLiquidazione_Copia_334_2026_1.pdf,Determinazione,Contabilità,Liquidazione,high,text,af53ccf3a5b0cbfb1116a80ec98dc89e790a1d162111f7f86aa63d6bbbf5d181,7311,1230,397,11,B6966E0AB1,,1,1,10,"2000,2012,2014,2015,2025,2026",1830.0,12810.0,11,True,False,,1488971217.0,,,,
Determinazione_334__5618_VistoContabile_2.pdf,VistoContabile,Contabilità,Liquidazione,high,text,adafc5af4aa1ed1f45d3c18f06ea680716fd8a7b5470ec141835aa787521d52f,1338,213,128,3,B6966E0AB1,,1,1,1,"2000,2025,2026",1830.0,1830.0,3,True,False,,1488971217.0,,,,
Determinazione_335__5614_DeterminadiImpegno_Copia_335_2026_1.pdf,Determinazione,Affari Generali,Liquidazione,high,text,1ca9e2c68fecd2b2b327afee0a884f0cbe0e1877bc33a22ffd1b6b1972a3a669,13017,2064,650,12,BB97602911,,3,1,10,"2000,2006,2009,2010,2011,2013,2014,2022,2023,2025,2026",170.0,5788.68,8,True,False,,2629520640.0,,36/2023,,
Determinazione_335__5614_VistoContabile_2.pdf,VistoContabile,Contabilità,,high,text,96b5d39ad115c8c6edab4e4ce5ba33d628cea1cbe692a49ee45acaa74bf31048,1269,203,127,3,BB97602911,,1,1,1,"2000,2026",170.0,170.0,3,True,False,,2629520640.0,,,,
Determinazione_337__5613_DeterminadiLiquidazione_Copia_337_2026_1.pdf,Determinazione,Personale,Liquidazione,ml_predicted,text,de5c0dae724ae9089e33dde1d2e193f8eb195cc0580e3efd510fa0ad965ba44e,5805,950,330,9,BB501CDB57,,2,1,10,"2000,2010,2016,2023,2025,2026",400.0,2800.0,9,True,False,,,,36/2023,,
Determinazione_337__5613_VistoContabile_2.pdf,VistoContabile,Contabilità,Liquidazione,high,text,b3404910bdc4e9c9d4ab71e9548106de7a6ee9cfa9e9ed5fbbcd744a74e10b1e,1519,242,148,3,BB501CDB57,,1,1,1,"2000,2023,2026",400.0,400.0,3,True,False,,,,36/2023,,
Determinazione_338__5611_DeterminadiLiquidazione_Copia_338_2026_1.pdf,Determinazione,Contabilità,Liquidazione,high,text,453dc27b200954f5c01740fcf7eb90b10307b057952d7b97be138008d74065b7,7792,1221,398,8,BB501E4E51,,5,1,14,"2000,2010,2023,2025,2026",976.0,3152.0,7,True,False,,6124340651.0,,36/2023,,
Determinazione_338__5611_VistoContabile_2.pdf,VistoContabile,Contabilità,Liquidazione,high,text,bbcd38087f7b84be2284bdce53769841d694e83d784f9b78856264528885760d,1479,235,145,3,BB501E4E51,,1,1,1,"2000,2023,2026",976.0,976.0,3,True,False,,6124340651.0,,36/2023,,
Determinazione_339__5625_DeterminaGenerica_Copia_339_2026_1.pdf,Determinazione,Personale,Liquidazione,ml_predicted,text,ae6d18202143b57c8c05c6fc66b6e61296296c40225eb98c83ba0814e09c2a4a,8176,1372,469,9,,,0,0,13,"2000,2009,2012,2013,2026",3200.0,4451.26,9,True,False,,,,,,
Determinazione_33__5109_DeterminadiLiquidazione_Copia_33_2026_1.pdf,Determinazione,Regolamenti,Liquidazione,high,text,20586137aea574791361a2e679d9e575e5e1cdd7363035de06a9f97ab4760f20,12300,2005,438,24,,,7,7,18,"2000,2001,2022,2024,2025,2026,2027",27292.71,62497.44,22,True,False,,91910646.0,,,,
Determinazione_33__5109_VistoContabile_2.pdf,VistoContabile,Contabilità,Liquidazione,high,text,be3b7a93ef3eeb7bf91a0dcdd73764e699dedca99eb0b4aa95f987c60d7fef6a,5696,841,166,21,,,7,7,1,"2000,2024,2025,2026",14600.0,35205.23,21,True,False,,91910646.0,,,,
Determinazione_341__5631_DeterminadiImpegno_Copia_341_2026_1.pdf,Determinazione,Contenzioso,Nomina,high,text,f9b304fb3434224c97e12b8d6031f09744506d4ec535d25a62b05a49eb20e170,8496,1372,440,9,,,2,2,10,"2000,2010,2018,2023,2026,2028",1000.0,1600.0,7,True,False,,2633540642.0,,36/2023,,
Determinazione_341__5631_VistoContabile_2.pdf,VistoContabile,Contabilità,Nomina,ml_predicted,text,56cea0f42264b1d268311a684f5507c089dbb92097372091dfa1ea54f2ad2e3a,1853,295,131,6,,,2,2,1,"2000,2026",1000.0,1300.0,6,True,False,,2633540642.0,,,,
Determinazione_342__5639_DeterminadiLiquidazione_Copia_342_2026_1.pdf,Determinazione,Contabilità,Liquidazione,ml_predicted,text,b42dc7504180b341a66036020b96e322adb11b1d89edd9d64a8f592b4c144a22,11206,1836,570,12,BB70E6DA82,,4,2,10,"2000,2009,2011,2012,2013,2023,2025,2026",4002.0,20010.0,12,True,False,,10677621210.0,,36/2023,,
Determinazione_342__5639_VistoContabile_2.pdf,VistoContabile,Contabilità,Liquidazione,high,text,8a2bb6e507024e744f6fee7e351f1d8348d46d25b57017e34b0548cc06783c15,1885,296,124,6,BB70E6DA82,,2,2,1,"2000,2026",3000.0,4002.0,6,True,False,,10677621210.0,,,,
Determinazione_343__5630_DeterminadiLiquidazione_Copia_343_2026_1.pdf,Determinazione,Contabilità,Liquidazione,high,text,d282cb965f992ac97a75864f9c2150813204c18695ac46bae46ee7b4bfd54839,8051,1337,421,32,,,0,0,10,"2000,2013,2023,2026",950.0,104500.0,14,True,False,,,,,,
Determinazione_343__5630_VistoContabile_2.pdf,VistoContabile,Contabilità,,high,text,a6103203426fac7c5334c1399738ee29be5b8c28231ad16a624cf62090addddf,525,98,57,0,,,0,0,1,"2000,2026",,,0,True,False,,,,,,
Determinazione_344__5632_DeterminadiLiquidazione_Copia_344_2026_1.pdf,Determinazione,Contabilità,Liquidazione,high,text,eeee82f69ccb57754b06c88c1f2d9b5d8c9a6d29347c67178c3af5addc22bfab,7478,1228,424,7,ZBD31E57BA,,2,1,10,"2000,2012,2014,2022,2024,2026",3370.0,13480.0,6,True,False,,5131840653.0,,,,
Determinazione_344__5632_VistoContabile_2.pdf,VistoContabile,Contabilità,Liquidazione,high,text,20426d309cdec2610305bc450491e7b2a421977b7039c53fc0b786b7b441b5e0,1305,210,123,3,ZBD31E57BA,,1,1,1,"2000,2026",3370.0,3370.0,3,True,False,,5131840653.0,,,,
Determinazione_345__5633_DeterminadiLiquidazione_Copia_345_2026_1.pdf,Determinazione,Contabilità,Liquidazione,ml_predicted,text,da79d6276e16b3eb4b102a5170c243518f782660e55305e2f59af1147d1057e2,16282,2684,709,26,B440ED5841,J25E24000050006,2,5,14,"2000,2012,2016,2023,2024,2025,2026",734955734.85,739029040.32,23,True,False,,3435380617.0,,36/2023,,
Determinazione_345__5633_VistoContabile_2.pdf,VistoContabile,Contabilità,Liquidazione,high,text,ed3df731618b084438cdb8e81c651dd116ff74ae3d1d277a8d4d9d8b31734e15,1589,256,157,3,B440ED5841,J25E24000050006,1,1,1,"2000,2025,2026",580441.86,580441.86,3,True,False,,3435380617.0,,,,
Determinazione_346__5659_DeterminadiLiquidazione_Copia_346_2026_1.pdf,Determinazione,Contabilità,Liquidazione,high,text,47b7edfd894c0c55652b4b1f94befa8338353a770be6902d335457ce4db38b60,8176,1305,473,3,,,1,1,14,"2000,2012,2016,2021,2024,2025,2026",4700.0,4700.0,3,True,False,,234558.0,,50/2016,,Partita IVA 00000234558 formalmente errata (Checksum fallito)
Determinazione_346__5659_VistoContabile_2.pdf,VistoContabile,Contabilità,Liquidazione,high,text,469923af08901aa758323e5a2a1a1fb277bb33676252f7c14e6178ec81773529,1412,223,137,3,,,1,1,1,"2000,2025,2026",4700.0,4700.0,3,True,False,,234558.0,,,,Partita IVA 00000234558 formalmente errata (Checksum fallito)
Determinazione_347__5634_DeterminadiLiquidazione_Copia_347_2026_1.pdf,Determinazione,Contabilità,Liquidazione,ml_predicted,text,b867cf3e64171c3f05e73d3ad23f93d53d7037568249641c4d3f852517a30d72,18901,3028,727,28,B8EDD74FEB,J24D25002000007,9,2,14,"2000,2012,2023,2024,2025,2026,2027",1312960.0,1388941.2,18,True,False,,2399140645.0,,36/2023,,
Determinazione_347__5634_VistoContabile_2.pdf,VistoContabile,Contabilità,Liquidazione,high,text,b56c075b53a8543f39f152fc96aea68bb41cf7e0bc7991766138deb33cbeb5d7,1250,199,127,3,,,1,1,1,"2000,2025,2026",10660.4,14160.4,3,True,False,,,,,,
Determinazione_349__5636_DeterminadiLiquidazione_Copia_349_2026_1.pdf,Determinazione,Contabilità,Liquidazione,ml_predicted,text,7de61a77a27970529203649faed5fb75b1d77065b6d0c727bffa366f205ff4c0,11718,1943,572,20,BB5BBE19D0,J27G22000110006,3,2,13,"2000,2009,2010,2011,2012,2013,2021,2023,2024,2026",384930.0,1828319.34,20,True,False,,2515051213.0,,36/2023,,
Determinazione_349__5636_VistoContabile_2.pdf,VistoContabile,Contabilità,Liquidazione,high,text,87187c34b98b736a9c32b62695d5a349efa4e8f2b18a409111776ff306e2696f,1387,230,145,4,BB5BBE19D0,J27G22000110006,1,1,2,"2000,2023,2024,2026",85243.34,184805.34,4,True,False,,2515051213.0,,,,
Determinazione_34__5111_DeterminadiImpegno_Copia_34_2026_1.pdf,Determinazione,Lavori Pubblici,,high,text,4bbe427db18dc5d72fbae7cff3b3af2a7995dc3086c6c0c809124a886fa508f9,16132,2582,629,22,B9ED7EBEDD,,7,4,10,"2000,2006,2009,2011,2012,2013,2014,2016,2023,2024,2025,2026",12200.0,109231.0,21,True,False,,3170570612.0,,36/2023,,
Determinazione_34__5111_VistoContabile_2.pdf,VistoContabile,Contabilità,,high,text,44c20f270b7695f1c8270f5130b0e6a48974201248dfc7f21525587b292c0190,3021,450,134,12,B9ED7EBEDD,,4,4,1,"2000,2006,2016,2024,2026",10431.0,24400.0,12,True,False,,3170570612.0,,,,
Determinazione_351__5638_DeterminadiImpegno_Copia_351_2026_1.pdf,Determinazione,Servizi Sociali,,high,text,c4f70b9c8b726be4cb824ebd0567636d3786076ec28dce5fc03735ac8920cf17,8595,1373,505,4,,,1,1,10,"2000,2001,2006,2012,2016,2023,2026",2500.0,5000.0,4,True,False,,3078130642.0,,36/2023,,
Determinazione_351__5638_VistoContabile_2.pdf,VistoContabile,Contabilità,,high,text,a1f8c8d4ce62a69a75fc154731025655c7fcaf7510689d60c4907128904edf82,1328,212,135,3,,,1,1,1,"2000,2026",2500.0,2500.0,3,True,False,,3078130642.0,,,,
Determinazione_352__5644_DeterminadiLiquidazione_Copia_352_2026_1.pdf,Determinazione,Contabilità,Liquidazione,ml_predicted,text,d63f4d98061fb4fe29308559e2098e4665d055e078814573269e332dda2ee4dd,12164,1952,595,9,BA30E71574,,5,1,10,"2000,2001,2010,2023,2026,2027,2028",15199.55,15199.55,3,True,False,,5892970152.0,,36/2023,,
Determinazione_352__5644_VistoContabile_2.pdf,VistoContabile,Contabilità,Liquidazione,high,text,0be117d80440fca039dc93e6d28398bde07e67b3078a7ab9491c44b978a03b4a,1398,232,133,3,BA30E71574,,2,1,1,"2000,2023,2026,2027",15199.55,15199.55,3,True,False,,5892970152.0,,36/2023,,
Determinazione_353__5645_DeterminaGenerica_Copia_353_2026_1.pdf,Determinazione,Contabilità,Liquidazione,ml_predicted,text,5b9be2138064cb3d75d9e4e238fee3a02f8c6014125dd80243525bbbc2d83336,9426,1518,464,4,B440ED5841,J25E24000050006,1,1,9,"2000,2006,2016,2025,2026",519000.0,849000.0,4,True,False,,,,50/2016,,
Determinazione_354__5658_DeterminadiLiquidazione_Copia_354_2026_1.pdf,Determinazione,Contabilità,Liquidazione,high,text,2a33f397aef5ecea0e7f412c860fa0c18d7a6a9495b59815624332e37815985c,10604,1768,571,11,BB7D395D51,,3,1,11,"2000,2001,2010,2011,2012,2013,2014,2016,2017,2018,2020,2023,2025,2026",3832.58,19162.9,9,True,False,,956540942.0,,36/2023,,
Determinazione_354__5658_VistoContabile_2.pdf,VistoContabile,Contabilità,Liquidazione,high,text,ea49270e8b6ddf0b25c9be5389a5c773e95d6c476c055115dcaaddf31f3e810c,1251,203,121,3,BB7D395D51,,1,1,1,"2000,2026",3832.58,3832.58,3,True,False,,956540942.0,,,,
Determinazione_355__5651_DeterminadiLiquidazione_Copia_355_2026_1.pdf,Determinazione,Contabilità,Liquidazione,high,text,327b279db6705d4780fe475d64787329693d333100351c1c6c3b5a7fb0dc8a65,10604,1768,569,11,BB7D3A9DD2,,3,1,11,"2000,2001,2010,2011,2012,2013,2014,2016,2017,2018,2020,2023,2025,2026",4561.92,22809.6,9,True,False,,956540942.0,,36/2023,,
Determinazione_355__5651_VistoContabile_2.pdf,VistoContabile,Contabilità,Liquidazione,high,text,a46c2503ab69eec25229fe4a6c2ab88ac85d5ed42883b09fc395c3c5a7f19b3f,1251,203,121,3,BB7D3A9DD2,,1,1,1,"2000,2026",4561.92,4561.92,3,True,False,,956540942.0,,,,
Determinazione_359__5653_DeterminadiLiquidazione_Copia_359_2026_1.pdf,Determinazione,Contabilità,Liquidazione,high,text,7a9f73ead14b74412f2b980794ebeaef2aa09e13ba2a9167894f2ee9bb4830fc,7746,1265,410,11,B78DBCF81C,,2,1,10,"2000,2009,2013,2016,2025,2026,2073",5978.0,39690.0,11,True,False,,2275820641.0,,50/2016,,
Determinazione_359__5653_VistoContabile_2.pdf,VistoContabile,Contabilità,Liquidazione,high,text,f6a359e37b9eb5e92066cd099d1a969560f9d8fb11e9ecd87af35f87e01fdce5,1388,214,124,3,,,1,1,1,"2000,2025,2026,2073",5978.0,5978.0,3,True,False,,2275820641.0,,,,
Determinazione_35__5112_DeterminadiImpegno_Copia_35_2026_1.pdf,Determinazione,Ambiente,,ml_predicted,text,afb5ad6ccde5da53e028f16b21ec94a84aab4084cd986e02aa4039598fe0592d,14767,2418,659,11,B9DE004B8B,,4,1,10,"2000,2006,2009,2011,2012,2013,2014,2016,2023,2025,2026",27450.0,191200.0,10,True,False,,3170570612.0,,36/2023,,
Determinazione_35__5112_VistoContabile_2.pdf,VistoContabile,Contabilità,,high,text,85a4cd244611bae32d6da61756f46305866200373c0b26fba6affb805f102506,1242,203,129,3,B9DE004B8B,,1,1,1,"2000,2006,2016,2026",27450.0,27450.0,3,True,False,,3170570612.0,,,,
Determinazione_360__5654_DeterminadiLiquidazione_Copia_360_2026_1.pdf,Determinazione,Contabilità,Liquidazione,high,text,bd7656d1e74d605575fdb545929b46ad1ab49f1551763d7888a1997c9616508c,7672,1274,444,8,7584472849,,1,1,15,"2000,2012,2014,2015,2016,2017,2018,2019,2026,2073",2260829.45,1649753.91,7,True,False,,2275820641.0,,50/2016,,
Determinazione_360__5654_VistoContabile_2.pdf,VistoContabile,Contabilità,Liquidazione,high,text,38943068512e7d731f62a2b3e805322b3d6fba5e379b0d7d7b1650b34694ce00,1392,217,130,3,7584472849,,1,1,1,"2000,2026,2073",41244.97,41244.97,3,True,False,,2275820641.0,,,,
Determinazione_361__5655_DeterminadiLiquidazione_Copia_361_2026_1.pdf,Determinazione,Contabilità,Liquidazione,high,text,9dd4f5cda6c7b5349914583083fbf2d902cdc699fe60c0c2986b0fc63a00a142,6584,1111,358,7,,,1,1,14,"2000,2012,2014,2015,2026,2073",31720.0,95160.0,7,True,False,,2275820641.0,,,,
Determinazione_361__5655_VistoContabile_2.pdf,VistoContabile,Contabilità,Liquidazione,high,text,7440a1ce449be216d3eb9bdd53174576655994949f73d44b9bf72c41008581e2,1288,205,120,3,,,1,1,1,"2000,2026,2073",31720.0,31720.0,3,True,False,,2275820641.0,,,,
Determinazione_362023__4992_DeterminaaContrarre_Copia_729_2025_1.pdf,Determinazione,Affari Generali,Liquidazione,high,text,36e125347ebc90a95f83ebbe24e78ca26e73e6703ee4e2e79355d5662e9c1ba8,19118,3088,804,23,B9925EC1B6,,7,1,10,"2000,2001,2009,2010,2011,2014,2018,2022,2023,2025,2027",140000.0,49547.6,6,True,False,,3543000370.0,,36/2023,,
Determinazione_362023__4992_VistoContabile_2.pdf,VistoContabile,Contabilità,,high,text,5c1c9a5b3aabbab8bbf8f5a2929a582b19c7fbef0480c64da8f6dc50a9690aac,1436,236,143,3,B9925EC1B6,,2,1,1,"2000,2023,2025",24587.6,24587.6,3,True,False,,3543000370.0,,36/2023,,
Determinazione_362023__4998_DeterminadiLiquidazione_Copia_731_2025_1.pdf,Determinazione,Ambiente,Liquidazione,ml_predicted,text,f8adf55cdd6540f339bf7c6d136325644050f2e6d2827cd8d5c47d69225a5895,13445,2170,525,11,B6752C3D90,,2,1,10,"2000,2009,2010,2011,2012,2013,2016,2023,2025,2026,2027",60000.0,211932.0,9,True,False,,3143860645.0,,36/2023,,
Determinazione_362023__4998_VistoContabile_2.pdf,VistoContabile,Contabilità,Liquidazione,high,text,41b01e0409a6efd4301b6f18319605a646b3c4435ae8c0849681688700f85c53,1511,237,144,3,B6752C3D90,,1,1,1,"2000,2023,2025",1266.0,1266.0,3,True,False,,3143860645.0,,36/2023,,
Determinazione_362023__5010_DeterminadiLiquidazione_Copia_736_2025_1.pdf,Determinazione,Ambiente,Liquidazione,ml_predicted,text,5fae7ce1705fcaa85f7d469dc0c1712750808f3d21e87ff08ac546e538e8e072,13039,2134,535,17,B6752D8EE4,,2,1,10,"2000,2009,2010,2011,2012,2013,2016,2023,2025,2026,2027",75000.0,385576.91,18,True,False,,3136160649.0,,36/2023,,
Determinazione_362023__5010_VistoContabile_2.pdf,VistoContabile,Contabilità,Liquidazione,high,text,abc2da58681b2d5ae8aaab26d10e4a10aa408b057ef127374e616d60b426b9a5,1517,239,148,3,B6752D8EE4,,1,1,1,"2000,2023,2025",11250.0,11250.0,3,True,False,,3136160649.0,,36/2023,,
Determinazione_362023__5042_DeterminadiLiquidazione_Copia_760_2025_1.pdf,Determinazione,Contabilità,Liquidazione,high,text,6b549f5c7da5e06e8a3d8b46b1c941e636fa32d3af760359b8ebdf7684fb29ba,5657,930,330,7,B84E93E648,,2,1,11,"2000,2010,2016,2023,2024,2025,2026",616.1,3080.5,7,True,False,,2137910648.0,,36/2023,,
Determinazione_362023__5042_VistoContabile_2.pdf,VistoContabile,Contabilità,Liquidazione,high,text,d7dbd7a4068231902c316cf4f28d69f623e6959ecc42c5d60486e86a359eac4c,1394,231,136,3,B84E93E648,,1,1,1,"2000,2023,2025",616.1,616.1,3,True,False,,2137910648.0,,36/2023,,
Determinazione_362023__5067_DeterminadiLiquidazione_Copia_9_2026_1.pdf,Determinazione,Contabilità,Liquidazione,high,text,0f1aaab7c91470d5ad784267b3c587a8aa7fc8eda8c42a7543367d75272613e3,9015,1470,487,5,B9925EC1B6,,5,1,10,"2000,2001,2010,2023,2025,2026,2027",24587.6,24587.6,3,True,False,,3543000370.0,,36/2023,,
Determinazione_362023__5067_VistoContabile_2.pdf,VistoContabile,Contabilità,Liquidazione,high,text,0c90edf8403eb89fd375cbcd8f086b2e5777c668665400aa8a1ad7ea29a5ed54,1256,205,120,3,,,1,1,1,"2000,2025,2026",24587.6,24587.6,3,True,False,,3543000370.0,,,,
Determinazione_362023__5162_DeterminadiLiquidazione_Copia_70_2026_1.pdf,Determinazione,Ambiente,Liquidazione,high,text,1e712e0e60ab8d6403c67e1840c6dd77f125e189ff53387cc2618e6909d5ef12,11494,1881,525,8,B6752C3D90,,2,1,10,"2000,2009,2010,2011,2012,2013,2016,2023,2025,2026,2027",60000.0,149875.0,9,True,False,,3143860645.0,,36/2023,,
Determinazione_362023__5162_VistoContabile_2.pdf,VistoContabile,Contabilità,Liquidazione,high,text,4aeb91de262b9dca0ce26605a8a5c6e7a6ec773ca9530b3f09e5a0d93a34e302,1225,200,123,3,,,1,1,1,"2000,2025,2026",5975.0,5975.0,3,True,False,,,,,,
Determinazione_362023__5257_DeterminaaContrarre_Copia_117_2026_1.pdf,Determinazione,Contabilità,Nomina,ml_predicted,text,09418570615052d2e62519ec30b2b6d9ec007e7b467432ab0aba03f8f0349295,13381,2188,636,14,BA30E71574,,7,1,10,"2000,2001,2006,2010,2023,2025,2026,2027",12000.0,12000.0,3,True,False,,5892970152.0,,36/2023,,
Determinazione_362023__5257_VistoContabile_2.pdf,VistoContabile,Contabilità,,high,text,0b0b7b861a6f036235f644db6e76a21caf918fd081da6c28e3046fdad4ad309b,1182,204,118,3,BA30E71574,,2,1,1,"2000,2023,2026,2027",12000.0,12000.0,3,True,False,,,,36/2023,,
Determinazione_362023__5323_DeterminadiLiquidazione_Copia_159_2026_1.pdf,Determinazione,Regolamenti,Liquidazione,ml_predicted,text,713fc066a2d1b539162d4df0aa73bf82d2ef1c657227ee58d893a6122d1bcba4,11499,1868,500,9,B6752C3D90,,2,1,10,"2000,2009,2010,2011,2012,2013,2016,2023,2025,2026,2027",60000.0,220000.0,7,True,False,,3143860645.0,,36/2023,,
Determinazione_362023__5323_VistoContabile_2.pdf,VistoContabile,Contabilità,Liquidazione,high,text,1b60635e0f5cb4fa7e47a2afd0891040e09b5a238923c9d527ba5da434852f7b,1451,227,135,3,B6752C3D90,,1,1,1,"2000,2023,2026",20000.0,20000.0,3,True,False,,3143860645.0,,36/2023,,
Determinazione_362023__5591_DeterminadiLiquidazione_Copia_322_2026_1.pdf,Determinazione,Ambiente,Liquidazione,ml_predicted,text,b558f7bf0ef4266fdaa24a17eb97d32554cc5d474c5a8cd92f377620acb246b1,11489,1866,504,9,B6752C3D90,,1,1,10,"2000,2009,2010,2011,2012,2013,2016,2023,2025,2026,2027",60000.0,216000.0,7,True,False,,3143860645.0,,36/2023,,
Determinazione_362023__5591_VistoContabile_2.pdf,VistoContabile,Contabilità,Liquidazione,high,text,a3301c530ce927b0ddc18b009800a5e7d2df3aa192c4c3de814d9756254bd059,1451,227,136,3,B6752C3D90,,1,1,1,"2000,2023,2026",16000.0,16000.0,3,True,False,,3143860645.0,,36/2023,,
Determinazione_362023__5616_DeterminadiLiquidazione_Copia_330_2026_1.pdf,Determinazione,Regolamenti,Liquidazione,ml_predicted,text,e7e7dcac09cc1a99a2c341faedd841cb3b8ba1038a1875b8fec3b319f58e4e5b,16317,2722,646,34,B5F4BB8D89,J25E24000150006,3,2,11,"2000,2012,2019,2020,2022,2023,2024,2025,2026",690911.48,5130245.19,32,True,False,,2737970646.0,,36/2023,,
Determinazione_362023__5616_VistoContabile_2.pdf,VistoContabile,Contabilità,Liquidazione,high,text,8b2dc286f97183aa55827a4d8e7d6e175153155b10652d22cb3c23af5a823009,1586,257,142,3,B5F4BB8D89,,1,1,1,"2000,2023,2025,2026",681378.65,681378.65,3,True,False,,2737970646.0,,36/2023,,
Determinazione_362023__5635_DeterminadiImpegno_Copia_348_2026_1.pdf,Determinazione,Contabilità,,ml_predicted,text,438298dea85833204d1a34498a1963ffe50d3d8d16af811f778258b67a410bc3,18922,3016,624,26,BB0640D558,D69G18000040001,8,5,20,"2000,2012,2019,2020,2022,2023,2024,2025,2026",400000.0,77122.8,14,True,False,,80000190647.0,,36/2023,,
Determinazione_362023__5635_VistoContabile_2.pdf,VistoContabile,Contabilità,,high,text,323c258c88859b686428d2462dfc67dd9d5327f7ffba0a7ec62c5ea0b2f3349a,1871,287,131,6,,,2,2,1,"2000,2025,2026",10660.4,28481.2,6,True,False,,80000190647.0,,,,
Determinazione_362023__5673_DeterminadiLiquidazione_Copia_370_2026_1.pdf,Determinazione,Regolamenti,Liquidazione,ml_predicted,text,346eacc84b5bfd12939feab781fbc8a1b414f975eab3fcdf1b5ba9ec53fa2204,15542,2502,650,23,B2BEB58EA2,J27B23000020001,5,5,11,"2000,2012,2014,2016,2019,2020,2022,2023,2024,2025,2026",295579.3,417855.11,19,True,False,,2448090643.0,,36/2023,,
Determinazione_362023__5673_VistoContabile_2.pdf,VistoContabile,Contabilità,Liquidazione,high,text,b707580177d9826875a56e72a113486622541797a136ae478426bb2608c06ef2,2319,349,150,6,,J27B23000020001,2,2,1,"2000,2024,2025,2026",1127.68,1377.68,6,True,False,,80000190647.0,,,,
Determinazione_363__5657_DeterminadiLiquidazione_Copia_363_2026_1.pdf,Determinazione,Regolamenti,Liquidazione,ml_predicted,text,fe827adead6d302875f93e81366e75d67afe63ce279cd7fe0523f429c65483b0,12948,2175,625,20,B4CA8C3F40,,4,2,11,"2000,2004,2010,2011,2012,2013,2014,2015,2016,2018,2019,2020,2021,2022,2023,2024,2025,2026",129096242.62,129394941.1,18,True,False,,2412300648.0,,36/2023,,
Determinazione_363__5657_VistoContabile_2.pdf,VistoContabile,Contabilità,Liquidazione,high,text,7d98d5a0aba8d7fe40eb4ea8f597c8b34d433ea7be4351495e5f06ae7787e74f,2026,311,153,6,B4CA8C3F40,,2,2,1,"2000,2004,2018,2025,2026",100000.0,119285.5,6,True,False,,2412300648.0,,,,
Determinazione_367__5670_DeterminadiLiquidazione_Copia_367_2026_1.pdf,Determinazione,Contabilità,Liquidazione,ml_predicted,text,89f416817a2df72993d292549ec0b3e499b3d641fbaa02ba7acb0331944b5a1a,10868,1784,558,17,B66C00DBB9,,3,1,10,"2000,2005,2016,2017,2023,2025,2026",70000.0,258220.0,17,True,False,,2288560648.0,,36/2023,,
Determinazione_367__5670_VistoContabile_2.pdf,VistoContabile,Contabilità,Liquidazione,high,text,50c3de8dcfbde9fdcfec3f235b1549d5394c1429898a4a91b959fe9111643341,1312,208,125,3,,,1,1,1,"2000,2025,2026",27676.0,27676.0,3,True,False,,2288560648.0,,,,
Determinazione_368__5671_DeterminadiLiquidazione_Copia_368_2026_1.pdf,Determinazione,Ambiente,Liquidazione,ml_predicted,text,fc84414cb183be9f3de3bf3920647818eb3c66d8d0b0d7b261e46e5b5c17e0cd,10923,1827,555,12,B9DE004B8B,,4,1,10,"2000,2006,2009,2011,2012,2013,2016,2023,2026",63498.32,218298.32,10,True,False,,3170570612.0,,36/2023,,
Determinazione_368__5671_VistoContabile_2.pdf,VistoContabile,Contabilità,Liquidazione,high,text,fe03776629c688eccadbb4cd250bfeb5bc3bd496f14b4b0c939d0ffbfd816b89,1371,223,140,3,B9DE004B8B,,1,1,1,"2000,2006,2016,2026",63498.32,90948.32,3,True,False,,3170570612.0,,,,
Determinazione_36__5113_DeterminadiLiquidazione_Copia_36_2026_1.pdf,Determinazione,Lavori Pubblici,Liquidazione,high,text,96205356b2be8f1fce3bda621a65dd8a23bb4b2d9d77d02b7293c9e3783ee08f,11980,1970,587,16,9897926AEB,J27B23000010001,2,3,13,"2000,2001,2013,2016,2018,2019,2020,2021,2022,2023,2025,2026",498552.0,373286.28,12,True,False,,9689411214.0,,50/2016,,
Determinazione_36__5113_VistoContabile_2.pdf,VistoContabile,Contabilità,Liquidazione,high,text,473c8e75b5a0f6ee2c7f4afd35e26b2068a15185ce9f249033426157ee8f4085,1329,208,131,3,9897926AEB,J27B23000010001,1,1,1,"2000,2023,2026",40320.0,40320.0,3,True,False,,9689411214.0,,,,
Determinazione_371__5674_DeterminadiLiquidazione_Copia_371_2026_1.pdf,Determinazione,Contabilità,Liquidazione,high,text,e1e4ac46bcb088a87fb2cd02b4b8837fe702c88a5a2452418c976df7f07bdadc,17245,2813,761,23,B97F43CECD,J25E24000230006,3,5,12,"2000,2009,2010,2012,2013,2014,2021,2023,2024,2025,2026",515481082.75,519213436.07,21,True,False,,7015691210.0,,36/2023,,
Determinazione_371__5674_VistoContabile_2.pdf,VistoContabile,Contabilità,Liquidazione,high,text,0ede7fa71383de7cc423ffbbb6f8c72ad15f638bda6633334a463827cc2e02b8,1276,207,132,3,B97F43CECD,J25E24000230006,1,1,1,"2000,2025,2026",160443.32,215343.32,3,True,False,,7015691210.0,,,,
Determinazione_372__5678_DeterminadiLiquidazione_Copia_372_2026_1.pdf,Determinazione,Ambiente,Liquidazione,high,text,e3eef6cab35ad489eeb37fc9535dd977f22f294fc579301f1291b6d41ac0f8c1,11517,1838,548,16,BA3E42D686,,4,2,10,"2000,2009,2010,2011,2012,2013,2016,2023,2026",43540.12,224027.72,17,True,False,,782681217.0,,36/2023,,
Determinazione_372__5678_VistoContabile_2.pdf,VistoContabile,Contabilità,Liquidazione,high,text,241394bab81a39be767785dac9651b7256e996e76a627cefe9ef7a96caf3059d,2371,352,156,6,BA3E42D686,,2,2,1,"2000,2026",14000.0,18780.12,6,True,False,,782681217.0,,,,
Determinazione_373__5679_DeterminadiLiquidazione_Copia_373_2026_1.pdf,Determinazione,Contabilità,Liquidazione,ml_predicted,text,2df86654383068102436946fb2ff7540a72091d19a335354c3f2d39ca8280b25,15537,2469,685,17,BB3D6CBB95,J25E24000230006,5,6,12,"2000,2009,2010,2011,2012,2013,2021,2023,2024,2025,2026",160443.32,528476.64,17,True,False,euro ventitremilasettecentonovanta/00,3036570640.0,,36/2023,,
Determinazione_373__5679_VistoContabile_2.pdf,VistoContabile,Contabilità,Liquidazione,high,text,b9fd670806634abd45c81d87179d348c43ff274816c1909b5a1f430cfd645718,2071,318,140,6,BB3D6CBB95,J25E24000230006,2,2,1,"2000,2025,2026",160443.32,328186.64,6,True,False,,3036570640.0,,,,
Determinazione_374__5680_DeterminadiImpegno_Copia_374_2026_1.pdf,Determinazione,Contabilità,Liquidazione,ml_predicted,text,d9f026bb851277ef06fca0a9096db8e06f1e0d93e7b4c57430ddd979334d4b69,16182,2577,722,41,BBCCFDE6A0,,3,1,11,"2000,2010,2012,2023,2026,2028",6001.18,197380.54,41,True,False,,2432200984.0,,36/2023,,
Determinazione_374__5680_VistoContabile_2.pdf,VistoContabile,Contabilità,,high,text,77450f3038ce2167c276129ce9c4be1219fce934c24e66e6a391884a0037f9d6,1259,209,136,3,BBCCFDE6A0,,1,1,1,"2000,2026",6001.18,6001.18,3,True,False,,1727860221.0,,,,
Determinazione_375__5681_DeterminadiLiquidazione_Copia_375_2026_1.pdf,Determinazione,Contabilità,Liquidazione,high,text,7def1fbaf3dc92e5f6e90528cb82e1c1390fa215800875c3e268dc91baaba82b,10738,1792,570,11,BBB9656AAC,,3,1,11,"2000,2001,2010,2011,2012,2013,2014,2016,2017,2018,2020,2023,2025,2026",3815.68,19078.4,9,True,False,,956540942.0,,36/2023,,
Determinazione_375__5681_VistoContabile_2.pdf,VistoContabile,Contabilità,Liquidazione,high,text,065dae0127147c68a2ec1d8a3574172ce9cb84e1f0cb6449bcd7413ac8261da3,1385,227,134,3,BBB9656AAC,,1,1,1,"2000,2026",3815.68,3815.68,3,True,False,,956540942.0,,,,
Determinazione_376__5682_DeterminadiLiquidazione_Copia_376_2026_1.pdf,Determinazione,Contabilità,Liquidazione,high,text,15fd985dedd517e70990f75ac6c478370a5242117acaed346f5b7379f6c993a0,10738,1792,569,11,BBB9675443,,3,1,11,"2000,2001,2010,2011,2012,2013,2014,2016,2017,2018,2020,2023,2025,2026",4025.47,20127.35,9,True,False,,956540942.0,,36/2023,,
Determinazione_376__5682_VistoContabile_2.pdf,VistoContabile,Contabilità,Liquidazione,high,text,d1f7ffbbf5d4f48dd9a1b5635e0d63cec18f311efed9bfc6ff58a4d95c9c67ee,1385,227,133,3,BBB9675443,,1,1,1,"2000,2026",4025.47,4025.47,3,True,False,,956540942.0,,,,
Determinazione_377__5683_DeterminadiLiquidazione_Copia_377_2026_1.pdf,Determinazione,Regolamenti,Liquidazione,ml_predicted,text,63cc35343ca57493c4317de53c719bc2d3f9732f3fce7f5519c362be115cf191,10981,1817,538,16,B9A0ED7776,,3,1,11,"2000,2006,2009,2010,2011,2012,2013,2016,2023,2026",63498.32,119130.32,16,True,False,,782681217.0,,36/2023,,
Determinazione_377__5683_VistoContabile_2.pdf,VistoContabile,Contabilità,Liquidazione,high,text,4dc74f4c58c1cdb4bf8b4c33ccad8183f7a2a2a35ca474d893bbf10408d7fc91,1364,215,134,3,B9A0ED7776,,1,1,1,"2000,2006,2016,2026",63498.32,67402.32,3,True,False,,782681217.0,,,,
Determinazione_379__5685_DeterminadiImpegno_Copia_379_2026_1.pdf,Determinazione,Contabilità,Concorso,ml_predicted,text,efe206e5a5a56b581578be32fb92121acc577810da44ebc42062bedb90074525,12970,2071,661,8,BBD23D7284,,4,1,10,"2000,2005,2010,2011,2014,2019,2022,2023,2025,2026",150.0,600.0,6,True,False,,,,36/2023,,
Determinazione_379__5685_VistoContabile_2.pdf,VistoContabile,Contabilità,,high,text,8a3d44c6b9320caa581992416655ce42c38c6dee6f066e95d4f43bb0c035b2a9,1282,212,132,3,BBD23D7284,,1,1,1,"2000,2023,2026",150.0,150.0,3,True,False,,,,36/2023,,
Determinazione_37__5114_DeterminadiLiquidazione_Copia_37_2026_1.pdf,Determinazione,Regolamenti,Liquidazione,ml_predicted,text,a2f428ab01b24f72eaa15d10613c951bf4838d4d486f00c0fc964f80633d2360,12163,2048,553,22,B2A7BB085C,J27B23000010001,4,4,13,"2000,2012,2019,2020,2022,2023,2024,2025,2026",371697.85,2175590.58,18,True,False,,6786511219.0,,36/2023,,
Determinazione_37__5114_VistoContabile_2.pdf,VistoContabile,Contabilità,Liquidazione,high,text,890d49ac95a1972034d6c66b3e4f1985692ea1a476a92267addd65b9719d408a,1314,211,134,3,,J27B23000010001,1,1,1,"2000,2024,2025,2026",371697.85,371697.85,3,True,False,,,,,,
Determinazione_380__5686_DeterminaGenerica_Copia_380_2026_1.pdf,Determinazione,Contabilità,Liquidazione,ml_predicted,text,799aaec3b9d99dc73213745e76e781db9c33c698c5ea61dca1e5a1b700e5eb11,10384,1737,471,5,,,0,0,10,"2000,2011,2024,2025,2026,2028",233.0,,0,True,True,,,,,,
Determinazione_380__5686_VistoContabile_2.pdf,VistoContabile,Contabilità,,high,text,0ac7c4fc9e277763f5b035163ec9cae050c030edd544715354947667979e06d1,525,98,57,0,,,0,0,1,"2000,2026",,,0,True,False,,,,,,
Determinazione_381__5688_DeterminadiLiquidazione_Copia_381_2026_1.pdf,Determinazione,Contabilità,Liquidazione,high,text,25fef0baa349afa31e061e9b2addcc66182efcaa9006781231db823c1fef5ce1,8444,1353,465,6,,,1,1,16,"2000,2011,2016,2024,2025,2026,2028",11000.0,15950.0,6,True,False,,1727860221.0,,50/2016,,
Determinazione_381__5688_VistoContabile_2.pdf,VistoContabile,Contabilità,Liquidazione,high,text,30d07564d28f57b9486a9532d29239a9c6766557d9d1f329e8f0db332ae96cc2,1311,211,131,3,,,1,1,1,"2000,2011,2026",11000.0,11000.0,3,True,False,,1727860221.0,,,,
Determinazione_382__5690_DeterminaGenerica_Copia_382_2026_1.pdf,Determinazione,Affari Generali,,high,text,67f9e2bf551aa59bdb8bb4eef40a5330a81d2b7c157a14f3c63b857f7c058b8e,6603,1080,400,0,,,0,0,9,"2000,2009,2013,2023,2026",,,0,True,True,,,,36/2023,,
Determinazione_384__5696_DeterminaGenerica_Copia_384_2026_1.pdf,Determinazione,Contabilità,Liquidazione,ml_predicted,text,f4d36e5a1079002fc5abb1797d2ebec9b15d92b758772ea18c89815e1948d75e,9596,1541,471,4,B5F4BB8D89,J25E24000230006,1,1,9,"2000,2006,2016,2025,2026",618043.53,978043.53,4,True,False,,,,50/2016,,
Determinazione_386__5700_DeterminadiLiquidazione_Copia_386_2026_1.pdf,Determinazione,Contabilità,Liquidazione,ml_predicted,text,1396e8a42b0307248ae96a1fceda9dd10194fb6fc1913bcf0471153c1cf09192,11157,1834,513,11,,J25E24000050006,1,4,12,"2000,2016,2023,2024,2025,2026",734955734.85,735029744.0500001,10,True,False,,,,36/2023,,
Determinazione_386__5700_VistoContabile_2.pdf,VistoContabile,Contabilità,Liquidazione,high,text,46676a16357d013f58100f3176f1e104488b69dc5a5a7e16df36dc83ed317dea,1333,215,137,3,,J25E24000050006,1,1,1,"2000,2025,2026",43139.2,53429.2,3,True,False,,,,,,
Determinazione_387__5701_DeterminadiLiquidazione_Copia_387_2026_1.pdf,Determinazione,Contabilità,Liquidazione,high,text,287fc50e8b97fa42fc57a03ca6cad42f175c18ec88fb296d1c450c1dc1ee5a80,9869,1594,530,6,7564700BE9,,3,1,10,"2000,2010,2012,2014,2015,2016,2018,2019,2020,2026",22752.88,68258.64,6,True,False,,3023240645.0,,,,
Determinazione_387__5701_VistoContabile_2.pdf,VistoContabile,Contabilità,Liquidazione,high,text,89653ad548b7025d9c8fd9940348adab826daf947271cd4564f7b657ef12f700,1593,250,141,3,7564700BE9,,1,1,1,"2000,2026",22752.88,22752.88,3,True,False,,3023240645.0,,,,
Determinazione_388__5713_DeterminadiLiquidazione_Copia_388_2026_1.pdf,Determinazione,Contabilità,Liquidazione,high,text,c9074f8b102929366a500f428a075a9428c38130ff979f43a87a7924406132e5,7687,1283,406,12,B78000EF5B,,3,1,11,"2000,2010,2012,2023,2025,2026,2027,2028",778.3,4950.5,12,True,False,,1955450497.0,,,,
Determinazione_388__5713_VistoContabile_2.pdf,VistoContabile,Contabilità,Liquidazione,high,text,546077a5664bba13acd208202b5ab579220736017deb9fe2bbb6cfd412347aac,1222,195,115,3,B78000EF5B,,1,1,1,"2000,2025,2026",778.3,778.3,3,True,False,,1955450497.0,,,,
Determinazione_389__5702_DeterminadiImpegno_Copia_389_2026_1.pdf,Determinazione,Contabilità,,ml_predicted,text,35bf9b259ba018d7747a05bfef468edefcd25598c212553d6fd9c35b544f8aef,6848,1136,387,8,BBA9157931,,2,1,10,"2000,2006,2012,2016,2018,2026",5000.0,6717.76,5,True,False,,3059920649.0,,50/2016,,
Determinazione_389__5702_VistoContabile_2.pdf,VistoContabile,Contabilità,,high,text,206292d95a905218750c843c6a796e1b48cee69029e5f9b03ae6a24b7514a182,1132,182,114,3,BBA9157931,,1,1,1,"2000,2026",858.88,858.88,3,True,False,,3059920649.0,,,,
Determinazione_38__5119_DeterminadiLiquidazione_Copia_38_2026_1.pdf,Determinazione,Contabilità,Liquidazione,high,text,250f0442a095ec89ded3a8a35779cd7b8d2bc8f753b0fd2c00ab1b7775ce9272,11658,1972,557,14,,,4,4,34,"2000,2001,2010,2014,2015,2024,2025,2026",69779.75,156208.54,14,True,False,,7881061217.0,,,,
Determinazione_38__5119_VistoContabile_2.pdf,VistoContabile,Contabilità,Liquidazione,high,text,170e9a5da974a0ad5a8a93b49a801aa38ede37845d601c1677a8d6cbd8fb01f6,3085,467,142,12,,,4,4,1,"2000,2025,2026",49525.47,81428.79,12,True,False,,7881061217.0,,,,
Determinazione_390__5703_DeterminadiLiquidazione_Copia_390_2026_1.pdf,Determinazione,Contabilità,Liquidazione,high,text,50f73284d64756c5942969f3ca972cecc2ca0b6bc6f92465914df5710d22bf6f,17657,2920,759,18,B6457BC209,J25E24000050006,3,5,15,"2000,2009,2010,2011,2012,2013,2023,2024,2025,2026",734955734.85,737710530.85,18,True,False,,7015691210.0,,36/2023,,
Determinazione_390__5703_VistoContabile_2.pdf,VistoContabile,Contabilità,Liquidazione,high,text,d517c5b9d8705fe40772119c2c992a72580101fa30c84a9204782e550cab81b5,1518,250,154,3,,J25E24000050006,1,1,1,"2000,2025,2026",39528.0,39528.0,3,True,False,,7015691210.0,,,,
Determinazione_391__5705_allegato_a_corretto_2.pdf,Determinazione,Cultura e Turismo,,high,text,104337fc19ae962cc387c00eb977a5235183ccef7ce20966798cdcaad79f7b63,1609,203,135,0,,,0,0,0,"2000,2023,2026,2027",,,0,True,True,,,,36/2023,,
Determinazione_391__5705_ALLEGATO_B_3.pdf,Determinazione,Contabilità,,ml_predicted,text,f5976eb45639f68e0215ae350bc58d4d9f8091364e6997e987911d0da64f10ba,394,48,45,1,,,0,0,0,,,,0,True,True,,,,,,
Determinazione_391__5705_DeterminaGenerica_Copia_391_2026_1.pdf,Determinazione,Cultura e Turismo,,high,text,a5946ef4231393e3fe3a8f07a1c259ad958345f5eca838a87f608de497f1dda4,3386,549,220,0,,,0,0,10,"2000,2025,2026,2027",,,0,True,True,,,,,,
Determinazione_391__allegato1780482506_4.pdf,Determinazione,Regolamenti,,ml_predicted,text,414c173a032016fb5e04a356bed8efe8f8ed779ff4723159cb47755269e3324e,2337,347,159,0,,,0,0,2,"2000,2017,2023,2026,2027",,,0,True,True,,,,36/2023,,
Determinazione_391__allegato1780482543_5.pdf,Determinazione,Cultura e Turismo,Bando,high,text,76afa850ab4e3316c72c783fe7894e0cef096df93efa5780ca90bc9b28ca0d2b,7589,1040,469,0,,,0,0,0,"2000,2016,2023,2026,2027",,,0,True,True,,,,36/2023,,
Determinazione_392026__5403_DeterminadiImpegnoeLiquidazione_Cop2026_1.pdf,Determinazione,Contenzioso,Liquidazione,high,text,c2a863501c623e9380fa7bb88498181c8fb605683b4d826a5f125447b519ed8d,8898,1437,464,10,,,2,2,10,"2000,2001,2023,2025,2026,2028",3000.0,3804.0,6,True,False,,,,36/2023,,
Determinazione_392026__5403_VistoContabile_2.pdf,VistoContabile,Contabilità,Liquidazione,high,text,21b98e0cebad9dbeff2f30646e4cf06944301d514ecf7943a8e95effa206325e,1953,305,133,6,,,2,2,1,"2000,2026",3000.0,3804.0,6,True,False,,,,,,
Determinazione_392__5710_DeterminadiImpegno_Copia_392_2026_1.pdf,Determinazione,Affari Generali,Liquidazione,high,text,b18450cbbb506965a10f3b55eaa5ba147e9e1e552ebb7d8067947bec582c5b65,23023,3678,975,17,BBD7E79D66,,4,2,11,"2000,2004,2005,2006,2009,2010,2011,2012,2013,2014,2016,2017,2021,2022,2023,2024,2026,2027",155430.0,881060.0,12,True,False,,3435380617.0,,36/2023,,
Determinazione_392__5710_VistoContabile_2.pdf,VistoContabile,Contabilità,,high,text,f7d0ae63ee5c5ed49bb0cd04230e7f39ddb450a25acbd74766930ca748782678,1870,298,134,6,BBD7E79D66,,2,2,1,"2000,2023,2024,2026",78749.61,155430.0,6,True,False,,3435380617.0,,,,
Determinazione_393__5711_DeterminaGenerica_Copia_393_2026_1.pdf,Determinazione,Ambiente,Liquidazione,ml_predicted,text,e7270fcd2ef7b8f9b7c16fe3231c399e0c9f84a6cca845f690eef23db9498173,9008,1542,474,16,,J26B20000220001,1,2,18,"2000,2001,2014,2016,2017,2018,2020,2021,2026",75000.0,518025.0,15,True,False,,2349750642.0,,50/2016,,
Determinazione_393__5711_VistoContabile_2.pdf,VistoContabile,Contabilità,,high,text,2c594145c8c1ae2eca34c406c8e4ac718429c26821e19471a22c9d8f5343a1f2,525,98,57,0,,,0,0,1,"2000,2026",,,0,True,False,,,,,,
Determinazione_3962026__5402_DeterminadiLiquidazione_Copia_206_2026_1.pdf,Determinazione,Contenzioso,Liquidazione,high,text,be6f276a289140b9bd0e5c8052af2c0ea0ff41b840388cbb37d15d50fc01322f,8085,1363,455,11,ZDB306CEFD,,2,1,10,"2000,2001,2012,2013,2016,2018,2020,2021,2025,2026",2392.0,11956.0,11,True,False,,2834530640.0,,50/2016,,
Determinazione_3962026__5402_VistoContabile_2.pdf,VistoContabile,Contabilità,Liquidazione,high,text,809f630b71ebc8867d011a25eba999bc6bf33438a545f8d07392a2c61454f8c9,1197,192,112,3,,,1,1,1,"2000,2021,2026",2392.0,2392.0,3,True,False,,2834530640.0,,,,
Determinazione_39__5122_DeterminadiLiquidazione_Copia_39_2026_1.pdf,Determinazione,Regolamenti,Liquidazione,ml_predicted,text,e5c6376258b5f3286603ed23747e701ced6da6e05ab795ec204d64a4f394a8e9,12870,2159,595,17,B4CA8C3F40,,3,2,11,"2000,2010,2011,2012,2013,2014,2015,2016,2018,2019,2020,2021,2022,2023,2024,2025,2026",129096242.62,129289010.62,15,True,False,,,,36/2023,,
Determinazione_39__5122_VistoContabile_2.pdf,VistoContabile,Contabilità,Liquidazione,high,text,d43d09f116f3e60d55807d219ec50f8882f9bc344baf128d26335babdb545781,2150,332,138,6,B4CA8C3F40,,2,2,1,"2000,2025,2026",34500.0,46000.0,6,True,False,,,,,,
Determinazione_3__5070_DeterminadiLiquidazione_Copia_3_2026_1.pdf,Determinazione,Contabilità,Liquidazione,ml_predicted,text,504ac612180a9c6832e5965f86cd03cd276b996becbdce33b31fae0745818d1a,11295,1824,612,11,B12A6AAF0E,,4,1,11,"2000,2001,2006,2010,2023,2024,2025,2026",2428.89,2428.89,3,True,False,,3543000370.0,,36/2023,,
Determinazione_3__5070_VistoContabile_2.pdf,VistoContabile,Contabilità,Liquidazione,high,text,5b3bde4e58b27e737a493ff497fc32a411180dd11addab9f9199e86d599beefd,1356,224,135,3,B12A6AAF0E,,1,1,2,"2000,2024,2025,2026",2428.89,2428.89,3,True,False,,3543000370.0,,,,
Determinazione_3__5325_allegato_schema_di_convenzione_2.pdf,Determinazione,Contabilità,Liquidazione,high,text,038847b585d0c046705c339761e3f06f2e5bca99eb117719c619d87c38489623,6729,1007,461,4,,,0,0,0,2027,140086201.8,120.0,2,True,False,,,,,,
Determinazione_3__5325_DeterminadiImpegnoeLiquidazione_Cop2026_1.pdf,Determinazione,Contabilità,Liquidazione,high,text,8ea8c5f488abc86a2313a841680006ec5b895f5b6955834b6f852bf15bd72547,10925,1775,624,6,,,1,1,10,"2000,2005,2012,2017,2020,2023,2025,2026",180.0,420.0,5,True,False,,3357090129.0,,36/2023,,
Determinazione_3__5325_VistoContabile_3.pdf,VistoContabile,Contabilità,Liquidazione,high,text,853167dbcc5a9f4c6c73bc4e78ccf7fa6ca591ac7da315733aa97fe0a96982f5,1393,221,129,3,,,1,1,1,"2000,2026",180.0,180.0,3,True,False,,3357090129.0,,,,
Determinazione_41__5123_DeterminadiLiquidazione_Copia_41_2026_1.pdf,Determinazione,Servizi Sociali,Liquidazione,high,text,e6c7e8ca6b9b476eb3a1541dc1525863cc351f6b4855034c681ccefcbbee651e,10003,1665,492,13,B7B8482331,,3,1,10,"2000,2009,2010,2011,2012,2013,2016,2023,2025,2026",4977.6,24888.0,11,True,False,,5282641215.0,,36/2023,,
Determinazione_41__5123_VistoContabile_2.pdf,VistoContabile,Contabilità,Liquidazione,high,text,2b8745849bbd4ac6703f580eb6f626afc9b587c23d2a79f2e128d1bb25e45ddf,1360,217,134,3,B7B8482331,,1,1,1,"2000,2025,2026",4977.6,4977.6,3,True,False,,5282641215.0,,,,
Determinazione_42__5120_DeterminadiLiquidazione_Copia_42_2026_1.pdf,Determinazione,Contabilità,Liquidazione,high,text,6979929bf1bf3b13fb1092da275912e0de2e6dc6cc8f8cb37ae9f691aa2904a9,7657,1262,388,12,Z2B3D668EC,,2,1,16,"2000,2012,2016,2022,2024,2025,2026",5003.86,26948.86,12,True,False,,2737030649.0,,50/2016,,
Determinazione_42__5120_VistoContabile_2.pdf,VistoContabile,Contabilità,Liquidazione,high,text,4b5785f94c8ce658ffc695902c0783b42ce3363c36f35363c04eb556a042be43,1190,194,116,3,,,1,1,1,"2000,2024,2026",5003.86,5003.86,3,True,False,,,,,,
Determinazione_43__5128_DeterminadiLiquidazione_Copia_43_2026_1.pdf,Determinazione,Contabilità,Liquidazione,ml_predicted,text,e7b448920fc5553dd49bf276db462a3a4344f6ca4e60161a4f5427e8ce5653f6,7231,1193,362,9,B861BD03AE,,3,2,12,"2000,2010,2016,2023,2025,2026",5578.98,16887.3,8,True,False,,1857520000.0,,36/2023,,Partita IVA 01857520000 formalmente errata (Checksum fallito)
Determinazione_43__5128_VistoContabile_2.pdf,VistoContabile,Contabilità,Liquidazione,high,text,5362b803cd8e87989da90746449b2d9c725a9346cefd203898844f51449f2ec0,2411,383,148,6,B861BD03AE,,2,2,1,"2000,2023,2025,2026",3421.02,5729.34,6,True,False,,1857520000.0,,36/2023,,Partita IVA 01857520000 formalmente errata (Checksum fallito)
Determinazione_44272020__5068_DeterminadiLiquidazione_Copia_8_2026_1.pdf,Determinazione,Contenzioso,Liquidazione,high,text,e1e820da4b46f6322395a4aaa503c15a549040751b1d2ed4cf7b50f5c10c7379,11216,1817,493,15,,,4,4,10,"2000,2001,2006,2010,2012,2013,2020,2021,2024,2025,2026",2600.0,5398.98,12,True,False,euro mille/00,3201030644.0,,,,
Determinazione_44272020__5068_VistoContabile_2.pdf,VistoContabile,Contabilità,Liquidazione,high,text,90d221c830143e7160f6b1701ef4b48bb18008d4fd445c31955237deb7106cd7,3103,470,140,12,,,4,4,1,"2000,2021,2024,2026",2231.2,5398.98,12,True,False,,2134200647.0,,,,
Determinazione_44__5129_DeterminaGenerica_Copia_44_2026_1.pdf,Determinazione,Contabilità,Nomina,ml_predicted,text,f6a9dedda50d0e5121d8c145ee9ca5200a23235ec611114dd50a2a1e66bd0d48,11545,1801,640,0,,,0,0,15,"2000,2001,2009,2011,2012,2014,2019,2021,2022,2026",,,0,True,True,,,,,,
Determinazione_44__5129_VistoContabile_2.pdf,VistoContabile,Contabilità,,high,text,23033ad06e0a7e204340376bf73394ecc5f7a368d9822924d0a0b39b054253e7,525,98,57,0,,,0,0,1,"2000,2026",,,0,True,False,,,,,,
Determinazione_45__5121_DeterminadiLiquidazione_Copia_45_2026_1.pdf,Determinazione,Contabilità,Liquidazione,high,text,db7893505a0287ae03dcc814c299d334b7009d66a25476bb83bde752a862d25d,7109,1170,409,6,ZBD31E57BA,,2,1,10,"2000,2012,2014,2022,2024,2025,2026",1350.0,5400.0,6,True,False,,5131840653.0,,,,
Determinazione_45__5121_VistoContabile_2.pdf,VistoContabile,Contabilità,Liquidazione,high,text,6f121ce2da3db75951934608313fb2345b291585f70762306e7ef413366433ae,1363,218,129,3,ZBD31E57BA,,1,1,1,"2000,2026",1350.0,1350.0,3,True,False,,5131840653.0,,,,
Determinazione_462025__5195_DeterminadiLiquidazione_Copia_95_2026_1.pdf,Determinazione,Contenzioso,Liquidazione,high,text,203c89a9e9b71fdf45c1563c9e1ab5d08c0b6c224ca8afa7220a78cd04d1d87a,11844,1981,521,14,,,2,2,10,"2000,2001,2010,2021,2024,2025,2026,2027",111283.54,333850.62,6,True,False,,,,,,
Determinazione_462025__5195_VistoContabile_2.pdf,VistoContabile,Contabilità,Liquidazione,high,text,fb06cdc2d5e2dc909b95268d2ddb401e690f0a12341162e628329a86933fd883,1838,286,128,6,,,2,2,1,"2000,2025,2026",111283.54,333850.62,6,True,False,,,,,,
Determinazione_46772021__5590_DeterminadiLiquidazione_Copia_320_2026_1.pdf,Determinazione,Contenzioso,Liquidazione,high,text,c87f64c1df177ccb899665d67774e79c75d935c2a1119a590bf62ad4fecac84b,10096,1652,493,8,Z883586EEB,,4,2,10,"2000,2001,2006,2010,2012,2013,2021,2022,2023,2026",3681.6,7181.6,6,True,False,oneri come per legge inclusi,2118560644.0,,,,
Determinazione_46772021__5590_VistoContabile_2.pdf,VistoContabile,Contabilità,Liquidazione,high,text,30750f7571d98a117a838df792ea0e8875c4ac4f393934ebe62c9d0cb0bfa98b,2012,309,141,6,Z1E2EAC505,,2,2,1,"2000,2023,2026",3681.6,7181.6,6,True,False,,2118560644.0,,,,
Determinazione_46__5134_DeterminadiLiquidazione_Copia_46_2026_1.pdf,Determinazione,Contabilità,Liquidazione,high,text,a0e567a67358a2a7ed831967b5d82381a772cedd3d58f7daa5da7e8103962cce,6298,1056,355,5,62754411BD,,2,1,12,"2000,2012,2014,2015,2025,2026,2073",15860.0,47580.0,5,True,False,,2275820641.0,,,,
Determinazione_46__5134_VistoContabile_2.pdf,VistoContabile,Contabilità,Liquidazione,high,text,a089bc399ea6521d2aafb4f54d6a0321ff5db1d806ccbcbeddddb1f68a7eeece,1260,200,116,3,,,1,1,1,"2000,2025,2026,2073",15860.0,15860.0,3,True,False,,2275820641.0,,,,
Determinazione_476__5652_DeterminaaContrarre_Copia_356_2026_1.pdf,Determinazione,Lavori Pubblici,Liquidazione,ml_predicted,text,60e4849e53c83601993a1a27b64756f989f8de23646d03321e36c8ff61c6ebe6,31883,5061,1127,33,,J21E17000260001,5,12,22,"2000,2005,2006,2013,2014,2016,2019,2020,2021,2022,2023,2025,2026,2027,2059",1030525.16,11863926.09,29,True,False,,97584460584.0,,36/2023,,
Determinazione_476__5652_VistoContabile_2.pdf,VistoContabile,Contabilità,,high,text,2390eb90218f51c63b5ff8dc47197f735eb4d982d620942007f18244421d8919,3467,503,148,12,,J21E17000260001,4,4,1,"2000,2025,2026",630525.0,962459.45,12,True,False,,97584460584.0,,,,
Determinazione_47__5135_DeterminadiLiquidazione_Copia_47_2026_1.pdf,Determinazione,Contabilità,Liquidazione,high,text,6bfec0070505e7cd894222a965761d8133b87ca35dbac3cc898027f10a719892,8685,1420,452,11,7584472849,,3,2,15,"2000,2012,2014,2015,2016,2017,2018,2019,2025,2026,2073",2260829.45,1649753.91,10,True,False,,2275820641.0,,50/2016,,
Determinazione_47__5135_VistoContabile_2.pdf,VistoContabile,Contabilità,Liquidazione,high,text,1a0352ddc6c163031fc075195f590632fa05aca3dc0175e97b5a6e1f38cc8a21,2226,332,140,6,7584472849,,2,2,1,"2000,2025,2026,2073",28907.84,41244.97,6,True,False,,2275820641.0,,,,
Determinazione_4922026__5601_DeterminadiImpegno_Copia_324_2026_1.pdf,Determinazione,Contenzioso,Liquidazione,high,text,5ab1dd563b169c930b545d79afa526ff5220bcb737494504604b1bb65b43fd02,9642,1582,511,4,BB85A5B547,,3,1,10,"2000,2001,2010,2012,2013,2018,2021,2026,2028",2000.0,2000.0,3,True,False,,2118560644.0,,,,
Determinazione_4922026__5601_VistoContabile_2.pdf,VistoContabile,Contenzioso,,ml_predicted,text,c651b377d6011f094388ef27d8f50889d8b2df427c6460ee2d3d2702e7f3e067,1311,217,133,3,BB85A5B547,,1,1,1,"2000,2026",2000.0,2000.0,3,True,False,,2118560644.0,,,,
Determinazione_4__5071_DeterminadiLiquidazione_Copia_4_2026_1.pdf,Determinazione,Affari Generali,Liquidazione,high,text,4eeb05eb8d23d5f8f2b61917e18299705c70aae91f45d1f3afb4075737e88e2b,12293,1992,545,24,B9056C2C83,,6,3,11,"2000,2006,2009,2011,2012,2013,2016,2023,2025,2026",63498.32,314142.32,23,True,False,,2448090643.0,,36/2023,,
Determinazione_4__5071_VistoContabile_2.pdf,VistoContabile,Contabilità,Liquidazione,high,text,ace997bd6fe8506ad4b42b2722577d7d1cc1c31f0f123c344e4604d7e00372d9,2915,426,162,9,B9056C2C83,,3,3,1,"2000,2006,2016,2025,2026",63498.32,89018.32,9,True,False,,2448090643.0,,,,
Determinazione_502016__5022_DeterminadiLiquidazione_Copia_750_2025_1.pdf,Determinazione,Contabilità,Liquidazione,ml_predicted,text,c6835981127d4f5987ef80323b6053d5b23243d75ef56b8201095ceca752a84a,9354,1537,491,11,807360017D,,2,1,27,"2000,2015,2016,2019,2020,2021,2023,2024,2025,2026",84279.42,360007.11,10,True,False,oltre IVA e oneri previdenziali,234552.0,,,,Partita IVA 00000234552 formalmente errata (Checksum fallito)
Determinazione_502016__5022_VistoContabile_2.pdf,VistoContabile,Contabilità,Liquidazione,high,text,61d11b88fe9d7c39d88146be749da7555d2bb7a6577f3ab302b70efa8d737a20,1329,214,132,3,,,1,1,1,"2000,2019,2021,2025",42302.24,42302.24,3,True,False,,234552.0,,,,Partita IVA 00000234552 formalmente errata (Checksum fallito)
Determinazione_502016__5656_DeterminadiLiquidazione_Copia_362_2026_1.pdf,Determinazione,Contabilità,Liquidazione,ml_predicted,text,e2b3eb3f6ac888462b3866ccc7d7c0a178b51b8375d53ff9a7be4d4d72176cf4,9634,1590,503,12,807360017D,,2,1,28,"2000,2015,2016,2019,2020,2021,2024,2025,2026",84279.42,334339.75,11,True,False,oltre IVA e oneri previdenziali,234552.0,,,,Partita IVA 00000234552 formalmente errata (Checksum fallito)
Determinazione_502016__5656_VistoContabile_2.pdf,VistoContabile,Contabilità,Liquidazione,high,text,7d36973b06378b937e858c6c299cdfb9d8ee7341d61c6acb835e332109369b2a,1330,215,131,3,,,1,1,1,"2000,2019,2020,2026",16636.9,16636.9,3,True,False,,234552.0,,,,Partita IVA 00000234552 formalmente errata (Checksum fallito)
Determinazione_50__5138_DeterminadiLiquidazione_Copia_50_2026_1.pdf,Determinazione,Contabilità,Liquidazione,high,text,42ee7dee7ac5eebddb597c717a5c9915ce1fd47c1a8dd2a9fc42739dd6ab3310,7871,1271,409,7,ZAD3C23998,,2,1,14,"2000,2011,2023,2024,2026",1157.01,3511.89,7,True,False,,3097990646.0,,,,
Determinazione_50__5138_VistoContabile_2.pdf,VistoContabile,Contabilità,Liquidazione,high,text,9186c66267f20ccf132559140acb59a84211b3f8e12c16d12e05b225cf5e034a,1219,197,116,3,ZAD3C23998,,1,1,1,"2000,2023,2026",1157.01,1157.01,3,True,False,,3097990646.0,,,,
Determinazione_51__5137_DeterminadiLiquidazione_Copia_51_2026_1.pdf,Determinazione,Contabilità,Liquidazione,high,text,0bf9b6572adacc1e7b0a81f7a153db1e333895bd908c257f464a343cf09ab942,16916,2658,477,75,,,12,12,10,"2000,2013,2023,2025,2026",548.8,119955.16,57,True,False,,,,,,
Determinazione_51__5137_VistoContabile_2.pdf,VistoContabile,Contabilità,Liquidazione,high,text,0e78a3876e6d3d27cea9e468d60b8c725a996344fdaf7f3541eed0b372547b59,7856,1149,153,36,,,12,12,1,"2000,2025,2026",548.8,4485.16,36,True,False,,,,,,
Determinazione_52__5139_DeterminaGenerica_Copia_52_2026_1.pdf,Determinazione,Contabilità,Nomina,ml_predicted,text,bb652b0fd70665a4a862ead3837d213d2556941dd074f427e693d7ed067412be,7536,1141,386,0,,,0,0,12,"2000,2013,2014,2025,2026",,,0,True,True,,,,,,
Determinazione_53__5141_DeterminadiLiquidazione_Copia_53_2026_1.pdf,Determinazione,Contabilità,Liquidazione,high,text,4d9918d94d80eea5ccc7bed5e77c5db2361db5d330dfa459f0fbd1be8b0126f1,11621,1919,570,15,,,3,3,11,"2000,2001,2006,2012,2014,2015,2018,2019,2025,2026",3265.34,12817.77,13,True,False,,950501007.0,,,,
Determinazione_53__5141_VistoContabile_2.pdf,VistoContabile,Contabilità,Liquidazione,high,text,3d477425031ba37e8e1f88bc1f71ea44ebc4c7624d8c9404791cb733c67c3237,2545,387,134,9,,,3,3,1,"2000,2025,2026",3265.34,5509.9400000000005,9,True,False,,950501007.0,,,,
Determinazione_55__5143_DeterminadiLiquidazione_Copia_55_2026_1.pdf,Determinazione,Contabilità,Liquidazione,ml_predicted,text,cdf0f509c3ce4d51d5bc269b5a29c5234e1c2904a75aabd6d4da4387641acb85,10917,1820,570,11,B9724CC003,,3,1,11,"2000,2001,2010,2011,2012,2013,2014,2016,2017,2018,2020,2023,2025,2026",26747.76,46651.24,9,True,False,,956540942.0,,36/2023,,
Determinazione_55__5143_VistoContabile_2.pdf,VistoContabile,Contabilità,Liquidazione,high,text,e726b355a9ed6e5b0b73c6f438dcf80862bbcdd09401204b61070f6281582356,1344,217,133,3,,,1,1,1,"2000,2025,2026",26747.76,26747.76,3,True,False,,956540942.0,,,,
Determinazione_5692025__5588_DeterminaGenerica_Copia_315_2026_1.pdf,Determinazione,Contenzioso,Liquidazione,high,text,1bd42a6e63fea9998bc3154fc19a0970f2c438dc06c31a17db9f9f096f3dd82e,8833,1470,486,2,BB7B125223,,2,0,10,"2000,2001,2010,2012,2013,2020,2025,2026,2028",6000.0,,0,True,True,,2683500645.0,,,,
Determinazione_5692025__5588_VistoContabile_2.pdf,VistoContabile,Contabilità,,high,text,fdc0b214947154163bcc689dcc37acc6853e4b4fad77cbcb41f24776f67fd9be,525,98,56,0,,,0,0,1,"2000,2026",,,0,True,False,,,,,,
Determinazione_5692025__5589_DeterminaGenerica_Copia_314_2026_1.pdf,Determinazione,Contenzioso,Liquidazione,high,text,fd5e222552f9d95b587b1c36dd36583e706cdb9f8d0a6d01f3f65818407fdbed,8808,1464,485,2,BB7B29844B,,2,0,10,"2000,2001,2010,2012,2013,2020,2025,2026,2028",6000.0,,0,True,True,,2683500645.0,,,,
Determinazione_5692025__5589_VistoContabile_2.pdf,VistoContabile,Contabilità,,high,text,fdc0b214947154163bcc689dcc37acc6853e4b4fad77cbcb41f24776f67fd9be,525,98,56,0,,,0,0,1,"2000,2026",,,0,True,False,,,,,,
Determinazione_56__5144_DeterminadiLiquidazione_Copia_56_2026_1.pdf,Determinazione,Contabilità,Liquidazione,ml_predicted,text,9465084718f93febffd6b3ccd87ecd6ef172ef190f926d1eb2e1e437948cd6ea,10917,1820,571,11,B9725B82C3,,3,1,11,"2000,2001,2010,2011,2012,2013,2014,2016,2017,2018,2020,2023,2025,2026",26747.76,47084.92,9,True,False,,956540942.0,,36/2023,,
Determinazione_56__5144_VistoContabile_2.pdf,VistoContabile,Contabilità,Liquidazione,high,text,e22e6f5b04fe4564024e1023a0ab740d0f1ad6d41268e91cae25cf69e17c3df0,1344,217,134,3,,,1,1,1,"2000,2025,2026",26747.76,26747.76,3,True,False,,956540942.0,,,,
Determinazione_57__5145_DeterminadiLiquidazione_Copia_57_2026_1.pdf,Determinazione,Contabilità,Liquidazione,ml_predicted,text,d7c2331b4a958f6ea0e5b6d5d02afe3937ee496658bf835baf3139fd00e87d94,10917,1820,572,11,B9AE9ADE45,,3,1,11,"2000,2001,2010,2011,2012,2013,2014,2016,2017,2018,2020,2023,2025,2026",26747.76,45947.24,9,True,False,,956540942.0,,36/2023,,
Determinazione_57__5145_VistoContabile_2.pdf,VistoContabile,Contabilità,Liquidazione,high,text,7ebd5a56a70fffac4c29e9357b790ae2d2b4d21eb926994885021e0d3eedba4c,1344,217,133,3,,,1,1,1,"2000,2025,2026",26747.76,26747.76,3,True,False,,956540942.0,,,,
Determinazione_58__5146_DeterminadiLiquidazione_Copia_58_2026_1.pdf,Determinazione,Contabilità,Liquidazione,ml_predicted,text,07b98f602ac69fa05b751b27b18bb8f834a6dee1b95e14c585607377010655dc,10909,1820,572,11,B9AEA558EA,,3,1,11,"2000,2001,2010,2011,2012,2013,2014,2016,2017,2018,2020,2023,2025,2026",26747.76,48036.72,9,True,False,,956540942.0,,36/2023,,
Determinazione_58__5146_VistoContabile_2.pdf,VistoContabile,Contabilità,Liquidazione,high,text,d987b84087f7b7921bbe72ff2e549b2ffc4d9ae8f62484f14a3a251d22b15f9b,1344,217,134,3,,,1,1,1,"2000,2025,2026",26747.76,26747.76,3,True,False,,956540942.0,,,,
Determinazione_59__5147_DeterminadiLiquidazione_Copia_59_2026_1.pdf,Determinazione,Contabilità,Liquidazione,ml_predicted,text,8c1cf5127dffb2948342bf8afb320aaea816d7e7b6778ed65efd1fc23446e578,10893,1818,567,11,,,2,1,11,"2000,2001,2010,2011,2012,2013,2014,2016,2017,2018,2020,2023,2025,2026",26747.76,48408.44,9,True,False,,956540942.0,,36/2023,,
Determinazione_59__5147_VistoContabile_2.pdf,VistoContabile,Contabilità,Liquidazione,high,text,71bd54f72b4a322ffcb8b43af43b42f9e35c263092072856049b40a341a30ee0,1344,217,134,3,,,1,1,1,"2000,2025,2026",26747.76,26747.76,3,True,False,,956540942.0,,,,
Determinazione_5__5072_DeterminadiLiquidazione_Copia_5_2026_1.pdf,Determinazione,Lavori Pubblici,Liquidazione,ml_predicted,text,d54435b2eb4110160957d34d496e6e45afd5f71d2e84a42f73e0dfd7b63e0694,9333,1563,475,14,B90596D028,,4,1,11,"2000,2009,2011,2012,2013,2023,2025,2026",8601.0,75908.0,14,True,False,,2288560648.0,,36/2023,,
Determinazione_5__5072_VistoContabile_2.pdf,VistoContabile,Contabilità,Liquidazione,high,text,e8a8584ad55115d6184a928b324a9f20f4115e7011b42b7bf9e1a5a105c32f06,1299,206,125,3,B90596D028,,1,1,1,"2000,2025,2026",8601.0,8601.0,3,True,False,,2288560648.0,,,,
Determinazione_613__4945_DeterminaGenerica_Copia_697_2025_1.pdf,Determinazione,Contabilità,Liquidazione,ml_predicted,text,1f6de217c5dd2f390dd183cd4e178108eb65075621703cc64319ee3d0c2d881e,10074,1649,552,1,,J23G23000020004,0,3,18,"2000,2003,2004,2011,2012,2013,2014,2015,2023,2024,2025",200000.0,200000.0,1,True,False,euroduecentomila,,,,,
Determinazione_613__4945_VistoContabile_2.pdf,VistoContabile,Contabilità,,high,text,f8a56adc654c007d8dc4e63508aa5eef55bed658cb663b5492b076d616afd273,522,97,56,0,,,0,0,1,"2000,2025",,,0,True,False,,,,,,
Determinazione_61__5154_DeterminadiLiquidazione_Copia_61_2026_1.pdf,Determinazione,Servizi Sociali,Liquidazione,high,text,caaab6b9acda562a491b427422e65af7b36e500ac37d4afda586a6d3793c2c27,7405,1228,384,4,B8CCFED224,,7,1,14,"2000,2010,2016,2023,2024,2025,2026",13805.0,17749.3,4,True,False,,1952920641.0,,36/2023,,
Determinazione_61__5154_VistoContabile_2.pdf,VistoContabile,Contabilità,Liquidazione,high,text,57b92e8ee253c8e8af7f006dfde431c886f4cab65c972410c9c08ffcf5452ea8,1510,247,147,3,B8CCFED224,,1,1,1,"2000,2023,2025,2026",13805.0,13805.0,3,True,False,,1857520000.0,,36/2023,,Partita IVA 01857520000 formalmente errata (Checksum fallito)
Determinazione_622160__5492_DeterminaGenerica_Copia_251_2026_1.pdf,Determinazione,Contabilità,Liquidazione,ml_predicted,text,d54311b1eb1a952f97d704db22546ef7c80b2357b8132fe90d34ba8d0d5a3172,9764,1610,559,2,BB3F11C324,,3,0,11,"2000,2001,2006,2010,2011,2012,2023,2025,2026",,,0,True,True,,10027190015.0,,36/2023,,
Determinazione_622160__5492_VistoContabile_2.pdf,VistoContabile,Contabilità,,high,text,6c69ac925a84996be71dfd4c63fc10b67abfc85d4886f4b321aefeaf2dadebab,525,98,57,0,,,0,0,1,"2000,2026",,,0,True,False,,,,,,
Determinazione_6222058__5493_DeterminaGenerica_Copia_252_2026_1.pdf,Determinazione,Contabilità,Liquidazione,ml_predicted,text,2ca1740cb4585b1a120c372f1333b07dffda9dbbf60e17e6841fc105f31f7a54,9754,1604,558,2,BB3F323F6B,,3,0,11,"2000,2001,2006,2010,2011,2012,2023,2025,2026",,,0,True,True,,10027190015.0,,36/2023,,
Determinazione_6222058__5493_VistoContabile_2.pdf,VistoContabile,Contabilità,,high,text,6c69ac925a84996be71dfd4c63fc10b67abfc85d4886f4b321aefeaf2dadebab,525,98,57,0,,,0,0,1,"2000,2026",,,0,True,False,,,,,,
Determinazione_62__5155_DeterminadiLiquidazione_Copia_62_2026_1.pdf,Determinazione,Contenzioso,Liquidazione,high,text,249ef05bb75192bb606d2a3202e682761661a5c61a113314890b60f89b67e2d7,8647,1434,498,8,ZDE28C6CEB,,3,1,10,"2000,2001,2006,2010,2012,2016,2018,2019,2021,2022,2025,2026",800.0,2672.0,6,True,False,,234552.0,,50/2016,,Partita IVA 00000234552 formalmente errata (Checksum fallito)
Determinazione_62__5155_VistoContabile_2.pdf,VistoContabile,Contabilità,Liquidazione,high,text,325e95c162eacedeccc369744dd033acc8af219adc442ad1ec1a862668539e51,1207,196,120,3,,,1,1,1,"2000,2021,2026",800.0,800.0,3,True,False,,234552.0,,,,Partita IVA 00000234552 formalmente errata (Checksum fallito)
Determinazione_63__5156_DeterminadiLiquidazione_Copia_63_2026_1.pdf,Determinazione,Contabilità,Liquidazione,high,text,5141032814770ac58612310bf2604251ac24f118a80ad6d4981460b994763156,9616,1553,516,6,7564700BE9,,3,1,10,"2000,2010,2012,2014,2015,2016,2018,2019,2020,2025,2026",21898.05,65694.15,6,True,False,,3023240645.0,,,,
Determinazione_63__5156_VistoContabile_2.pdf,VistoContabile,Contabilità,Liquidazione,high,text,27d70c8acb2b2d6697ca25cfe7af0b9b51f83bfb3f65087e2a47a664651b0cf0,1584,249,141,3,,,1,1,1,"2000,2025,2026",21898.05,21898.05,3,True,False,,3023240645.0,,,,
Determinazione_64__5157_DeterminadiLiquidazione_Copia_64_2026_1.pdf,Determinazione,Ambiente,Liquidazione,high,text,5a4f30a0241bd43d8232b2f5c163f5d6593790afbcb59d36538fd7a117b72152,8027,1302,443,5,B9D78755FB,,3,1,11,"2000,2009,2010,2011,2012,2013,2016,2023,2025,2026",1000.0,1000.0,3,True,False,,2982760643.0,,36/2023,,
Determinazione_64__5157_VistoContabile_2.pdf,VistoContabile,Contabilità,Liquidazione,high,text,aee9291e5e2e6a778c139e7b4e45cd83e011b9d29e0bd64649dc27361a266e86,1211,198,116,3,,,1,1,1,"2000,2025,2026",1000.0,1000.0,3,True,False,,,,,,
Determinazione_65__5153_DeterminaGenerica_Copia_65_2026_1.pdf,Determinazione,Contabilità,,ml_predicted,text,14cf3f9b69066dde94602b8b4f9bfffba0d060dd6c1a87f2c4d640caba7177a1,6776,1062,376,0,,,0,0,11,"2000,2019,2021,2026",,,0,True,True,,,,,,
Determinazione_65__5153_VistoContabile_2.pdf,VistoContabile,Contabilità,,high,text,f52c985c3f5bafbff83d9b43654b76ff45b7bcd8f765ebc192b2adfb199aa4f9,525,98,57,0,,,0,0,1,"2000,2026",,,0,True,False,,,,,,
Determinazione_66__5167_DeterminadiLiquidazione_Copia_66_2026_1.pdf,Determinazione,Contabilità,Liquidazione,high,text,f7f323377710029eb3f644e3340f15e9d8878ddb088a173f9a1f61c598cfd02a,6657,1076,392,5,,,2,2,12,"2000,2003,2004,2024,2025,2026",11674.4,29477.34,5,True,False,,23452517.0,,,,Partita IVA 00023452517 formalmente errata (Checksum fallito)
Determinazione_66__5167_VistoContabile_2.pdf,VistoContabile,Contabilità,Liquidazione,high,text,3e3f5ded34f32fc9052b22bb24c1fea72ac64e4195d3e3ee5810f8f7ad57771b,1342,219,131,3,,,1,1,1,"2000,2025,2026",11674.4,11674.4,3,True,False,,23452517.0,,,,Partita IVA 00023452517 formalmente errata (Checksum fallito)
Determinazione_67626__5624_DeterminadiLiquidazione_Copia_329_2026_1.pdf,Determinazione,Contabilità,Liquidazione,high,text,f5c159f8355b3659953f96ac9d4a52de49ec8cbc3709c3706248ebe0b209de23,6152,992,330,9,BAC369EF0E,,3,2,12,"2000,2025,2026",2108.7,8042.4,9,True,False,,1779900644.0,,,,
Determinazione_67626__5624_VistoContabile_2.pdf,VistoContabile,Contabilità,Liquidazione,high,text,55eb4f13ef78b0029cd8ed95411420d5fc8c3ecadfb1c719197ceabd01d48a02,2125,329,139,6,BAC369EF0E,,2,2,1,"2000,2026",1108.7,2108.7,6,True,False,,1779900644.0,,,,
Determinazione_6792016__4984_DeterminadiLiquidazione_Copia_720_2025_1.pdf,Determinazione,Regolamenti,Liquidazione,high,text,3d1375ae0dc931ec251e4b2d7f46a0f3d9be8d0576ff7b6ed271e8514f945529,11462,1893,574,8,B343B3675C,,2,1,12,"2000,2003,2009,2010,2011,2012,2013,2014,2016,2018,2023,2024,2025,2027",9150.0,36350.0,9,True,False,,782681217.0,,36/2023,,
Determinazione_6792016__4984_VistoContabile_2.pdf,VistoContabile,Contabilità,Liquidazione,high,text,3fd600483c8de116c736c19b480940c9a7f7f1bad0552cec3220447c7ef73866,1375,224,134,3,,,1,1,3,"2000,2024,2025,2027",3050.0,3050.0,3,True,False,,782681217.0,,,,
Determinazione_67__5158_DeterminadiLiquidazione_Copia_67_2026_1.pdf,Determinazione,Contabilità,Liquidazione,ml_predicted,text,3612dbc04eae3f76d9ceeeb2a2cbbfa660c82ae4951fd89f13ebff5d68a8ea17,10051,1633,496,19,,J27H24002020004,2,4,12,"2000,2009,2011,2012,2013,2023,2024,2025,2026",157868.1,476934.46,19,True,False,,,,36/2023,,
Determinazione_67__5158_VistoContabile_2.pdf,VistoContabile,Contabilità,Liquidazione,high,text,9123d0e75c5af2cfd3131b2c59bab0efc693599e49870000924893f705d28209,1919,298,128,6,,,2,2,1,"2000,2025,2026",146715.35,295994.26,6,True,False,,,,,,
Determinazione_689__4926_DeterminadiImpegno_Copia_689_2025_1.pdf,Determinazione,Personale,Concorso,high,text,7767943c6509c3912627f928bbae4836d853960f29ad26a3382556decfdcc758,15086,2414,743,12,B956A25635,,6,1,12,"2000,2005,2010,2011,2014,2019,2022,2023,2024,2025",2720.85,13356.9,7,True,False,,10375941217.0,,36/2023,,
Determinazione_689__4926_VistoContabile_2.pdf,VistoContabile,Contabilità,,high,text,b913c23936266e883d0b855674a8e700731beea52e33395c36fdd2f6d7ddde4c,1267,205,132,3,B956A25635,,1,1,1,"2000,2025",2720.85,2720.85,3,True,False,,,,,,
Determinazione_68__5159_DeterminadiLiquidazione_Copia_68_2026_1.pdf,Determinazione,Affari Generali,Liquidazione,high,text,a337070568b086dd7eb1b22a98e452cb0dbfd41cd8b182e906a4d980ca643905,9016,1496,451,19,,,3,3,18,"2000,2001,2002,2006,2007,2013,2014,2016,2019,2021,2024,2025,2026,2027",2611.72,13287.03,19,True,False,,234552.0,,,,Partita IVA 00000234552 formalmente errata (Checksum fallito)
Determinazione_68__5159_VistoContabile_2.pdf,VistoContabile,Contabilità,Liquidazione,high,text,bce601e01b49e3b01600f36499dec689fa687611205cf22537949835e5378284,2390,368,126,9,,,3,3,1,"2000,2024,2025,2026",2500.0,4765.87,9,True,False,,234552.0,,,,Partita IVA 00000234552 formalmente errata (Checksum fallito)
Determinazione_690__4939_DeterminadiLiquidazione_Copia_690_2025_1.pdf,Determinazione,Contabilità,Liquidazione,high,text,2a0c3d7f305e0ab1469bce130bc4e94dfc15b65a2552345a8f7f89562c68b337,8694,1382,424,15,B8793EA21A,,3,2,10,"2000,2001,2023,2025,2073",5490.0,37440.0,15,True,False,,2275820641.0,,,,
Determinazione_690__4939_VistoContabile_2.pdf,VistoContabile,Contabilità,Liquidazione,high,text,e9c809ca1bc898c02f5aa1d8ec16d8ba513bb244fb455f2e5d9b0251efbb9e70,2197,323,137,6,B8793EA21A,,2,2,1,"2000,2025,2073",3000.0,5490.0,6,True,False,,2275820641.0,,,,
Determinazione_692__4941_DeterminadiLiquidazione_Copia_692_2025_1.pdf,Determinazione,Contabilità,Liquidazione,ml_predicted,text,3572aeae212d978b5b1d84d4c87708ddf5a348fa4cdabf9ac7a3af1ea17be1e8,17816,2975,697,38,A001A8B83A,J27G22000110006,6,6,22,"2000,2009,2010,2012,2018,2021,2022,2023,2024,2025",384930.0,3025388.64,30,True,False,,2515051213.0,,36/2023,,
Determinazione_692__4941_VistoContabile_2.pdf,VistoContabile,Contabilità,Liquidazione,high,text,d6be706706b1d6077be30c89edc2feafe83b1488398a5daf74a5186a307f6c80,1308,213,136,3,A001A8B83A,J27G22000110006,1,1,1,"2000,2023,2025",260982.15,354378.46,3,True,False,,2515051213.0,,,,
Determinazione_694__4942_DeterminadiLiquidazione_Copia_694_2025_1.pdf,Determinazione,Contabilità,Liquidazione,high,text,ba3f4743d8aa459ea2f68cfcee60c974cc2b6251f8bea9b4739b073b1a52bbda,7558,1229,414,8,B88A580748,,2,1,13,"2000,2011,2023,2025,2027",2800.0,5282.650000000001,6,True,False,,4023060041.0,,36/2023,,
Determinazione_694__4942_VistoContabile_2.pdf,VistoContabile,Contabilità,Liquidazione,high,text,24a8468f4b4269112e4abd1502b070f9fe5cb7421eeb4920c506e95325cbb1f7,1265,207,124,3,B88A580748,,1,1,1,"2000,2025,2027",1138.66,1138.66,3,True,False,,4023060041.0,,,,
Determinazione_695__4943_DeterminadiLiquidazione_Copia_695_2025_1.pdf,Determinazione,Contabilità,Liquidazione,high,text,9726bd4308d333cb3efd49a3beca34fa904442a9aee94c7ec56d45f9ca8d674b,7574,1232,399,8,B2C0AE57FE,,3,1,14,"2000,2011,2024,2025",1390.8,4423.2,6,True,False,,89070403.0,,,,
Determinazione_695__4943_VistoContabile_2.pdf,VistoContabile,Contabilità,Liquidazione,high,text,aa966853c12b7f8f49de14af39129642abf61b033256b925bbc8977f250032a3,1191,192,113,3,B2C0AE57FE,,1,1,1,"2000,2024,2025",1390.8,1390.8,3,True,False,,89070403.0,,,,
Determinazione_69__5160_DeterminaGenerica_Copia_69_2026_1.pdf,Determinazione,Cultura e Turismo,,high,text,13fd0097bf046985cf3879ab3e320d504c2450449564a1592111437d05a2c379,5879,917,347,0,,,0,0,10,"2000,2019,2021,2025,2026",,,0,True,True,,,,,,
Determinazione_69__5160_VistoContabile_2.pdf,VistoContabile,Contabilità,,high,text,d883260eb9b0c6678a442032b46abeb0d9325a3be13208ba37fea53f9571cae9,525,98,57,0,,,0,0,1,"2000,2026",,,0,True,False,,,,,,
Determinazione_69__5622_DeterminadiImpegnoeLiquidazione_Cop2026_1.pdf,Determinazione,Contabilità,Liquidazione,high,text,bbfa667c3460d82bd0e39dd8b6f96da87b5543d0b615f6c96d108ee0e3f12728,5468,867,323,8,BB5E408C4F,,2,1,10,"2000,2010,2024,2026",183.0,966.0,8,True,False,,2137910648.0,,,,
Determinazione_69__5622_VistoContabile_2.pdf,VistoContabile,Contabilità,Liquidazione,high,text,184b8edbbfb7ab00206a586bce4ced668ef1835cdf15dc5971a562c3f65d9edb,1337,214,125,4,BB5E408C4F,,1,1,1,"2000,2026",183.0,333.0,4,True,False,,2137910648.0,,,,
Determinazione_6__5073_DeterminadiLiquidazione_Copia_6_2026_1.pdf,Determinazione,Contabilità,Liquidazione,high,text,191a16d142156bcb4295449c8269d5b2e95284def14a77748d6b56591779f3ed,8344,1351,381,18,B98F0919F0,,3,2,10,"2000,2023,2025,2026",18170.0,55060.0,18,True,False,,2857840645.0,,,,
Determinazione_6__5073_VistoContabile_2.pdf,VistoContabile,Contabilità,Liquidazione,high,text,6441474ff5c5b82690acc185284e485ca3b517f8b91f7bd69dce3ed2b0abe509,2014,304,130,6,B98F0919F0,,2,2,1,"2000,2023,2025,2026",18170.0,22440.0,6,True,False,,2857840645.0,,,,
Determinazione_6__5646_DeterminadiImpegno_Copia_364_2026_1.pdf,Determinazione,Contabilità,Liquidazione,high,text,d67dfa2247561c0a7b351a9752a6ad38241a4bc111149c44a1760df683d4fbd9,18216,2917,870,9,,,3,1,14,"2000,2001,2006,2011,2012,2013,2014,2015,2019,2021,2023,2024,2025,2026,2028",267.0,6070.0,8,True,False,comprensiva di marca da bollo,11868920965.0,,36/2023,,
Determinazione_6__5646_VistoContabile_2.pdf,VistoContabile,Contabilità,,high,text,77e04a89a20b9a3974cdcddeb8b97a0a5b026d92d385549c85eda0adcad66e32,1333,216,134,3,,,1,1,1,"2000,2026",267.0,267.0,3,True,False,,11868920965.0,,,,
Determinazione_702__4958_DeterminadiLiquidazione_Copia_702_2025_1.pdf,Determinazione,Contabilità,Liquidazione,ml_predicted,text,b0d64f718de7efdcecc0c9c6e40ee6c097263e269d5ab006cb17ec5fb228ccfb,11206,1806,610,11,B12A6AAF0E,,6,1,11,"2000,2001,2006,2010,2023,2024,2025",3210.39,3210.39,3,True,False,,3543000370.0,,36/2023,,
Determinazione_702__4958_VistoContabile_2.pdf,VistoContabile,Contabilità,Liquidazione,high,text,be9181c8f7e1e807dbdf3e02846e653463c628c79e5188b143da3369a19aaf68,1356,223,134,3,B12A6AAF0E,,1,1,2,"2000,2024,2025",3210.39,3210.39,3,True,False,,3543000370.0,,,,
Determinazione_704__4963_DeterminadiLiquidazione_Copia_704_2025_1.pdf,Determinazione,Contabilità,Liquidazione,high,text,aa5d73391ebcf5962fe05ddacfe469b286457b2abd0fb3da84872037bcfa293a,5875,964,353,7,B8FF2B7DA5,,2,1,10,"2000,2010,2016,2025",1250.0,5642.0,7,True,False,,23452517.0,,50/2016,,Partita IVA 00023452517 formalmente errata (Checksum fallito)
Determinazione_704__4963_VistoContabile_2.pdf,VistoContabile,Contabilità,Liquidazione,high,text,a688c29f5776c7134eb22fde755d65e4e17edc29017bf8617f23828a7a46a466,1359,219,134,3,,,1,1,1,"2000,2025",1250.0,1250.0,3,True,False,,23452517.0,,,,Partita IVA 00023452517 formalmente errata (Checksum fallito)
Determinazione_706__4965_DeterminadiLiquidazione_Copia_706_2025_1.pdf,Determinazione,Contabilità,Liquidazione,high,text,11133f30aa2bd7e0ad7a399842ff8a25fc1d5597a143f4c5ced48ace720947aa,5453,894,320,7,B93991C3DE,,2,1,10,"2000,2010,2016,2025",406.0,2029.7,7,True,False,,2946480643.0,,50/2016,,
Determinazione_706__4965_VistoContabile_2.pdf,VistoContabile,Contabilità,Liquidazione,high,text,a06e31d5e6601c59cf7922b78864ebf0b6c6fa004e003e752ff9df380d8c368d,1363,215,130,3,B93991C3DE,,1,1,1,"2000,2025",406.0,406.0,3,True,False,,2946480643.0,,,,
Determinazione_707__4959_DeterminadiLiquidazione_Copia_707_2025_1.pdf,Determinazione,Contenzioso,Liquidazione,ml_predicted,text,d2a3eb039be076e7ccdcbf8404f760c7048b6d2401102446978cead8f5fa888e,8658,1415,471,6,B9228BE764,,3,1,10,"2000,2001,2010,2020,2024,2025,2027",6000.0,6000.0,3,True,False,,2683500645.0,,,,
Determinazione_707__4959_VistoContabile_2.pdf,VistoContabile,Contabilità,Liquidazione,high,text,59ea6bc388099e1a075203abc093c63c4d73f31feef299b5f540e6ac32c74413,1283,209,126,3,,,1,1,1,"2000,2024,2025",6000.0,6000.0,3,True,False,,2683500645.0,,,,
Determinazione_708__4967_DeterminadiLiquidazione_Copia_708_2025_1.pdf,Determinazione,Contabilità,Liquidazione,high,text,79a4229e4d96ad4d45d59cde5d550349a3e332f11bb3bd01ee043d1597d300ee,10805,1758,496,11,9849923D96,J21F22003580006,4,3,12,"2000,2005,2016,2021,2022,2023,2024,2025",26352.0,154298.0,11,True,False,,1727860221.0,,,,
Determinazione_708__4967_VistoContabile_2.pdf,VistoContabile,Contabilità,Liquidazione,high,text,93b175678affeec2713d95685dd8dc5f6d7c3fc551a6be7448dfe59a7f9c8eea,1341,220,129,3,9849923D96,,1,1,1,"2000,2005,2024,2025",26352.0,26352.0,3,True,False,,1727860221.0,,,,
Determinazione_709__4966_DeterminadiLiquidazione_Copia_709_2025_1.pdf,Determinazione,Contabilità,Liquidazione,high,text,62035153402ac7e71dab4f32e210e617e6e63f4abb8e9f512b7fe295eac1ffee,5812,950,345,7,B8A065D86E,,2,1,10,"2000,2010,2016,2025,2026",3375.0,9450.06,7,True,False,,3225740640.0,,50/2016,,
Determinazione_709__4966_VistoContabile_2.pdf,VistoContabile,Contabilità,Liquidazione,high,text,a6571945c73beaaf04f826e4867ba9c5223700afa3ee3db0a568b9e874be620a,1376,220,139,3,B8A065D86E,,1,1,1,"2000,2025,2026",3375.0,3375.0,3,True,False,,3225740640.0,,,,
Determinazione_711__4973_DeterminadiLiquidazione_Copia_711_2025_1.pdf,Determinazione,Contenzioso,Liquidazione,high,text,49e70946b37082475fb9c34e9b6b05959b68364e33f278a7622da5a0eb4665f8,8734,1441,476,7,B0EE7BB8C8,,3,1,10,"2000,2001,2010,2023,2024,2025",1301.92,1301.92,3,True,False,,2683500645.0,,,,
Determinazione_711__4973_VistoContabile_2.pdf,VistoContabile,Contabilità,Liquidazione,ml_predicted,text,deb97e108abd621e8e06b4f75924da069ebc8ca77d63df4ea841ade7a0ea3027,1360,223,139,3,,,1,1,1,"2000,2024,2025",1301.92,1301.92,3,True,False,,2683500645.0,,,,
Determinazione_712__4974_DeterminaGenerica_Copia_712_2025_1.pdf,Determinazione,Urbanistica,Liquidazione,high,text,0452a39e25acb4ef97373ddd13721754351fbad28e970abbe5bc00a2599c3dc9,8420,1378,502,7,,,0,0,10,"2000,2001,2023,2025,2026",15671.11,47013.31,7,True,False,,2887720643.0,,,,
Determinazione_712__4974_VistoContabile_2.pdf,VistoContabile,Contabilità,,high,text,ec7ed0be6bcbc99f4e18b0d8c2974520de540dc8887e694dcee27a62f4b71fa7,522,97,56,0,,,0,0,1,"2000,2025",,,0,True,False,,,,,,
Determinazione_713__4975_DeterminadiLiquidazione_Copia_713_2025_1.pdf,Determinazione,Contenzioso,Liquidazione,high,text,9c4a9bf92bf489eba2eded94f5207597f4ddafcb4336c4b73e3025a415b89c44,9396,1575,503,13,,,1,1,10,"2000,2001,2010,2018,2023,2025",2500.0,12500.0,11,True,False,,3110370651.0,,,,
Determinazione_713__4975_VistoContabile_2.pdf,VistoContabile,Contabilità,Liquidazione,high,text,fb324936690fabe692aac85b5db6cc7afad88503dd50f22d1bcb17f12c61c7c3,1348,219,132,3,,,1,1,1,"2000,2025",2500.0,2500.0,3,True,False,,3110370651.0,,,,
Determinazione_719__4982_DeterminadiLiquidazione_Copia_719_2025_1.pdf,Determinazione,Contabilità,Liquidazione,ml_predicted,text,b37f0dbecf122a6eeddb20cb72dbb9888056d5a3b9980ecda099ca9479c089c8,7360,1211,368,10,B861BD03AE,,3,2,12,"2000,2010,2016,2023,2025,2026",11157.96,38864.92,9,True,False,,1857520000.0,,36/2023,,Partita IVA 01857520000 formalmente errata (Checksum fallito)
Determinazione_719__4982_VistoContabile_2.pdf,VistoContabile,Contabilità,Liquidazione,high,text,b445d785d88d81e411a78cac40eb411fc985cec04d17a8b8fd9ef7d99239d193,2415,382,147,6,B861BD03AE,,2,2,1,"2000,2023,2025,2026",9000.0,16337.0,6,True,False,,1857520000.0,,36/2023,,Partita IVA 01857520000 formalmente errata (Checksum fallito)
Determinazione_721__4985_DeterminadiImpegno_Copia_721_2025_1.pdf,Determinazione,Contabilità,Liquidazione,high,text,c0de819508cca4ee289584b4787cee887db8741860cf380e6214ba6ee91c3b50,6405,1028,388,6,B92AD4A8F6,,2,1,10,"2000,2006,2018,2023,2025",5000.0,13000.0,5,True,False,,2439560646.0,,,,
Determinazione_721__4985_VistoContabile_2.pdf,VistoContabile,Contabilità,,high,text,662e162bea7360f078f331895a365eb5ba2c8bf17f96b72c99f0ccaac422d4bd,1168,187,119,3,B92AD4A8F6,,1,1,1,"2000,2023,2025",4000.0,4000.0,3,True,False,,2439560646.0,,,,
Determinazione_722__4986_DeterminadiImpegno_Copia_722_2025_1.pdf,Determinazione,Contabilità,Liquidazione,high,text,cfb4447d96025ec22ae387d55d806d0fe67f4e5e49446f6a6b13e8b1d3ffb190,9453,1516,511,11,B98F0919F0,,3,1,11,"2000,2014,2023,2024,2025",40000.0,18040.0,9,True,False,,2857840645.0,,36/2023,,
Determinazione_722__4986_VistoContabile_2.pdf,VistoContabile,Contabilità,,high,text,287074aa6cee1213b4cc03759b2a6f1cb84e8782f691698ab3750ee9ca7a2633,1568,248,135,3,B98F0919F0,,2,1,2,"2000,2023,2024,2025",2500.0,2500.0,3,True,False,,2857840645.0,,,,
Determinazione_723__4983_DeterminadiLiquidazione_Copia_723_2025_1.pdf,Determinazione,Contabilità,Liquidazione,high,text,a35aa5f112ba83dcc2b1e2fc72382e1821c4d734c66eed1160d09aeefccf84fa,6863,1101,393,5,,,2,2,10,"2000,2003,2004,2024,2025,2026",13700.0,17751.2,5,True,False,,23452517.0,,,,Partita IVA 00023452517 formalmente errata (Checksum fallito)
Determinazione_723__4983_VistoContabile_2.pdf,VistoContabile,Contabilità,Liquidazione,high,text,1bf0e70a005721460aa476b9ed10321638a2c459a56493eb291efaf792dfed17,1342,218,131,3,,,1,1,1,"2000,2025,2026",13700.0,13700.0,3,True,False,,23452517.0,,,,Partita IVA 00023452517 formalmente errata (Checksum fallito)
Determinazione_724__4987_DeterminadiImpegno_Copia_724_2025_1.pdf,Determinazione,Regolamenti,Liquidazione,high,text,281cbd84f7e4421c1563f6a60b770a23d5832697bc65dbbd010b9fddfbc73043,15715,2522,699,12,,,3,2,11,"2000,2009,2010,2011,2012,2013,2014,2023,2025,2026",3000.0,15003.0,12,True,False,,2702700614.0,,36/2023,,
Determinazione_724__4987_VistoContabile_2.pdf,VistoContabile,Contabilità,,high,text,25a44000d02a1b0717439cf53f35bd88d00463f9d96f3c3df4b209f348282380,1623,254,116,6,,,2,2,1,"2000,2025",1830.0,3000.0,6,True,False,,2702700614.0,,,,
Determinazione_726__4989_DeterminadiImpegno_Copia_726_2025_1.pdf,Determinazione,Ambiente,,ml_predicted,text,68be235284c7937872e5b82e5d665d3f781bb6748afc68671826cdb677afd725,12075,1962,592,12,B97F354F59,,4,1,10,"2000,2009,2011,2012,2013,2023,2025",5555.0,47504.24,12,True,False,,2522250642.0,,36/2023,,
Determinazione_726__4989_VistoContabile_2.pdf,VistoContabile,Contabilità,,high,text,9e6f3e6b3b1df7215c226816e770e0e486897eceea742a8627ef879bab5a3b23,1305,205,134,3,B97F354F59,,1,1,1,"2000,2025",5555.0,5555.0,3,True,False,,2522250642.0,,,,
Determinazione_727__4988_DeterminadiImpegno_Copia_727_2025_1.pdf,Determinazione,Regolamenti,Liquidazione,high,text,e8b68b38b09ce5604dac5085f913216f802e1e67d46a0843c7094ddbcfeb6ed1,16031,2577,712,11,B97B48C055,,3,1,10,"2000,2009,2010,2011,2012,2013,2014,2016,2023,2025",15917.0,133130.0,11,True,False,,2439560646.0,,36/2023,,
Determinazione_727__4988_VistoContabile_2.pdf,VistoContabile,Contabilità,,high,text,53d76ae775f38e4cc7610d6321a1230a7365ada694646f5da5b1800f03110b27,1298,204,127,3,B97B48C055,,1,1,1,"2000,2025",15917.0,15917.0,3,True,False,,2439560646.0,,,,
Determinazione_728__4990_DeterminadiImpegno_Copia_728_2025_1.pdf,Determinazione,Contabilità,,ml_predicted,text,5333d0c57e39e63fd418cab97d71c1cdf2adb5c2b7588e65ebfa0b854d90064d,11838,1948,518,16,B9A1E9CAE5,,2,1,10,"2000,2005,2006,2012,2013,2016,2017,2023,2025",5002.0,45508.0,12,True,False,,2714180649.0,,36/2023,,
Determinazione_728__4990_VistoContabile_2.pdf,VistoContabile,Contabilità,,high,text,aacfe47c6098bc5a4f5407e6bcf9dc26477e54197129ec5be94f9697ceb07f41,1320,206,128,3,B9A1E9CAE5,,1,1,1,"2000,2025",5002.0,5002.0,3,True,False,,2714180649.0,,,,
Determinazione_72__5164_DeterminaGenerica_Copia_72_2026_1.pdf,Determinazione,Servizi Demografici,,high,text,5e96a3bae0d081fabd0c6e8668b3a65071a8b0907810ac62cb85c2293f450d1b,7349,1067,426,0,,,0,0,10,"2000,2016,2019,2021,2024,2026",,,0,True,True,,,,,,
Determinazione_732__5000_DeterminadiImpegno_Copia_732_2025_1.pdf,Determinazione,Ambiente,Liquidazione,ml_predicted,text,ed1755fb855c4d2f95a2557efc5a924d598a607b09a3615e2b058c3d4853ec93,20886,3408,865,17,B97F3B5F65,J25E24000050006,3,5,15,"2000,2009,2010,2011,2012,2013,2014,2023,2024,2025,2026",734955734.85,737538754.85,17,True,False,,10256561217.0,,36/2023,,
Determinazione_732__5000_VistoContabile_2.pdf,VistoContabile,Contabilità,,high,text,84a4198eaf89656e639499577df4b65c3d0a2f6440854c688e2978109dccb85f,1285,211,128,3,B97F3B5F65,J25E24000050006,1,1,1,"2000,2024,2025",4880.0,4880.0,3,True,False,,10256561217.0,,,,
Determinazione_734__5001_DeterminadiImpegno_Copia_734_2025_1.pdf,Determinazione,Affari Generali,,high,text,5af15c70534d9805aed1c4a07ecb0af44d542a9c290d07ecb6b7097014c33a28,14560,2384,612,7,B9AEAD1F3C,,4,1,11,"2000,2006,2009,2011,2012,2013,2023,2025,2026",4514.0,24314.0,8,True,False,,2287190645.0,,36/2023,,
Determinazione_734__5001_VistoContabile_2.pdf,VistoContabile,Contabilità,,high,text,5f3a45a1052a6e7644c1c55347c159fc9d4e51ae9158a7be6d94cd29f3a4a4b6,1260,201,123,3,B9AEAD1F3C,,1,1,1,"2000,2025",4514.0,4514.0,3,True,False,,2287190645.0,,,,
Determinazione_737__5009_DeterminadiImpegno_Copia_737_2025_1.pdf,Determinazione,Contabilità,Liquidazione,ml_predicted,text,5a6596fa5fe89b720d507cb2f7867370a309194c2d7aea6cad361d40ab16d621,12927,2112,664,17,B9B46F58AD,,6,2,17,"2000,2002,2006,2010,2012,2014,2022,2023,2024,2025,2026,2027",75000.0,147151.5,11,True,False,,3324451214.0,,36/2023,,
Determinazione_737__5009_VistoContabile_2.pdf,VistoContabile,Contabilità,,high,text,e1ef6ca50ce5956ebe468d4d778b13990cb8d9c536f28182c2b12ab32e17a3a7,1641,262,113,6,,,2,2,1,"2000,2025,2026",50000.0,75000.0,6,True,False,,3324451214.0,,,,
Determinazione_738__5011_DeterminadiImpegno_Copia_738_2025_1.pdf,Determinazione,Ambiente,Liquidazione,ml_predicted,text,b93998a16efef9c32436f6ac32d877aa3830ae2c36fa788d8ba43507472fdedf,20093,3234,847,17,B97F27FF93,J25E24000230006,3,5,12,"2000,2009,2010,2011,2012,2013,2014,2021,2023,2024,2025,2026",515481082.75,518778192.75,15,True,False,,1677480640.0,,36/2023,,
Determinazione_738__5011_VistoContabile_2.pdf,VistoContabile,Contabilità,,high,text,b027dd21bf0a86b5188ffffe8df16105ceb5ab3b8bdb44c2b6994ccb17ba8305,1330,215,136,3,B97F27FF93,,1,1,1,"2000,2025",3950.0,3950.0,3,True,False,,,,,,
Determinazione_739__4979_DeterminaaContrarre_Copia_716_2025_1.pdf,Determinazione,Lavori Pubblici,Liquidazione,high,text,3d735986df0f84a277ce8262e2c856fec6fbf7c2f09612a870eb2855f501421c,29781,4800,1028,31,,J24J25000320002,5,7,24,"2000,2002,2012,2014,2015,2016,2020,2021,2022,2023,2024,2025,2027",920939.4,5471390.7,28,True,False,,0.0,,36/2023,,
Determinazione_739__4979_VistoContabile_2.pdf,VistoContabile,Contabilità,,high,text,a7a63ef42f36f2f14885a81d1be24481030c1d7f9fa460f8b8eaa9109fd6b8b1,2651,389,128,9,,,3,3,1,"2000,2002,2025",3500.0,7285.0,9,True,False,,0.0,,,,
Determinazione_739__5012_DeterminadiLiquidazione_Copia_739_2025_1.pdf,Determinazione,Contabilità,Liquidazione,high,text,2e6f56baf7835239426899a69dca1917365e9a6e5c87f52d3a3978ed620c866f,9742,1610,523,9,B8E733A6BB,,3,1,10,"2000,2009,2011,2012,2013,2023,2025,2026",5000.0,24998.24,9,True,False,,10677621210.0,,36/2023,,
Determinazione_739__5012_VistoContabile_2.pdf,VistoContabile,Contabilità,Liquidazione,high,text,041ecddab19587781c479d00dbd01dab43308bd7ad9f6a18f1f7d130bd041e8a,1168,189,114,3,,,1,1,1,"2000,2025",5000.0,5000.0,3,True,False,,23452517.0,,,,Partita IVA 00023452517 formalmente errata (Checksum fallito)
Determinazione_739__5074_DeterminadiLiquidazione_Copia_11_2026_1.pdf,Determinazione,Lavori Pubblici,Liquidazione,high,text,518ec4bfcb41f6b712a98cc2a2d8cbc06bfd20262ea2e3f3b64c1c803689ad57,13809,2240,677,14,B874BE31C2,J24J25000320002,4,6,20,"2000,2002,2009,2013,2014,2020,2021,2022,2023,2024,2025,2026,2027",920939.4,2787795.0,14,True,False,,6176981212.0,,,,
Determinazione_739__5074_VistoContabile_2.pdf,VistoContabile,Contabilità,Liquidazione,high,text,eabb422fe8a421ff028e2aeaf293b549a1cd314c17442cea503a2509751dfba3,1535,249,157,3,B874BE31C2,J24125000320002,1,1,2,"2000,2002,2021,2024,2025,2026,2027",920939.4,924587.2,3,True,False,,6176981212.0,,,,
Determinazione_739__5270_DeterminadiImpegno_Copia_124_2026_1.pdf,Determinazione,Lavori Pubblici,Concorso,high,text,938f307fcf0fe21b25cf78068f1b0b56ffba55d4822a609fb3e2debe00bd6a15,11310,1857,555,7,,J24J25000320002,1,6,19,"2000,2002,2014,2016,2020,2021,2022,2023,2024,2025,2026,2027",920939.4,2781818.2,7,True,False,,,,36/2023,,
Determinazione_739__5270_VistoContabile_2.pdf,VistoContabile,Contabilità,,high,text,f673f7d408e8b03d7d49652196ad94d8f47e0387534a6cb11b4cc9d19784ad2c,1145,187,122,3,,J24125000320002,1,1,1,"2000,2002,2025,2026",920939.4,930389.4,3,True,False,,,,,,
Determinazione_73__5166_DeterminaGenerica_Copia_73_2026_1.pdf,Determinazione,Ambiente,Liquidazione,high,text,c3ffd861334a4f3118a6edd7b2e88fd020240db873e13274959dea961701b20d,28477,4534,1069,26,,,3,0,13,"2000,2006,2012,2014,2015,2016,2023,2024,2025,2026,2027",3368250.0,10016090.4,17,True,False,,,,36/2023,,
Determinazione_740__5008_DeterminadiImpegno_Copia_740_2025_1.pdf,Determinazione,Servizi Sociali,,high,text,201f01e0f407699001b38317809305ac20b892a939f499ec0c64372b5f668c37,19805,3164,799,23,B9B46B2165,,6,5,11,"2000,2001,2006,2013,2014,2015,2016,2018,2020,2021,2024,2025,2026",23818.9,88737.8,20,True,False,,7984791215.0,,50/2016,,
Determinazione_740__5008_VistoContabile_2.pdf,VistoContabile,Contabilità,,high,text,ea4051bc26f90e78988b9e1d37e0bd341b29f3d71f2f27c3002c17e857dbd592,4802,715,180,15,B9B46B2165,,5,5,1,"2000,2025,2026",16602.65,20443.9,15,True,False,,7984791215.0,,,,
Determinazione_74152020__5629_DeterminaGenerica_Copia_340_2026_1.pdf,Determinazione,Contenzioso,Liquidazione,high,text,efcff1afadb2f62232569c923a8492b13d63eeb676f39a61b617cfeea0ace714,10546,1722,580,0,ZF7310E349,,2,0,10,"2000,2001,2010,2012,2013,2014,2018,2020,2021,2023,2026",,,0,True,True,,2349750642.0,,36/2023,,
Determinazione_74152020__5629_VistoContabile_2.pdf,VistoContabile,Contabilità,,high,text,a6103203426fac7c5334c1399738ee29be5b8c28231ad16a624cf62090addddf,525,98,57,0,,,0,0,1,"2000,2026",,,0,True,False,,,,,,
Determinazione_743__5015_DeterminaaContrarre_Copia_743_2025_1.pdf,Determinazione,Cultura e Turismo,Bando,high,text,daf63b45eb6b50ab4a191e4c84c6161a8ed46082be571abb623844e06744614d,18933,3010,846,11,,J69I25000220002,3,3,10,"2000,2009,2011,2012,2013,2014,2020,2023,2024,2025,2026,2027",845000.0,1400005.08,8,True,False,,,,36/2023,,
Determinazione_743__5015_VistoContabile_2.pdf,VistoContabile,Contabilità,,high,text,1fc7e79edd3aae9ac121f57893f74848b1af7f3859b2e061458e96c9888817d3,1491,234,144,3,,J69I25000220002,1,1,1,"2000,2014,2020,2025,2027",32658.0,32658.0,3,True,False,,,,,,
Determinazione_744__5016_DeterminadiLiquidazione_Copia_744_2025_1.pdf,Determinazione,Contabilità,Liquidazione,high,text,fd628ee92835db79ea744a334de6c6f73170c9ed6cb6acd97fd3df57e3bfba00,7760,1248,449,8,Z273B73EC0,,2,1,10,"2000,2001,2006,2012,2016,2024,2025,2026",3500.0,17500.0,8,True,False,,3078130642.0,,,,
Determinazione_744__5016_VistoContabile_2.pdf,VistoContabile,Contabilità,Liquidazione,high,text,cec9c2705073774b926031b408b3d94eece97e4c4029931e3b8a18b9159cc5e7,1316,209,127,3,,,1,1,1,"2000,2024,2025",3500.0,3500.0,3,True,False,,,,,,
Determinazione_745__5017_DeterminadiLiquidazione_Copia_745_2025_1.pdf,Determinazione,Contabilità,Liquidazione,high,text,d12142e7f1f6495131239b419ab9f6ddc05e784ec4f3f696637075b193054a16,7869,1295,440,11,B7B0A0810E,,2,1,10,"2000,2001,2014,2016,2017,2018,2023,2025,2026",3740.0,18020.0,9,True,False,,2268680648.0,,50/2016,,
Determinazione_745__5017_VistoContabile_2.pdf,VistoContabile,Contabilità,Liquidazione,high,text,09aa493ff845ac8e57a43d2cfba29c77f69a0b59204a8d81e23703598aed8304,1380,219,134,3,B7B0A0810E,,1,1,1,"2000,2025",3740.0,3740.0,3,True,False,,2268680648.0,,,,
Determinazione_746__5018_DeterminadiLiquidazione_Copia_746_2025_1.pdf,Determinazione,Contabilità,Liquidazione,high,text,0842898b206f8b61275f813e7d6d8235920153f301c69cc34f92fd6defb2963e,9906,1640,488,14,B97F354F59,,4,1,10,"2000,2009,2011,2012,2013,2023,2025,2026",5555.0,49507.12,14,True,False,,2522250642.0,,36/2023,,
Determinazione_746__5018_VistoContabile_2.pdf,VistoContabile,Contabilità,Liquidazione,high,text,3f7f3595081ac3c1e075199ee6c758fa55b91ee00705bc143d148cca9da08b10,1388,217,135,3,B97F354F59,,1,1,1,"2000,2025",5555.0,5555.0,3,True,False,,2522250642.0,,,,
Determinazione_747__5019_DeterminadiLiquidazione_Copia_747_2025_1.pdf,Determinazione,Regolamenti,Liquidazione,high,text,f2c4c758d01eb18b3d82965d88707d8155549bbd6246df655a630a5cdbd0824d,11839,1938,569,12,B97B48C055,,3,1,10,"2000,2009,2010,2011,2012,2013,2014,2016,2023,2025,2026",15917.0,138918.0,13,True,False,,2439560646.0,,36/2023,,
Determinazione_747__5019_VistoContabile_2.pdf,VistoContabile,Contabilità,Liquidazione,high,text,7458c6d8a7a2a63af0d126528c3dc17d37453a1d39181540f618602878bb589c,1365,212,130,3,B97B48C055,,1,1,1,"2000,2025",15917.0,15917.0,3,True,False,,2439560646.0,,,,
Determinazione_748__5020_DeterminadiLiquidazione_Copia_748_2025_1.pdf,Determinazione,Contabilità,Liquidazione,high,text,8e7318317f821f65bb9825e92b6c579674116497b3007cc3af870c659c61d7a4,6551,1077,369,11,B92AD4A8F6,,2,1,10,"2000,2023,2025,2026",25000.0,53000.0,11,True,False,,2439560646.0,,,,
Determinazione_748__5020_VistoContabile_2.pdf,VistoContabile,Contabilità,Liquidazione,high,text,8bba95d92cc8b4ce7ed6b6b2d87a3f9c9579d210655e95d983ee3bdb7fe36a20,1327,211,126,3,B92AD4A8F6,,1,1,1,"2000,2023,2025",25000.0,29000.0,3,True,False,,2439560646.0,,,,
Determinazione_751__5023_DeterminadiLiquidazione_Copia_751_2025_1.pdf,Determinazione,Contabilità,Liquidazione,ml_predicted,text,73a874e0058f8ea4de4d69100927c7f65b6f79ad699e30de458ad841bb6b8fdc,12606,2057,580,18,B506FC2CCD,J22C23000000006,2,2,12,"2000,2009,2011,2013,2016,2019,2020,2023,2024,2025,2026",70000.0,380458.62,15,True,False,,3023240645.0,,36/2023,,
Determinazione_751__5023_VistoContabile_2.pdf,VistoContabile,Contabilità,Liquidazione,high,text,e2ca9e63036b867b145cabb9cecab0f77fd1164ed53e553740887c9e59009bb3,1311,212,128,3,B506FC2CCD,J22C23000000006,1,1,1,"2000,2025",70000.0,79956.1,3,True,False,,3023240645.0,,,,
Determinazione_755__5038_DeterminadiLiquidazione_Copia_755_2025_1.pdf,Determinazione,Contabilità,Liquidazione,ml_predicted,text,0201df55d9a8ec5908c191135ae9eb5d59e11059a144d6afcf65845d6e24248c,14659,2384,604,36,B4AD63E356,J22C23000000006,3,3,12,"2000,2009,2011,2013,2016,2019,2020,2023,2024,2025,2026",70000.0,659879.19,34,True,False,,2854950645.0,,36/2023,,
Determinazione_755__5038_VistoContabile_2.pdf,VistoContabile,Contabilità,Liquidazione,high,text,6e1fcf57b68e3476a5a8868d2e7293ee2ba45fc2623fb45af22fa77c130248eb,2151,327,139,6,B4AD63E356,J22C23000000006,2,2,1,"2000,2020,2024,2025",70000.0,157681.57,6,True,False,,2854950645.0,,,,
Determinazione_756__5039_DeterminadiLiquidazione_Copia_756_2025_1.pdf,Determinazione,Contabilità,Liquidazione,high,text,2f6506ed46e8fb871b72f511d5bcf92e5db0b51d0b680f797ef8f35fb98146db,11847,1985,479,7,B9AEAD1F3C,,4,1,15,"2000,2009,2011,2012,2013,2023,2025,2026",4514.0,34114.0,11,True,False,,2287190645.0,,36/2023,,
Determinazione_756__5039_VistoContabile_2.pdf,VistoContabile,Contabilità,Liquidazione,high,text,fcbe68244b89b46964fee48df81289ebfccf5d5ae0cfc21409095aa86f0083c7,1334,212,126,3,B9AEAD1F3C,,1,1,1,"2000,2025",4514.0,4514.0,3,True,False,,2287190645.0,,,,
Determinazione_757__5040_DeterminadiLiquidazione_Copia_757_2025_1.pdf,Determinazione,Contabilità,Liquidazione,high,text,576530ea7474b67e4ebfd0630710c07ff96cf896d60199d34b8700582b090095,6196,970,371,4,,,1,1,12,"2000,2024,2025,2026",14398.0,26980.8,4,True,False,,23452517.0,,,,Partita IVA 00023452517 formalmente errata (Checksum fallito)
Determinazione_757__5040_VistoContabile_2.pdf,VistoContabile,Contabilità,Liquidazione,high,text,4cbf52851d8ab22d4f3f243a85b7c979ddc83f92610e23b5064f02a4aae5ec87,1370,218,134,3,,,1,1,1,"2000,2025",14398.0,14398.0,3,True,False,,23452517.0,,,,Partita IVA 00023452517 formalmente errata (Checksum fallito)
Determinazione_75__5174_DeterminadiLiquidazione_Copia_75_2026_1.pdf,Determinazione,Cultura e Turismo,Liquidazione,high,text,d84b11c64703fc4e58f1c4364b67b5940942fba3a06c627b348b6193d6726a82,12058,1963,587,14,B78C9558CA,,2,1,14,"2000,2012,2013,2023,2024,2025,2026,2027",845000.0,1404000.0,13,True,False,,1825970625.0,,,,
Determinazione_75__5174_VistoContabile_2.pdf,VistoContabile,Contabilità,Liquidazione,high,text,24682779b0d8b41fcb8b89b29277a23eee5e73466103ddaaa077494c1f62d592,1467,235,138,3,B78C9558CA,,1,1,1,"2000,2025,2026,2027",16500.0,16500.0,3,True,False,,1825970625.0,,,,
Determinazione_766__5048_DeterminadiImpegno_Copia_766_2025_1.pdf,Determinazione,Cultura e Turismo,Bando,high,text,9b67702089e496e0d70aa101b8dcf8c912542b4e9a53a4ef0c238d800e8e9fe7,16070,2573,767,13,B9D0CAE52B,J69I25000220002,4,3,10,"2000,2009,2011,2012,2013,2014,2020,2023,2024,2025,2026,2027",845000.0,1548450.54,13,True,False,,7751631214.0,,36/2023,,
Determinazione_766__5048_VistoContabile_2.pdf,VistoContabile,Contabilità,,high,text,c82f62c9bbcaaf9b00ec8048f84445ffa3c3b3b155793d24896d469d23a3da1f,1537,239,149,3,B9D0CAE52B,J69I25000220002,1,1,1,"2000,2014,2020,2025,2027",32658.0,32658.0,3,True,False,,7751631214.0,,,,
Determinazione_767__5049_DeterminadiLiquidazione_Copia_767_2025_1.pdf,Determinazione,Contabilità,Liquidazione,high,text,b057a38b9206fd1b8adf063ae131e67bb7e907e78a2084e26d35ef0be677c75d,6033,985,340,5,B956A25635,,3,1,13,"2000,2024,2025,2026",2720.85,8162.549999999999,5,True,False,,,,,,
Determinazione_767__5049_VistoContabile_2.pdf,VistoContabile,Contabilità,Liquidazione,high,text,52de77fb5c41db5e4722496b0e3fd24c15e2b1bad07e2c9613c9820df95c9e59,1397,223,139,3,B956A25635,,1,1,1,"2000,2025",2720.85,2720.85,3,True,False,,,,,,
Determinazione_76__5175_DeterminadiLiquidazione_Copia_76_2026_1.pdf,Determinazione,Cultura e Turismo,Liquidazione,high,text,cfe50cbb8d9eab203a810049d6908d8468fd9b40a29dbd543157cb4e13cb2918,11855,1934,590,16,B759B41C5D,,2,1,14,"2000,2012,2013,2023,2024,2025,2026,2027",845000.0,1332000.02,15,True,False,,2506510649.0,,,,
Determinazione_76__5175_VistoContabile_2.pdf,VistoContabile,Contabilità,Liquidazione,high,text,db70e5e9cd4b49717fe6362cc07d04d07081b02de8abc2559b6cbbaca728e384,1301,209,121,3,B759B41C5D,,1,1,1,"2000,2025,2026",4500.0,4500.0,3,True,False,,2506510649.0,,,,
Determinazione_77__5176_DeterminadiLiquidazione_Copia_77_2026_1.pdf,Determinazione,Cultura e Turismo,Liquidazione,high,text,50352f462e544bd8afe457ccf0659da9e65520acf3f39b54c95c14d5404d1cdf,12486,2043,621,15,,J69I25000220002,2,1,16,"2000,2012,2013,2023,2024,2025,2026,2027",845000.0,1596884.0,14,True,False,,1825970625.0,,36/2023,,
Determinazione_77__5176_VistoContabile_2.pdf,VistoContabile,Contabilità,Liquidazione,high,text,12136fba30cd5a4c454b0f73073d22633521da5e5a5a512eaea453315d400435,1489,238,139,3,,J69I25000220002,1,1,1,"2000,2025,2026,2027",31542.0,31542.0,3,True,False,,1825970625.0,,,,
Determinazione_78__5177_DeterminadiLiquidazione_Copia_78_2026_1.pdf,Determinazione,Cultura e Turismo,Liquidazione,high,text,95c7e34ca09ca2e30c958de72467296b0b92e75c84b2a1fcb1b36e2f4852ec77,12091,1959,591,14,B839BE4F20,,2,1,14,"2000,2012,2013,2023,2024,2025,2026,2027",845000.0,1357800.0,13,True,False,,9882921217.0,,,,
Determinazione_78__5177_VistoContabile_2.pdf,VistoContabile,Contabilità,Liquidazione,high,text,c6be9bfa803f87b46bfe05e2421b68f35ba3fab0249d08b8eac189b9e17840e6,1564,244,142,3,B839BE4F20,,1,1,1,"2000,2025,2026,2027",8800.0,8800.0,3,True,False,,9882921217.0,,,,
Determinazione_79__5178_DeterminadiLiquidazione_Copia_79_2026_1.pdf,Determinazione,Cultura e Turismo,Liquidazione,high,text,a84604b2b37833a54b81182507ac52ea6817ab0533baaaed8336f3d56b6dc13d,12035,1958,600,14,B9117ACF20,J69I25000220002,2,2,14,"2000,2012,2013,2023,2024,2025,2026,2027",845000.0,1383000.0,13,True,False,,2550570648.0,,,,
Determinazione_79__5178_VistoContabile_2.pdf,VistoContabile,Contabilità,Liquidazione,high,text,53b8e59da968eb37b4ee7b665e3bb70eb1370f932a6193a633f74f37447fb372,1415,225,135,3,B9117ACF20,J69I25000220002,1,1,1,"2000,2025,2026",13000.0,13000.0,3,True,False,,2550570648.0,,,,
Determinazione_80__5179_DeterminadiLiquidazione_Copia_80_2026_1.pdf,Determinazione,Cultura e Turismo,Liquidazione,high,text,7ba996d705f9fafbf83f77f76f2c13a04716aa22b6b2ee460a729b2dac981ed5,12435,2030,607,14,B9D0CAE52B,J69I25000220002,2,1,15,"2000,2012,2013,2023,2024,2025,2026,2027",845000.0,1500948.0,13,True,False,,7751631214.0,,36/2023,,
Determinazione_80__5179_VistoContabile_2.pdf,VistoContabile,Contabilità,Liquidazione,high,text,9ae0270580c9cb809cfc7337dc884ae36cc4ab2f58708fbf4386d9668d9f3060,1584,249,144,3,B9D0CAE52B,J69I25000220002,1,1,1,"2000,2025,2026,2027",32658.0,32658.0,3,True,False,,7751631214.0,,,,
Determinazione_81__5184_DeterminadiLiquidazione_Copia_81_2026_1.pdf,Determinazione,Regolamenti,Liquidazione,high,text,fcf12ecaa003f16d01eadc54cbce2f70a230f1ae67d06389adb24f7b94648bc7,10438,1721,570,17,B9D1D1E5B8,,2,1,12,"2000,2009,2010,2011,2012,2013,2016,2023,2024,2025,2026",22000.0,204800.0,17,True,False,,8307161219.0,,36/2023,,
Determinazione_81__5184_VistoContabile_2.pdf,VistoContabile,Contabilità,Liquidazione,high,text,7125c5227a78b71ed11c24359dae5e2eb58939af0c780265d570aeb5f821b880,1301,209,119,3,B9D1D1E5B8,,1,1,1,"2000,2025,2026",22000.0,22000.0,3,True,False,,8307161219.0,,,,
Determinazione_827__5637_DeterminaGenerica_Copia_350_2026_1.pdf,Determinazione,Regolamenti,Bando,high,text,86ac6aed6039d6313f25d67d28f23c3a6d9a615c5ed2bb52eaa3bde3096db99f,10763,1787,498,1,,,0,0,13,"2000,2014,2021,2022,2023,2026",158000.0,158000.0,1,True,False,,,,,,
Determinazione_827__5637_VistoContabile_2.pdf,VistoContabile,Contabilità,,high,text,a6103203426fac7c5334c1399738ee29be5b8c28231ad16a624cf62090addddf,525,98,57,0,,,0,0,1,"2000,2026",,,0,True,False,,,,,,
Determinazione_82__5185_DeterminadiLiquidazione_Copia_82_2026_1.pdf,Determinazione,Contenzioso,Liquidazione,high,text,27bbc7c53524cc4e158075868f546e5b2ea83065a08c3efa5454b1aee63ecdba,9909,1648,498,12,,,1,1,10,"2000,2001,2012,2013,2016,2018,2024,2025,2026",2500.0,12500.0,11,True,False,,3110370651.0,,50/2016,,
Determinazione_82__5185_VistoContabile_2.pdf,VistoContabile,Contabilità,Liquidazione,high,text,2fb4d9c071fc38b36527fb71794a5a8ac24aa1a3e950b47670fb5d802ffe8b74,1372,220,133,3,,,1,1,1,"2000,2025,2026",2500.0,2500.0,3,True,False,,3110370651.0,,,,
Determinazione_84__5190_DeterminadiLiquidazione_Copia_84_2026_1.pdf,Determinazione,Contabilità,Liquidazione,high,text,91326e1f704217e716e64b10843f508a9925829d8585bb9f5407cb1de40df7ae,6168,1006,363,8,B4FE67A311,,2,1,12,"2000,2010,2016,2024,2025,2026",680.69,2180.74,8,True,False,,1043200623.0,,50/2016,,
Determinazione_84__5190_VistoContabile_2.pdf,VistoContabile,Contabilità,Liquidazione,high,text,95dfff12e9c12e0ed2fc258f0725adbb4426ac1a9e143717ac56d1f7da1de3c3,1226,196,113,3,,,1,1,1,"2000,2024,2026",680.69,680.69,3,True,False,,1043200623.0,,,,
Determinazione_85__5187_DeterminadiLiquidazione_Copia_85_2026_1.pdf,Determinazione,Contabilità,Liquidazione,ml_predicted,text,bbd8d6862f44621c10e390f1ec62d047d1b6a6fe47491808cf9b9fb40a122aa1,11513,1904,533,15,,,3,3,19,"2000,2001,2006,2010,2013,2014,2016,2019,2023,2024,2025,2026",84279.42,227882.66,15,True,False,oltre IVA e oneri previdenziali,,,50/2016,,
Determinazione_85__5187_VistoContabile_2.pdf,VistoContabile,Contabilità,Liquidazione,high,text,8bf0d7d06415cd567761185eed528eb6926c7ef356b0b2d4568c7cb88c4d1c0f,1914,297,132,6,,,2,2,1,"2000,2024,2025,2026",15784.12,24054.120000000003,6,True,False,,,,,,
Determinazione_86__5171_DeterminadiImpegno_Copia_86_2026_1.pdf,Determinazione,Cultura e Turismo,Concorso,high,text,4cf291a2248cd85748a89cde84f648f5c80cf522d639be583b58500f214bca4a,12840,2026,637,8,BA3583CACB,,5,1,10,"2000,2010,2011,2014,2019,2022,2023,2025,2026",650.0,2482.79,6,True,False,,2629520640.0,,36/2023,,
Determinazione_86__5171_VistoContabile_2.pdf,VistoContabile,Contabilità,,high,text,fe663d04928d11f4d941c7735d77ab56c87dfd4d0834669b094140c50a4dd8e1,1300,205,126,3,BA3583CACB,,1,1,1,"2000,2026",650.0,650.0,3,True,False,,2629520640.0,,,,
Determinazione_87__5172_DeterminaaContrarre_Copia_87_2026_1.pdf,Determinazione,Ambiente,Bando,high,text,3ee5bb490ee66fc7fe6f5aa50b382173cd055503f72f8a37023e1dc4492c7048,20163,3230,895,18,,J24H23000140001,1,6,13,"2000,2011,2012,2020,2021,2022,2023,2024,2025,2026,2028",497980.0,1870132.4,16,True,False,,,,36/2023,,
Determinazione_87__5172_VistoContabile_2.pdf,VistoContabile,Contabilità,,high,text,cdcf5a27395a2efcca952872df86beda592a13642202d852f71c07d8bacb89a9,1136,186,114,3,,J24H23000140001,1,1,1,"2000,2023,2026",103700.0,103700.0,3,True,False,,,,,,
Determinazione_88__5173_DeterminaaContrarre_Copia_88_2026_1.pdf,Determinazione,Ambiente,Bando,high,text,2172e78379af08a55dcd1d65df2a3133c7c01edb3cdb9ba987f851222d249f28,20261,3246,893,18,,J24H23000140001,1,6,13,"2000,2011,2012,2020,2021,2022,2023,2024,2025,2026,2028",497980.0,1936732.4,16,True,False,,,,36/2023,,
Determinazione_88__5173_VistoContabile_2.pdf,VistoContabile,Contabilità,,high,text,da839b78b8cadf11982a33d598576dba49dad9129dd53400d5d7c591562e6309,1136,186,114,3,,J24H23000140001,1,1,1,"2000,2023,2026",122000.0,122000.0,3,True,False,,,,,,
Determinazione_90__5182_DeterminadiLiquidazione_Copia_90_2026_1.pdf,Determinazione,Cultura e Turismo,Liquidazione,high,text,6ffe9d29f332c33f9172b603ac93ca7a36c3193f9fac25f9cde6effd0a88eafc,12149,1953,589,14,B7874B20A0,J69I25000220002,3,2,14,"2000,2012,2013,2023,2024,2025,2026,2027",845000.0,1353000.0,13,True,False,,3136160649.0,,,,
Determinazione_90__5182_VistoContabile_2.pdf,VistoContabile,Contabilità,Liquidazione,high,text,98d6d1169e1530e2f5b33a9e53ccec9804b9f0d1ef1eac9d4eca6abdb38e9d3c,1593,245,141,3,B7874B20A0,,1,1,1,"2000,2025,2026,2027",8000.0,8000.0,3,True,False,,3136160649.0,,,,
Determinazione_912017__5142_DeterminadiLiquidazione_Copia_54_2026_1.pdf,Determinazione,Contabilità,Liquidazione,high,text,200680f760eaad2f4c5ef07e014194821aef815787c2dbb33141bf4434c173fd,13700,2258,646,18,9649900565,J26F23000000006,4,8,13,"2000,2016,2017,2021,2022,2023,2025,2026,2027",50678.33,218052.51,14,True,False,,234552.0,,50/2016,,Partita IVA 00000234552 formalmente errata (Checksum fallito)
Determinazione_912017__5142_VistoContabile_2.pdf,VistoContabile,Contabilità,Liquidazione,high,text,cd0b639e8a97e6386fed2232b47510a9fb2c7abe7e936941046d872354c227a8,1455,230,140,3,96514547CB,J24J23000020006,1,1,1,"2000,2017,2023,2026",23339.17,23339.17,3,True,False,,234552.0,,,,Partita IVA 00000234552 formalmente errata (Checksum fallito)
Determinazione_91__5188_DeterminadiLiquidazione_Copia_91_2026_1.pdf,Determinazione,Contabilità,Liquidazione,high,text,ae7730e9a030d295069f12d84f81e105b97dbbbe962192202db303232c36859d,11273,1863,537,22,,,3,3,20,"2000,2001,2010,2014,2015,2025,2026",36904.36,50356.47,11,True,False,,12883420155.0,,,,
Determinazione_91__5188_VistoContabile_2.pdf,VistoContabile,Contabilità,Liquidazione,high,text,a14ea289adee1f80516ca023d3ebc654155726fe063263057071fccf0bc2f9ad,2409,374,130,9,,,3,3,1,"2000,2025,2026",36904.36,40019.8,9,True,False,,12883420155.0,,,,
Determinazione_9253__5100_DeterminadiLiquidazione_Copia_25_2026_1.pdf,Determinazione,Contenzioso,Liquidazione,high,text,abc7dae7af2ef109db0f18bbca31e9065848530034bc6aad5d917cf186863eea,10712,1805,531,10,,,1,1,10,"2000,2001,2006,2010,2012,2021,2024,2025,2026",2188.68,10943.4,9,True,False,,3110370651.0,,,,
Determinazione_9253__5100_VistoContabile_2.pdf,VistoContabile,Contabilità,Liquidazione,high,text,2c2f4706a78b69b8fb401eca0326c0a27319335f3bf1bf8a2c5ae4b4c90e50bf,1417,233,143,3,,,1,1,1,"2000,2025,2026",2188.68,2188.68,3,True,False,,3110370651.0,,,,
Determinazione_92__5192_DeterminadiLiquidazione_Copia_92_2026_1.pdf,Determinazione,Contabilità,Liquidazione,high,text,993098ce6c635e8a85fc38c6853f9b675384b342d76327a2694314dbb3f69397,9693,1568,533,6,7564700BE9,J22F17000060005,3,1,10,"2000,2010,2012,2014,2015,2016,2018,2019,2020,2026",22752.88,68258.32,6,True,False,,3023240645.0,,,,
Determinazione_92__5192_VistoContabile_2.pdf,VistoContabile,Contabilità,Liquidazione,high,text,a000db530cf904bc44ad2850d9b51aa4b7fdaba61be2ddd08cb773b7f7c1ac23,1429,227,125,3,7564700BE9,J22F17000060005,1,1,1,"2000,2026",22752.56,22752.56,3,True,False,,3023240645.0,,,,
Determinazione_9352020__4949_DeterminadiLiquidazione_Copia_700_2025_1.pdf,Determinazione,Contenzioso,Liquidazione,ml_predicted,text,39a35b8263cb0af35fddeeddf2ebce2316200bf6cf4c0e2b482c7bb76954b11e,8535,1409,471,4,,,1,1,10,"2000,2001,2010,2014,2015,2020,2025",1300.0,1300.0,3,True,False,,2502920644.0,,,,
Determinazione_9352020__4949_VistoContabile_2.pdf,VistoContabile,Contabilità,Liquidazione,high,text,4d43cf15866a6bc81eda9cd22650da4d845b0c084b4b4e89462ce3400d651a94,1248,203,120,3,,,1,1,1,"2000,2015,2025",1300.0,1300.0,3,True,False,,2502920644.0,,,,
Determinazione_93__5193_DeterminadiLiquidazione_Copia_93_2026_1.pdf,Determinazione,Contabilità,Liquidazione,high,text,f01f4a7521c2d5aca5ce4d08399315b66803f078465c880f0e830d2138601a25,10498,1739,538,16,BA17F6794D,,4,2,10,"2000,2009,2010,2011,2012,2013,2023,2025,2026",3831.0,18767.0,14,True,False,,818901217.0,,36/2023,,
Determinazione_93__5193_VistoContabile_2.pdf,VistoContabile,Contabilità,Liquidazione,high,text,746af3f2cf310a7e41465166c54885645373d2a17d384d33fe56e3a491a06bb2,1830,284,127,6,,,2,2,1,"2000,2025,2026",3831.0,5831.0,6,True,False,,,,,,
Determinazione_94__5194_DeterminaGenerica_Copia_94_2026_1.pdf,Determinazione,Servizi Demografici,Liquidazione,high,text,bfef5d91443d493afa639912844b56084f66c771829e7b0e251816dafb26d12f,5314,840,275,4,,,0,0,10,"2000,2025,2026",440.28,1761.12,4,True,False,,,,,,
Determinazione_94__5194_VistoContabile_2.pdf,VistoContabile,Contabilità,,high,text,4597f9af44389c06e33baefe63659d7f833cea1af11936a6f88910e2501a00d1,525,98,57,0,,,0,0,1,"2000,2026",,,0,True,False,,,,,,
Determinazione_96__5211_DeterminadiLiquidazione_Copia_96_2026_1.pdf,Determinazione,Contabilità,Liquidazione,high,text,66e1f3a3f5cbe5581670ed2803f9e3cc894e73ba7b158678a95122acb543d5fd,6671,1078,350,9,B8A065D86E,,3,2,10,"2000,2010,2016,2025,2026",6750.0,11115.05,9,True,False,,3225740640.0,,50/2016,,
Determinazione_96__5211_VistoContabile_2.pdf,VistoContabile,Contabilità,Liquidazione,high,text,fb368f6f0a745e15db3ce7cc467203b08e9253f4429d13e2b5b0438e31076a8f,2222,342,142,6,B8A065D86E,,2,2,1,"2000,2025,2026",6750.0,6997.46,6,True,False,,3225740640.0,,,,
Determinazione_97__5212_DeterminadiLiquidazione_Copia_97_2026_1.pdf,Determinazione,Contabilità,Liquidazione,high,text,d6402f9efd92895cd80290d56e6d2d8fede7a840d4572f9a4ac12c96500a0c61,8598,1384,439,9,B9B46B2165,,4,2,13,"2000,2011,2022,2024,2025,2026",924.92,1691.24,8,True,False,,,,,,
Determinazione_97__5212_VistoContabile_2.pdf,VistoContabile,Contabilità,Liquidazione,high,text,8f263fe46693572e29cd1e3a1dcfadc1392e92716464fa6513338e2417e3ed8b,2305,351,153,6,Z8939387D2,,3,2,1,"2000,2022,2024,2025,2026",924.92,1229.1999999999998,6,True,False,,,,,,
Determinazione_98__5208_DeterminadiImpegno_Copia_98_2026_1.pdf,Determinazione,Ambiente,Liquidazione,high,text,5769134e4fc8a4a7de2d257c6a9b143cf54496c9e69d370d0e1b83e474609a42,19887,3086,823,22,BA3E42D686,,5,3,10,"2000,2006,2009,2010,2011,2012,2013,2014,2016,2023,2025,2026",43540.12,357185.08,20,True,False,,782681217.0,,36/2023,,
Determinazione_98__5208_VistoContabile_2.pdf,VistoContabile,Contabilità,,ml_predicted,text,b752257c13329b776e11bad8c23cef01f86bb0ad5457d83a925944bf5e3473d3,3023,436,160,9,BA3E42D686,,3,3,1,"2000,2026",15000.0,43540.12,9,True,False,,782681217.0,,,,
Determinazione___4938_DeterminadiImpegnoeLiquidazione_Cop2025_1.pdf,Determinazione,Contabilità,Liquidazione,high,text,07dc75bf2d69b2b52c532798ca059789e1d9afce32174e087be58c37ad7edf6d,6433,1071,360,5,62754411BD,,2,1,12,"2000,2012,2014,2015,2025,2073",15860.0,47580.0,5,True,False,,2275820641.0,,,,
Determinazione___4940_DeterminadiImpegnoeLiquidazione_Cop2025_1.pdf,Determinazione,Contabilità,Liquidazione,high,text,d2aba03e0331166c88822ca30a6df8e51c88afa07034a5f30b545555bf71fff3,12220,1979,585,12,7564700BE9,,2,1,14,"2000,2012,2016,2017,2018,2019,2022,2023,2024,2025",215390.63,272354.03,11,True,False,euro ottomilaquattrocentotto/16,3023240645.0,,50/2016,,
Determinazione___4940_VistoContabile_2.pdf,VistoContabile,Contabilità,Liquidazione,high,text,d03585f4e744810416c91d0cd441e9f5a082efa93f71c1683ae863f5d85d9e9b,1488,233,130,3,7564700BE9,,1,1,1,"2000,2025",7523.4,7523.4,3,True,False,,3023240645.0,,,,
Determinazione___4947_DeterminadiImpegnoeLiquidazione_Cop2025_1.pdf,Determinazione,Contabilità,Liquidazione,high,text,5579a61e6b2ec2ffc3ee0ef363a63076a14eff1be18cbe98eb806e57c78933e0,6287,1036,368,10,B00561B01C,,3,1,10,"2000,2012,2014,2015,2023,2025",9634.02,67438.14,10,True,False,,2268680648.0,,,,
Determinazione___4947_VistoContabile_2.pdf,VistoContabile,Contabilità,Liquidazione,high,text,d2dd1cab10835783f290dd3b11f3c88e845a3677617e6ee1696162fef095b7fe,1183,193,110,3,,,1,1,1,"2000,2025",9634.02,19268.04,3,True,False,,2268680648.0,,,,
Determinazione___4957_DeterminadiImpegnoeLiquidazione_Cop2025_1.pdf,Determinazione,Contabilità,Liquidazione,high,text,e984d4c4b2a21ee9574f1922c02bbdf794d18072c49755ae74280189fce8a5c2,7978,1326,419,14,B713386A6A,,2,1,10,"2000,2006,2012,2016,2017,2018,2024,2025",40000.0,21396.8,13,True,False,,977740083.0,,,,
Determinazione___4957_VistoContabile_2.pdf,VistoContabile,Contabilità,Liquidazione,high,text,504edfc2b0b70e128d7ae9d5ef02a5d89f4e29d92158f92116ecfeb19f275a22,1257,200,117,3,B713386A6A,,1,1,1,"2000,2024,2025",2049.6,2049.6,3,True,False,,977740083.0,,,,
Determinazione___4961_DeterminadiImpegnoeLiquidazione_Cop2025_1.pdf,Determinazione,Contabilità,Liquidazione,high,text,335030699bc96b7c0a6c48dba6899471b703e1523a730b892bb0fd69642aee35,5700,897,324,5,B940460892,,4,1,10,"2000,2023,2024,2025",440.0,1320.0,5,True,False,quattrocentoquaranta/00,6342650659.0,,36/2023,,
Determinazione___4961_VistoContabile_2.pdf,VistoContabile,Contabilità,Liquidazione,high,text,be70d26a5abba670ce88f11e92f9da074aa336bde20faca3ffe2d5c23c185a33,1377,219,132,3,B940460892,,1,1,1,"2000,2025",440.0,440.0,3,True,False,,,,,,
Determinazione___4972_DeterminadiImpegnoeLiquidazione_Cop2025_1.pdf,Determinazione,Contabilità,Liquidazione,high,text,4d78c8fb780feb749dd93c880d762ac2d2cb7a8a229bad13c807e20a31fc57ce,9045,1458,479,16,9406716B9A,,2,1,11,"2000,2014,2016,2019,2020,2022,2023,2024,2025",70000.0,156828.26,13,True,False,,4643881214.0,,,,
Determinazione___4972_VistoContabile_2.pdf,VistoContabile,Contabilità,Liquidazione,high,text,8599ec0ea0c577d22c69aac41afc344898bdb27a73a065cfd2285911fb8d51d3,1377,218,137,3,9406716B9A,,1,1,2,"2000,2020,2022,2025",1752.54,1752.54,3,True,False,,4643881214.0,,,,
Determinazione___4977_DeterminadiImpegnoeLiquidazione_Cop2025_1.pdf,Determinazione,Contabilità,Liquidazione,ml_predicted,text,d3e2ebd2a6fd6520fd63aef40237b7e7bace3e27808bbd5f738090c91b82080b,8778,1425,478,13,,,1,1,10,"2000,2012,2016,2021,2023,2024,2025",5000.0,40000.0,10,True,False,,,,36/2023,,
Determinazione___4977_VistoContabile_2.pdf,VistoContabile,Contabilità,Liquidazione,high,text,e194f6ac77fa6e2159d7c6cc32460917f2f9a84ef86286ed6647ee285a856791,1347,218,131,3,,,1,1,1,"2000,2025",5000.0,5000.0,3,True,False,,,,,,
Determinazione___4980_DeterminadiImpegnoeLiquidazione_Cop2025_1.pdf,Determinazione,Contabilità,Liquidazione,high,text,57657f790429be76acec260c7b8259eb4c1bf16f37722544bbbd2e3aa9328e46,12085,1976,596,18,,,3,3,10,"2000,2001,2006,2012,2014,2015,2018,2019,2025",2649.95,9661.73,16,True,False,,,,,,
Determinazione___4980_VistoContabile_2.pdf,VistoContabile,Contabilità,Liquidazione,high,text,4b6ed1be5c46cab6b475b0206ee0e05d88b5fa58905c9986498cf790da1ff99d,2768,411,148,9,,,3,3,1,"2000,2025",2649.95,3505.89,9,True,False,,,,,,
Determinazione___4981_DeterminadiImpegnoeLiquidazione_Cop2025_1.pdf,Determinazione,Contabilità,Liquidazione,high,text,147d1811a49f194d3c096b21f0ae5d5c2eaa51359f9c9fcecafbe733e8fea94b,9686,1606,507,20,98295587DD,,9,2,20,"2000,2010,2012,2016,2022,2023,2024,2025,2026",189000.0,118341.6,13,True,False,,4399520651.0,,50/2016,,
Determinazione___4981_VistoContabile_2.pdf,VistoContabile,Contabilità,Liquidazione,high,text,2bad940d634613c55002e1af480f22d3b53445914dcebd4ab36ae44d97364ee7,2201,336,132,6,98295587DD,,4,2,1,"2000,2025",20000.0,28415.4,6,True,False,,4399520651.0,,,,
Determinazione___4997_DeterminadiImpegnoeLiquidazione_Cop2025_1.pdf,Determinazione,Contabilità,Liquidazione,high,text,86a0db93ad7c35dfe1e1a90caed660b42b987372d3ccedc9b8839cd7388c739d,5998,975,353,5,,,1,1,14,"2000,2025,2026,2028",2904.9,5809.8,4,True,False,,2867970655.0,,,,
Determinazione___4997_VistoContabile_2.pdf,VistoContabile,Contabilità,Liquidazione,high,text,15c288cb117d4283827738f0891cd049740c450099a5f93cb19bc141f99e767e,1328,210,126,3,,,1,1,1,"2000,2025",2904.9,2904.9,3,True,False,,2867970655.0,,,,
Determinazione___5002_DeterminadiImpegnoeLiquidazione_Cop2025_1.pdf,Determinazione,Contabilità,Liquidazione,high,text,2ac1803833584587859bd5ba47bb80b424b83ad3dd6e62137e78d300d087efdb,8334,1357,456,10,,,1,1,10,"2000,2012,2023,2025,2026",1380.04,7770.04,9,True,False,,,,36/2023,,
Determinazione___5002_VistoContabile_2.pdf,VistoContabile,Contabilità,Liquidazione,high,text,6036bfb998f6668028ee4a8df8f72f8a4ea606bc6f8c3bae5cc8ef183213cdfb,1372,224,136,3,,,1,1,1,"2000,2025",1098.0,1098.0,3,True,False,,,,,,
Determinazione___5013_DeterminadiImpegnoeLiquidazione_Cop2025_1.pdf,Determinazione,Contabilità,Liquidazione,high,text,a62166d6a8ca0b924d4454b3096a73d7e0727ed5bc59508341a42b6c109f20ec,7625,1261,456,10,7584472849,,2,1,14,"2000,2012,2014,2015,2016,2017,2018,2019,2025,2026,2073",2260829.45,1690998.88,9,True,False,,2275820641.0,,50/2016,,
Determinazione___5013_VistoContabile_2.pdf,VistoContabile,Contabilità,Liquidazione,high,text,feffd99440c8fe8bac92e51d5fc82e644a6c60fd838f2fe3c02412634f3f69d4,1498,230,134,3,7584472849,,1,1,1,"2000,2025,2073",41244.97,41244.97,3,True,False,,2275820641.0,,,,
Determinazione___5014_DeterminadiImpegnoeLiquidazione_Cop2025_1.pdf,Determinazione,Contabilità,Liquidazione,high,text,44be7a2dd96d6ae01d3283ae9258684128cfc4efa8a7fdfa30adc8d966ba389f,6444,1071,363,5,62754411BD,,2,1,12,"2000,2012,2014,2015,2025,2026,2073",15860.0,47580.0,5,True,False,,2275820641.0,,,,
Determinazione___5014_VistoContabile_2.pdf,VistoContabile,Contabilità,Liquidazione,high,text,a06063b84dac687a441f0010495f6dd3516c54cdeac878158fbfafe1997a9b15,1403,218,125,3,62754411BD,,1,1,1,"2000,2025,2073",15860.0,15860.0,3,True,False,,2275820641.0,,,,
Determinazione___5021_DeterminadiImpegnoeLiquidazione_Cop2025_1.pdf,Determinazione,Contabilità,Liquidazione,high,text,d4b0a84af825333e1826c87c9eba5baec0c4677e1b8fd60ecf7eecbe6bf36117,7355,1220,403,10,B5AF1E0147,,2,1,11,"2000,2005,2010,2011,2014,2019,2023,2025,2026",1599.0,9593.98,10,True,False,,3023240645.0,,,,
Determinazione___5021_VistoContabile_2.pdf,VistoContabile,Contabilità,Liquidazione,high,text,8750baeea8d45f12f9a68531ddfc071470a1b1d6f1a150fcd936385f8f9f048b,1377,221,129,3,B5AF1E0147,,1,1,1,"2000,2025",1599.0,1599.0,3,True,False,,3023240645.0,,,,
Determinazione___5036_DeterminadiImpegnoeLiquidazione_Cop2025_1.pdf,Determinazione,Contabilità,Liquidazione,high,text,e39dc836d869d91989f226e19abd0ec6bc8fa1afa8bd973295d1d60b79d54373,10827,1716,494,18,,J22C23000000006,2,4,11,"2000,2010,2016,2019,2020,2023,2024,2025,2026",70000.0,146180.0,15,True,False,,,,50/2016,,
Determinazione___5036_VistoContabile_2.pdf,VistoContabile,Contabilità,Liquidazione,high,text,1414e80466a45c38db506e4fc201359f825c1458fa05b665cb7bbf142b0ee3c1,2132,323,135,6,,J22C23000000006,2,2,1,"2000,2020,2024,2025",721.0,1030.0,6,True,False,,,,,,
Determinazione___5037_DeterminadiImpegnoeLiquidazione_Cop2025_1.pdf,Determinazione,Contabilità,Liquidazione,high,text,2b72942a9e5d9eda6543871a46109d47b54f1aa301a56d85e2a67c18c610f40d,7741,1232,427,10,B9C58475CO,J22C23000000006,1,2,10,"2000,2014,2016,2019,2020,2023,2024,2025,2026",70000.0,86966.0,8,True,False,,4643881214.0,,,,
Determinazione___5037_VistoContabile_2.pdf,VistoContabile,Contabilità,Liquidazione,high,text,04a9a48279d88205c61c30cb691edfd766b6392d4839442ff967aa12696aa7e0,1266,201,124,3,B9C58475CO,J22C23000000006,1,1,1,"2000,2024,2025",4990.0,4990.0,3,True,False,,4643881214.0,,,,
Determinazione___5064_DeterminadiImpegnoeLiquidazione_Cop2026_1.pdf,Determinazione,Contabilità,Liquidazione,high,text,652f4556f486c73152f60a8dcf26cf03c0373f38195bbcafe96903769c31c9ab,9239,1465,498,7,,J24H20001270001,2,4,11,"2000,2002,2010,2012,2017,2018,2019,2021,2023,2025,2026",750000.0,751950.0,6,True,False,,2345717.0,,36/2023,,Partita IVA 00002345717 formalmente errata (Checksum fallito)
Determinazione___5064_VistoContabile_2.pdf,VistoContabile,Contabilità,Liquidazione,high,text,7ee0aa70ca6ca54476250cb8334f70fec6cac31f35a7726b1265dca25db3fd5a,1357,210,129,3,,J24H20001270001,1,1,1,"2000,2021,2026",650.0,650.0,3,True,False,,2345717.0,,,,Partita IVA 00002345717 formalmente errata (Checksum fallito)
Determinazione___5101_DeterminadiImpegnoeLiquidazione_Cop2026_1.pdf,Determinazione,Servizi Sociali,Liquidazione,high,text,bc821d0f76d20b00f6404eb7e73f3d44ba7bc1e307c13d04f680e5efbc7f11d1,14809,2381,694,16,B9EF2AD3AD,,3,1,10,"2000,2009,2010,2011,2012,2013,2014,2016,2023,2025,2026",366.0,3294.0,14,True,False,,5282641215.0,,36/2023,,
Determinazione___5101_VistoContabile_2.pdf,VistoContabile,Contabilità,Liquidazione,high,text,4f6f29b635361a63cf202de94497cb09058d5d9dffa5297ac1d7a19d261c9b96,1397,219,130,3,B9EF2AD3AD,,1,1,1,"2000,2026",366.0,366.0,3,True,False,,5282641215.0,,,,
Determinazione___5127_DeterminadiImpegnoeLiquidazione_Cop2026_1.pdf,Determinazione,Contabilità,Liquidazione,high,text,74f58f2405dda36db8d9ad080463dfc04e4623d38cf497010c31183f6e9185d2,5455,861,304,6,B9405F56CA,,3,1,10,"2000,2010,2025,2026",250.0,1000.0,6,True,False,IVA non soggetta,,,,,
Determinazione___5127_VistoContabile_2.pdf,VistoContabile,Contabilità,Liquidazione,high,text,e2084fcd0232209f1f5792c9f69ef2975414f8c367308130da1fe01d624b5d2d,1325,208,127,3,B9405F56CA,,1,1,1,"2000,2026",250.0,250.0,3,True,False,,,,,,
Determinazione___5181_DeterminadiImpegnoeLiquidazione_Cop2026_1.pdf,Determinazione,Contabilità,Liquidazione,high,text,c5410f3712d7a9937e1781dda6a87442155af9f035ada96bf5c4177c46254dc9,13860,2292,560,19,B18AA119F1,,8,6,37,"2000,2001,2012,2015,2025,2026",36904.36,123913.8,19,True,False,,488410010.0,,,,
Determinazione___5181_VistoContabile_2.pdf,VistoContabile,Contabilità,Liquidazione,high,text,92608713999b8c4dbef55dffdc7de97af39e38eff7e65db0b6683fba000aace6,4200,642,143,18,B18AA119F1,,6,6,1,"2000,2025,2026",36904.36,114190.57,18,True,False,,488410010.0,,,,
Determinazione___5209_DeterminadiImpegnoeLiquidazione_Cop2026_1.pdf,Determinazione,Contabilità,Liquidazione,high,text,0ac62e5f04c48dc4525f20720d028bcd288e1231b58783b0f2ff8d85838160e6,7561,1238,440,15,,,1,1,10,"2000,2011,2023,2025,2026,2027",25000.0,27234.925,12,True,False,cinquantacentesimi,3357090129.0,,,,
Determinazione___5209_VistoContabile_2.pdf,VistoContabile,Contabilità,Liquidazione,high,text,982715fa1f1205893b2fb993495c1b508a0ce776abffc50338b37c6363da17a2,1384,219,125,3,,,1,1,1,"2000,2026",2128.0,2128.0,3,True,False,,3357090129.0,,,,
Determinazione___5311_DeterminadiImpegnoeLiquidazione_Cop2026_1.pdf,Determinazione,Contabilità,Liquidazione,ml_predicted,text,4eff12e47bdae59834ce825e808218528af501c81d3ba32db496a83376f4e557,10738,1784,501,8,,,1,1,10,"2000,2011,2024,2025,2026,2027",2838.9,2838.9,3,True,False,,23451863.0,,,,Partita IVA 00023451863 formalmente errata (Checksum fallito)
Determinazione___5311_VistoContabile_2.pdf,VistoContabile,Contabilità,Liquidazione,high,text,c2dbe8c582bc380414dbfb44862fcebb51bf281db948ef90707e99cd0ba8ed5b,1394,229,135,3,,,1,1,1,"2000,2024,2026",2838.9,2838.9,3,True,False,,23451863.0,,,,Partita IVA 00023451863 formalmente errata (Checksum fallito)
Determinazione___5354_DeterminadiImpegnoeLiquidazione_Cop2026_1.pdf,Determinazione,Servizi Demografici,Liquidazione,high,text,5e3bd2bf6b45b441a8b8c2322608089970f281d26f60a9565715e39083d5ae7c,6534,1087,387,7,,,1,1,10,"2000,2026",460.0,2300.0,7,True,False,AGEVOLATA,1897431209.0,,,,
Determinazione___5354_VistoContabile_2.pdf,VistoContabile,Contabilità,Liquidazione,high,text,5ff67db13420027cb1a78e37ad38a969c1be7c24ea18f80008dc6ce2cdce2992,1467,256,142,3,,,1,1,1,"2000,2026",460.0,460.0,3,True,False,,1897431209.0,,,,
Determinazione___5358_DeterminadiImpegnoeLiquidazione_Cop2026_1.pdf,Determinazione,Contabilità,Liquidazione,high,text,4f1214f684cf2aedd3a5a4cdd1c92ec65b92609e2d0a3bb6e84917b10cc6857c,8193,1348,401,10,B861BD03AE,,3,2,10,"2000,2010,2016,2023,2025,2026",11157.96,33477.88,9,True,False,,1924560707.0,,36/2023,,
Determinazione___5358_VistoContabile_2.pdf,VistoContabile,Contabilità,Liquidazione,high,text,e3e17593c258374fb93d3962ce0f9bd5b567f07d4c38d180517d3daa6190103f,2357,370,134,6,B861BD03AE,,2,2,1,"2000,2023,2025,2026",5578.98,11157.96,6,True,False,,1924560707.0,,36/2023,,
Determinazione___5374_DeterminadiImpegnoeLiquidazione_Cop2026_1.pdf,Determinazione,Regolamenti,Liquidazione,high,text,177a5e963e18758f46b52ea479c2d783b69aaf1495fcd0d0fb1df928bca66a96,7046,1090,345,12,,,1,1,10,"2000,2023,2026",8659.7,18877.66,10,True,False,,,,,,
Determinazione___5374_VistoContabile_2.pdf,VistoContabile,Contabilità,Liquidazione,high,text,f15ca7672ea3cd7c8b05d4fe79854522c2a4573fac6568835032ba12401dcf8a,1566,243,144,4,,,1,1,1,"2000,2023,2026",259.71,519.42,4,True,False,,,,,,
Determinazione___5404_DeterminadiImpegnoeLiquidazione_Cop2026_1.pdf,Determinazione,Contabilità,Liquidazione,high,text,b74428c6e66a4f88633cf9132cd1cdc092230f88e71fe203e65c52982b5f80a4,8509,1395,478,5,BAC83E220B,,4,1,10,"2000,2001,2010,2011,2025,2026,2028",400.0,400.0,3,True,False,oneri inclusi come per legge,1863370647.0,,,,
Determinazione___5404_VistoContabile_2.pdf,VistoContabile,Contabilità,Liquidazione,high,text,d1a35505541e00b5accacfe8169a568fd8e90212c5f499ddf356d229f102c5a6,1389,225,133,3,BAC83E220B,,1,1,1,"2000,2026",400.0,400.0,3,True,False,,1863370647.0,,,,
Determinazione___5468_DeterminadiImpegnoeLiquidazione_Cop2026_1.pdf,Determinazione,Affari Generali,Liquidazione,ml_predicted,text,5a6ed89be2a16a01845f6cf12b3fe24fd4556435dc88b1343ef7a6d3d054e28d,13667,2228,642,12,BB255AFE30,,5,1,13,"2000,2006,2009,2010,2011,2013,2014,2022,2023,2024,2026",330.0,6590.0,8,True,False,,1924560707.0,,36/2023,,
Determinazione___5468_VistoContabile_2.pdf,VistoContabile,Contabilità,Liquidazione,high,text,a343693b228b521e6633adabd96d2f5f2d9d010546b1916aff689f0ff945751d,1478,234,137,3,BB255AFE30,,2,1,1,"2000,2026",330.0,330.0,3,True,False,,1924560707.0,,,,
Determinazione___5477_DeterminadiImpegnoeLiquidazione_Cop2026_1.pdf,Determinazione,Contabilità,Liquidazione,ml_predicted,text,9c6aba1fdff6cc2cd138c0aed00aea1b66cc580d3f321b414d820a050868c3ba,9197,1403,471,8,,,2,2,12,"2000,2001,2011,2025,2026",14304.0,32370.0,8,True,False,contributo fisso,,,,,
Determinazione___5477_VistoContabile_2.pdf,VistoContabile,Contabilità,Liquidazione,high,text,10fca80eea9693d3510cb7a1b51ad02168ebe69c69a59648b09d874e6bd7912e,2060,316,130,6,,,2,2,1,"2000,2025,2026",14304.0,16185.0,6,True,False,,,,,,
Determinazione___5482_DeterminadiImpegnoeLiquidazione_Cop2026_1.pdf,Determinazione,Contabilità,Liquidazione,high,text,697d66292015496c265082bf1bf2289301e443c540cbe08c6f7167b1fb0f3a57,7085,1137,366,8,,,2,2,13,"2000,2025,2026,2028",2904.9,5698.15,7,True,False,,2867970655.0,,,,
Determinazione___5482_VistoContabile_2.pdf,VistoContabile,Contabilità,Liquidazione,high,text,b5209325fde868eeb63ef1b911142dd98f0104654b1787e32afdcc68372561da,2159,327,134,6,,,2,2,1,"2000,2026",2537.5,2793.25,6,True,False,,2867970655.0,,,,
Determinazione___5487_DeterminadiImpegnoeLiquidazione_Cop2026_1.pdf,Determinazione,Contabilità,Liquidazione,high,text,95983d5d7b9c94822769b726dff7aa377da7bee486bedca69a51a7dcc663fb19,8399,1375,474,5,BB1E4C2DBA,,4,1,10,"2000,2001,2010,2011,2025,2026,2028",366.0,366.0,3,True,False,oneri inclusi come per legge,2341930648.0,,,,
Determinazione___5487_VistoContabile_2.pdf,VistoContabile,Contabilità,Liquidazione,high,text,4bbb3ac28c00dc0646ea0dff149d1897f3890d8b2fd513067fbfe845829c7e6f,1322,213,126,3,BB1E4C2DBA,,1,1,1,"2000,2026",366.0,366.0,3,True,False,,2341930648.0,,,,
Determinazione___5499_DeterminadiImpegnoeLiquidazione_Cop2026_1.pdf,Determinazione,Contabilità,Liquidazione,high,text,56e3a634b0f1e948cbd66dd1650714bab7dda91e15a63f7b763d0e435011ce07,11413,1813,509,17,,,5,5,10,"2000,2001,2010,2014,2015,2024,2026",11261.22,30916.49,16,True,False,,7881061217.0,,,,
Determinazione___5499_VistoContabile_2.pdf,VistoContabile,Contabilità,Liquidazione,high,text,57a6cb0375c771bd40d968e24fe62c4b4d8ad11f20c5eaf99fa41d9f5f933d77,4306,636,165,15,,,5,5,1,"2000,2026",11261.22,25916.49,15,True,False,,7881061217.0,,,,
Determinazione___5516_DeterminadiImpegnoeLiquidazione_Cop2026_1.pdf,Determinazione,Contabilità,Liquidazione,high,text,c46440456564e67997a30727437a2b552f3ccbef5019b0ae38eca3effdd0dbb1,6247,1031,381,6,B861BD03AE,,1,1,10,"2000,2010,2016,2023,2025,2026",5578.98,16738.94,6,True,False,,1857520000.0,,36/2023,,Partita IVA 01857520000 formalmente errata (Checksum fallito)
Determinazione___5516_VistoContabile_2.pdf,VistoContabile,Contabilità,Liquidazione,high,text,21d47673a7429bc2824dfe13ee474abcd231c6ac9b353e5c8f0b1e6fafb84ec1,1361,215,124,3,B861BD03AE,,1,1,1,"2000,2025,2026",5578.98,5578.98,3,True,False,,1857520000.0,,,,Partita IVA 01857520000 formalmente errata (Checksum fallito)
Determinazione___5517_DeterminadiImpegnoeLiquidazione_Cop2026_1.pdf,Determinazione,Servizi Sociali,Liquidazione,high,text,46ae166d4079bda674203d8a16800e72c450473c5904eb8b8674cc90a05c171e,7415,1219,412,4,B8CCFED224,,4,1,13,"2000,2010,2016,2023,2024,2025,2026",1972.15,1974.15,4,True,False,,1924560707.0,,36/2023,,
Determinazione___5517_VistoContabile_2.pdf,VistoContabile,Contabilità,Liquidazione,high,text,13fd1311669fe76cedd5cb3f9363f1b6d189787d1b833c61c4e01b470d71d8e9,1546,251,142,3,B8CCFED224,,1,1,1,"2000,2023,2025,2026",1972.15,1972.15,3,True,False,,1857520000.0,,36/2023,,Partita IVA 01857520000 formalmente errata (Checksum fallito)
Determinazione___5519_DeterminadiImpegnoeLiquidazione_Cop2026_1.pdf,Determinazione,Contabilità,Liquidazione,high,text,256a9112e758c24efa44943191661c88fbba7f8dac46ca3e0fad029e14c68082,9181,1469,446,8,B9B46B2165,,4,2,13,"2000,2011,2024,2025,2026",4002.74,12008.22,8,True,False,,7984791215.0,,,,
Determinazione___5519_VistoContabile_2.pdf,VistoContabile,Contabilità,Liquidazione,high,text,81d2d542bf78ec0d60ae0160532285de071968bfa6cb7ee59af2f83440aefec8,2581,392,158,6,B9B46B2165,,3,2,1,"2000,2024,2025,2026",3232.58,4002.74,6,True,False,,7984791215.0,,,,
Determinazione___5524_DeterminadiImpegnoeLiquidazione_Cop2026_1.pdf,Determinazione,Contabilità,Liquidazione,high,text,b037932904ce804da453e74072b078926ae3e3dd6c4f5afb9d11bb3dbafc9ca5,5487,883,327,7,B9B46F58AD,,1,1,10,"2000,2023,2025,2026",72000.0,72560.0,7,True,False,,3324451214.0,,36/2023,,
Determinazione___5524_VistoContabile_2.pdf,VistoContabile,Contabilità,Liquidazione,high,text,74fb5fbb84edefb7e9bdce4792a477681cfaf257141f82d52d20a411c520f003,1278,207,123,3,B9B46F58AD,,1,1,1,"2000,2026",140.0,140.0,3,True,False,,3324451214.0,,,,
Determinazione___5525_DeterminadiImpegnoeLiquidazione_Cop2026_1.pdf,Determinazione,Contabilità,Liquidazione,high,text,75da337502f26080adb901886071c02ba01812e0d3d95467fb74ed11b6b20541,7763,1240,460,6,,,1,1,10,"2000,2001,2018,2024,2025,2026",2486.78,2521.28,5,True,False,,234516.0,,,,Partita IVA 00000234516 formalmente errata (Checksum fallito)
Determinazione___5525_VistoContabile_2.pdf,VistoContabile,Contabilità,Liquidazione,high,text,4409718d834ebca13c4868d28d60a7301df5e2dc11d3d85ce02033a393138c9a,1381,218,133,3,,,1,1,1,"2000,2025,2026",2486.78,2486.78,3,True,False,,234516.0,,,,Partita IVA 00000234516 formalmente errata (Checksum fallito)
Determinazione___5555_DeterminadiImpegnoeLiquidazione_Cop2026_1.pdf,Determinazione,Contabilità,Liquidazione,high,text,c2924615d3d4920633fde6ff1783d2c67aee2e54643f2784f7e4369c2bf03716,9276,1463,451,7,,,1,1,14,"2000,2001,2022,2025,2026",5350.0,10700.0,7,True,False,,,,,,
Determinazione___5555_VistoContabile_2.pdf,VistoContabile,Contabilità,Liquidazione,high,text,0d52453050c3aaf8d70ac46fd6b979fddb9515e30e982c1db7e57a3f6f54f7ab,1356,218,129,3,,,1,1,1,"2000,2025,2026",5350.0,5350.0,3,True,False,,,,,,
Determinazione___5561_DeterminadiImpegnoeLiquidazione_Cop2026_1.pdf,Determinazione,Lavori Pubblici,Liquidazione,high,text,3f78820af9af5f8844877c376b36044b84673432c0f46ab8cb53445a137c9894,13429,2190,657,10,BB5C1EF8EA,,4,1,17,"2000,2005,2009,2010,2012,2013,2014,2019,2023,2024,2025,2026",450.0,2250.0,7,True,False,,,,36/2023,,
Determinazione___5561_VistoContabile_2.pdf,VistoContabile,Contabilità,Liquidazione,high,text,157f7a0422c06c331dc9504d76400a656a6830fe2845b46d1dab70ca2a79953e,1330,213,127,3,BB5C1EF8EA,,1,1,1,"2000,2026",450.0,450.0,3,True,False,,,,,,
Determinazione___5564_DeterminadiImpegnoeLiquidazione_Cop2026_1.pdf,Determinazione,Contabilità,Liquidazione,high,text,6db6a6af11a699b02c00950e4dad0e674fb95c7885eebb5b7711df804da83d2b,7766,1242,463,8,,,1,1,10,"2000,2001,2018,2025,2026",2313.92,2347.91,6,True,False,,23451530.0,,,,Partita IVA 00023451530 formalmente errata (Checksum fallito)
Determinazione___5564_VistoContabile_2.pdf,VistoContabile,Contabilità,Liquidazione,high,text,a1949ec59e966afc56c0070f00765f8faa9f4997cdf49b4056cdf06e3b126406,1544,247,148,3,,,1,1,1,"2000,2001,2025,2026",2313.92,2313.92,3,True,False,,23451530.0,,,,Partita IVA 00023451530 formalmente errata (Checksum fallito)
Determinazione___5565_DeterminadiImpegnoeLiquidazione_Cop2026_1.pdf,Determinazione,Contabilità,Liquidazione,high,text,9fc501f0e41acdfa69573ed1d0979911b53ede234b13edf52322b3a34752dd21,8768,1426,461,4,,,1,1,11,"2000,2001,2022,2023,2024,2025,2026,2027",1500.0,1500.0,3,True,False,,,,,,
Determinazione___5565_VistoContabile_2.pdf,VistoContabile,Contabilità,Liquidazione,high,text,6bd6294a667328ea435d9a4f2308c2e99ecc1150f6095610d6072dc260794517,1356,218,128,3,,,1,1,1,"2000,2025,2026",1500.0,1500.0,3,True,False,,,,,,
Determinazione___5612_DeterminadiImpegnoeLiquidazione_Cop2026_1.pdf,Determinazione,Contabilità,Liquidazione,ml_predicted,text,f33592b981c5ec368017a9db9e23045ef5c6d613607fba08326cbf957a220b4c,14027,2288,694,9,BB97606C5D,,4,1,10,"2000,2001,2006,2009,2010,2013,2014,2023,2026",447.54,447.54,3,True,False,,2205060409.0,,36/2023,,
Determinazione___5612_VistoContabile_2.pdf,VistoContabile,Contabilità,Liquidazione,high,text,0361e9125772f3f552fd08e1d897212c41dd89f192ef7677d76e66df08d96daa,1269,207,128,3,BB97606C5D,,1,1,1,"2000,2026",447.54,447.54,3,True,False,,,,,,
Determinazione___5623_DeterminadiImpegnoeLiquidazione_Cop2026_1.pdf,Determinazione,Contabilità,Liquidazione,high,text,5f54bd006ee71e7d45058ffd6b5d01352b3fb36fef0e096db6671b1228ad1705,8022,1333,428,12,B9B46F58AD,,8,2,16,"2000,2010,2012,2016,2023,2024,2025,2026,2027",15085.2,60344.55,10,True,False,,3324451214.0,,36/2023,,
Determinazione___5623_VistoContabile_2.pdf,VistoContabile,Contabilità,Liquidazione,high,text,fe22df26000b1ffe40af665a499978a58e3bfe63dba54ddd85b884c567fd7f6b,2214,345,136,6,B9B46F58AD,,4,2,1,"2000,2026",10000.0,15085.2,6,True,False,,3324451214.0,,,,
Determinazione___5664_DeterminadiImpegnoeLiquidazione_Cop2026_1.pdf,Determinazione,Servizi Demografici,Liquidazione,high,text,e94d4be9290d7f08248a7beddb241be942ff37f30698af2b37d13a8fb43dc9c8,6371,1072,374,7,,,1,1,10,"2000,2026",1120.0,3560.0,7,True,False,,1897431209.0,,,,
Determinazione___5664_VistoContabile_2.pdf,VistoContabile,Contabilità,Liquidazione,high,text,2793994edc26ef075287d59aa0e6d90c2f8910a1f2e9ae0d73e24a83ab8a8488,1520,263,148,3,,,1,1,1,"2000,2026",660.0,660.0,3,True,False,,1897431209.0,,,,
Ordinanza_10__5531_OrdinanzeDirigenziali_Copia_10_2026_1.pdf,Ordinanza,Ambiente,,ml_predicted,text,d6c24dc81b9769dfb7861adbb97238a476ae45bc4b5c4400e3c60929a060a4d2,6392,1067,425,0,,,0,0,9,"2001,2010,2026",,,0,False,False,,,,,,
Ordinanza_12__5443_OrdinanzeSindacali_Copia_12_2026_1.pdf,Ordinanza,Contenzioso,,ml_predicted,text,747bcd83ba591c2920dc5f0faccac0cf7814ba480310d369599bd4a048679f60,3766,574,254,0,,,0,0,6,"2000,2026",,,0,False,False,,,,,,
Ordinanza_13__5450_OrdinanzeSindacali_Copia_13_2026_1.pdf,Ordinanza,Contenzioso,,high,text,847e794dceeaf0dab9b4fa2efef866c72d94260f93e0fcb42bcfaa6dae1e4e55,4283,699,315,0,,,0,0,9,"2000,2004,2006,2011,2023,2026",,,0,False,False,,,,,,
Ordinanza_14__5483_OrdinanzeSindacali_Copia_14_2026_1.pdf,Ordinanza,Ambiente,,high,text,4fb0f827494fccb6d875f6c29b6db2fbd9edfe0ce0491d13192685a848d9b62b,5334,819,384,0,,,0,0,8,"2000,2006,2013,2016,2025,2026",,,0,False,False,,,,,,
Ordinanza_15__5510_OrdinanzeSindacali_Copia_15_2026_1.pdf,Ordinanza,Ambiente,,high,text,3a377be6f3663444b00817771f27964d98bc04b2d5d2ad47d74239c4338ae4f7,4795,761,339,0,,,0,0,8,"2000,2006,2026",,,0,False,False,,,,,,
Ordinanza_24222022__5201_AttestazionePubblicazione_2.pdf,AttestazionePubblicazione,Contenzioso,Nomina,high,text,e6a43fa46d9ddad4d2a15dc232769ca0895ed2fe5f55fbb482d25ccde30da27b,891,143,100,0,,,0,0,3,"2000,2022,2025,2026",,,0,False,False,,,,,,
Ordinanza_24222022__5201_DeliberadiGiunta_Copia_15_2026_1.pdf,Ordinanza,Contenzioso,Nomina,high,text,0c02b4125573d911b0ad3ffa3d219d96c4982d79190253c92c511656d72c2f59,9224,1501,427,0,,,0,0,5,"2000,2018,2022,2023,2025,2026,2027",,,0,False,False,,,,36/2023,,
Ordinanza_2672000__5025_AttestazionePubblicazione_3.pdf,AttestazionePubblicazione,Contenzioso,,high,text,ef78bc0a9479381992ca4188f1eadcb8d3dd12c2cb5cdf14daae4019ea7d4b79,915,155,101,0,,,0,0,3,"2000,2025",,,0,False,False,,,,,,
Ordinanza_2672000__5025_DeliberadiConsiglio_Copia_44_2025_1.pdf,Ordinanza,Contenzioso,Liquidazione,high,text,a239fdfd482f4937e6a0eecc52258af06436fb12f04c6b3301c31148d1b89d14,11102,1806,646,5,,,0,0,6,"2000,2002,2011,2015,2017,2023,2024,2025,2027",,,0,False,False,documentazione di pagamento in atti,,,,,
Ordinanza_3__5393_OrdinanzeDirigenziali_Copia_3_2026_1.pdf,Ordinanza,Ambiente,,ml_predicted,text,4a91b883c88a64e278654dd33c063ceeaeb7db3e0282863220bba8e75309b71a,6427,1068,426,0,,,0,0,9,"2001,2010,2024,2025,2026",,,0,False,False,,,,,,
Ordinanza_4102025__5186_DeterminadiLiquidazione_Copia_83_2026_1.pdf,Ordinanza,Contenzioso,Liquidazione,high,text,3ed3b69e444824ef7a75705ec0a77132425ed990fdc003f62a1b24d33dfd2cc8,9873,1637,529,12,,,1,1,11,"2000,2001,2012,2013,2016,2018,2024,2025,2026",1500.0,9094.58,12,False,False,,3110370651.0,,50/2016,,
Ordinanza_4102025__5186_VistoContabile_2.pdf,VistoContabile,Contabilità,Liquidazione,high,text,9c485f96306ad0dc241bce48e21325177655428e96a518906db9d21a7be7763b,1369,221,131,3,,,1,1,1,"2000,2025,2026",1500.0,1500.0,3,True,False,,3110370651.0,,,,
Ordinanza_78__5665_allegato_b_manifesto_2026_Marc_1779690214_1.pdf,Ordinanza,Servizi Sociali,,high,text,3f04f00057d9fe1f09687eb95beaf00f526b5c5defb306990ecd4f721979a356,7609,1036,378,0,,,0,0,5,"2001,2004,2026",,,0,False,False,,,,,,
atto_022025__Vai_1.php,Decreto,Contabilità,Liquidazione,high,text,046637b8ee5fd678d019c5ddb5ac933bdfe1379906c47bb46a8559f00fed0576,15212,2475,713,9,,E99J21007460005,1,4,10,"2000,2001,2010,2014,2016,2018,2020,2021,2022,2023,2024,2025,2027",48921.06,58684.12,3,False,False,,2888150642.0,,50/2016,,
atto_022025__Vai_2.php,VistoContabile,Contabilità,Liquidazione,high,text,a8e8cbe928b0c53c48cf8f70ac9f9d525365e5c091161e29928015d616adb8f4,1124,181,113,3,,,1,1,1,"2000,2024,2025",48921.06,58684.12,3,True,False,,2888150642.0,,,,
atto_052025__Vai_1.php,Decreto,Contabilità,Liquidazione,high,text,38315e0dbc23357e38b03dd96d9a2b1584cd8b2764249e9aaac8c9c1f61a8591,15695,2551,710,9,,E99J21007460005,1,5,10,"2000,2001,2010,2014,2016,2018,2020,2021,2022,2023,2025,2027",4992.0,4992.0,3,False,False,,2888150642.0,,50/2016,,
atto_052025__Vai_2.php,VistoContabile,Contabilità,Liquidazione,high,text,12e9938d8bf4f7649837983aea14d1eb01a120137cd1681b1199abe665f634de,1616,256,156,3,,E99J21007460005,1,1,1,"2000,2025",4992.0,4992.0,3,True,False,,2888150642.0,,,,
atto_1038__Vai_1.php,Decreto,Contabilità,Liquidazione,high,text,12898a628f59528c6ea1a8e3c96186ef00cbf305817d6db933b02ee40da192cf,7593,1235,388,7,B5EEF4D984,,4,1,15,"2000,2011,2025,2027",1464.0,4920.0,7,False,False,,2098391200.0,,,,
atto_1038__Vai_2.php,VistoContabile,Contabilità,Liquidazione,high,text,5a2a632f008ab6434f44e22af7ef64b7fb9ec5cf73d71da408a4fd8950e4be19,1184,191,111,3,B5EEF4D984,,1,1,1,"2000,2025",1464.0,1464.0,3,True,False,,2098391200.0,,,,
atto_1122025__Vai_1.php,Decreto,Servizi Sociali,Liquidazione,high,text,8c2e5bef9e454c23f4f9d858e8bb7c87ad0f90b3445e876202c42880f2722652,7490,1200,438,4,,,1,1,10,"2000,2001,2010,2011,2025,2027",493.28,493.28,3,False,False,,2846310643.0,,,,
atto_1122025__Vai_2.php,VistoContabile,Contabilità,Liquidazione,high,text,75af83d2809aa14e80c33ece342892d325e57b75a48c4a7d9ee4fa44b1f9da0f,1106,178,111,3,,,1,1,1,"2000,2025",493.28,493.28,3,True,False,,,,,,
atto_112212023__Vai_1.php,Decreto,Contenzioso,Liquidazione,high,text,f214b9f33fcc48a2303332d33b8298908d68f0f52154b49b864f5018a3e24132,9366,1561,465,13,,,2,2,10,"2000,2001,2012,2013,2016,2023,2024,2025",3765.57,18827.85,12,False,False,,234552.0,,50/2016,,Partita IVA 00000234552 formalmente errata (Checksum fallito)
atto_112212023__Vai_2.php,VistoContabile,Contabilità,Liquidazione,high,text,6b62b3ee214be2ea85a8bf12dbf98f349ad9102ddffdf17d37d6dd61943dca8e,2104,328,146,6,,,2,2,1,"2000,2023,2024,2025",3071.0,3765.57,6,True,False,,234552.0,,,,Partita IVA 00000234552 formalmente errata (Checksum fallito)
atto_1182011__Vai_1.php,Delibera,Contabilità,Nomina,high,text,443da789009137ed0295b62d0fcdd411cd71fa200a429d77efcd65a61e88511c,9528,1511,450,0,,,0,0,7,"2000,2011,2018,2024,2025",,,0,True,True,,,,,,
atto_1182011__Vai_2.php,unknown,Contabilità,Liquidazione,high,text,dff11beb710e54ab6b2c72cf413ea3979fa5a1903029298332a9f53c90a0493e,31047,6460,1100,0,,,0,1,46,"2009,2010,2015,2016,2017,2018,2019,2020,2021,2022,2023,2024,2025",,,0,True,True,,,,,,
atto_1182011__Vai_3.php,unknown,Contabilità,Liquidazione,high,text,650eab0e98c31fb1b8cf0ffa1319b39f037ae62bdbd03ede7f2df81ffd8f7a1d,109889,22782,2805,5,Z98312CD68,J21E09002800001,9,1,112,"2000,2001,2002,2004,2005,2006,2007,2011,2012,2013,2014,2015,2016,2017,2018,2019,2020,2021,2022,2023,2024,2025,2026",600000.0,1308982.75,6,True,False,,,,50/2016,,
atto_1182011__Vai_4.php,unknown,Contenzioso,Affidamento Incarico,high,text,d0b495d87c42661dba2d34a6128045ff29b17546c63c2a1a2cbae7da97ebf439,10865,2037,462,0,,,0,0,7,"2005,2018,2019,2020,2023,2024,2025",,,0,True,True,,,,,,
atto_1182011__Vai_5.php,unknown,Contabilità,,high,text,71029a51d8fdc89a8f6c6cf15218c92ece2745e67d185ed57d115cb17f625d12,2224,399,156,0,,,0,0,4,"2023,2024,2025",,,0,True,True,,,,,,
atto_1182011__Vai_6.php,Delibera,Contabilità,,high,ocr,1a2079208d4e68d904a76d29012cbf0dc9b0794c0898593041f8df2cc0282d65,6553,1003,486,4,,,0,0,3,"2011,2024,2025",11702869.82,27042916.53,4,True,False,,,,,,
atto_1182011__Vai_7.php,AttestazionePubblicazione,Contabilità,,high,text,3fac0122955d82632c82780d668dc9745ed5fac538826283121cf605ba3629a4,885,142,98,0,,,0,0,4,"2000,2011,2024,2025",,,0,False,False,,,,,,
atto_12152025__Vai_1.php,Decreto,Contenzioso,Nomina,high,text,235e56dbfca8717bae4de4482125c6433393a838e67aea38e9d0e9dcd761353e,8119,1354,453,4,,,1,1,10,"2000,2001,2010,2018,2023,2025",2000.0,2000.0,3,False,False,,1501491219.0,,,,
atto_12152025__Vai_2.php,VistoContabile,Contabilità,,high,text,5cd5be3cea45a45cfc9d4e576316df677553005b6af0d005a99387fedcf0fb03,1030,169,105,3,,,1,1,1,"2000,2025",2000.0,2000.0,3,True,False,,7881291210.0,,,,
atto_1415__Vai_1.php,Decreto,Contabilità,Liquidazione,high,text,c7467a29d239b90d0e296ef1e730d6f6cf51ace3a79f4bfacd49b1eeb66382fe,7362,1207,431,11,,,1,1,10,"2000,2011,2012,2019,2020,2021,2022,2023,2024,2025",3336.03,10008.09,11,False,False,,2758990648.0,,36/2023,,
atto_1415__Vai_2.php,VistoContabile,Contabilità,Liquidazione,high,text,e90647050b0cf6ee0427241e4c0f568fcc311934523181bfd3c78ea364872017,1297,208,126,3,,,1,1,1,"2000,2019,2025",3336.03,3336.03,3,True,False,,2758990648.0,,,,
atto_145__Vai_1.php,Delibera,Servizi Sociali,Nomina,ml_predicted,text,0107915d9854112da69443370de8b1285d4e6a34e4ef2fc8dfedc5ef81003cef,7943,1258,383,2,,,0,0,3,"2000,2016,2017,2018,2025",2500000.0,5000000.0,2,True,False,,,,50/2016,,
atto_145__Vai_2.php,AttestazionePubblicazione,Pubblicazione e Trasparenza,,high,text,8cb1b20c81c01dfb505bc1ceac5f2d822478d83a7b956451ce8006a3ec78cfc2,996,156,105,0,,,0,0,3,"2000,2018,2025",,,0,False,False,,,,,,
atto_1562021__Vai_1.php,Decreto,Contabilità,Liquidazione,high,text,feeca8177d0bd751f5d15c4d5fc673cb7ddaf0f173807ad5cdd5ea54ea78759e,10849,1807,579,16,889575648E,J29J21008730001,3,2,10,"2000,2001,2009,2010,2012,2013,2016,2017,2018,2019,2020,2021,2022,2023,2024,2025",140000.0,468994.8,12,False,False,,2349750642.0,,50/2016,,
atto_1562021__Vai_2.php,VistoContabile,Contabilità,Liquidazione,high,text,525d7d55b473e2d1afd09966a3ec5702868a310f159cd87b099759f27149114c,1272,203,127,3,,J29J21008730001,1,1,1,"2000,2020,2021,2025",3498.94,3498.94,3,True,False,,2349750642.0,,,,
atto_15__Vai_1.php,Decreto,Contabilità,Liquidazione,high,text,5f74ec8b6afe39aa22a6946a10019e86c271a411d797f4737662b2eee9800f54,6390,1068,370,6,B5DF0FFDA4,,3,1,11,"2000,2012,2024,2025",481.84,1927.36,6,False,False,,2293630188.0,,,,
atto_15__Vai_2.php,VistoContabile,Contabilità,Liquidazione,high,text,39e683dcf2650f91114adc425644b4bb5a995a995acf6832ab71e71ce72724d5,1353,223,139,3,,,1,1,1,"2000,2025",481.84,481.84,3,True,False,,,,,,
atto_1652001__Vai_1.php,Determinazione,Personale,,high,text,5ee28b423ed4ec507372ab326cd53483e16f804f7f22559b8e95351e27fef65a,17194,2720,674,0,,,0,0,5,"2000,2001,2006,2007,2009,2010,2011,2013,2014,2015,2017,2022,2024,2025,2027",,,0,True,True,,,,,,
atto_1652001__Vai_2.php,Decreto,Personale,,high,text,a994382ab1068e598a9d9963fc60a0f73cc2293b963a1acface8c0a0c2e468f0,11057,1737,575,0,,,0,0,1,"2000,2001,2006,2007,2009,2010,2011,2013,2014,2015,2017,2022,2024,2025,2027",,,0,False,False,,,,,,
atto_1652001__Vai_3.php,AttestazionePubblicazione,Personale,,high,text,050823be9542982638a33699bfa8c6b52199343751cfb29440cdec06a8191c14,822,127,89,0,,,0,0,3,"2000,2001,2025,2027",,,0,False,False,,,,,,
atto_176__Vai_1.php,Determinazione,Regolamenti,Liquidazione,high,text,b7f7b78adb74909e38a5fda93290172c03360e77659874e8e86b2e5563f8855e,14080,2240,714,71,,J89I23001970006,1,2,14,"2000,2014,2020,2021,2022,2023,2024,2025",132000.0,1112902.69,32,True,False,,,,,,
atto_176__Vai_2.php,VistoContabile,Contabilità,,high,text,0bbdb8a8f72d16d821456ff0857e3478c33fb7e61d43bc9535354cc6ae57948f,482,89,53,0,,,0,0,1,"2000,2025",,,0,True,False,,,,,,
atto_18__Vai_1.php,Decreto,Regolamenti,Liquidazione,ml_predicted,text,4a065a234131dd577f373362d76e58bf6c64488a4cfda0d8539a6efe647b20df,11297,1838,516,17,,J24J23000730002,2,3,14,"2000,2009,2011,2012,2013,2019,2022,2023,2025",60000.0,126660.0,17,False,False,,,,36/2023,,
atto_18__Vai_2.php,VistoContabile,Contabilità,Liquidazione,high,text,8fa6b28df569d16c3020216ede5d239982e11312cf24c90cfab907e6f1f21c31,1790,267,114,6,,,2,2,1,"2000,2019,2025",500.0,832.5,6,True,False,,,,,,
atto_19922025__Vai_1.php,Delibera,Contenzioso,Nomina,high,text,1868ea8f409fef1604170d4c6c0d1539056eb19f3d93eed4a1b6722a070670d8,7208,1175,395,0,,,0,0,5,"2000,2011,2012,2018,2025,2027",,,0,True,True,,,,,,
atto_19922025__Vai_2.php,Decreto,Contenzioso,Nomina,high,text,b7ded05131673e1013e3e27940729a035b15c58205896671c62831b3fa2e843e,3173,525,272,0,,,0,0,1,"2000,2011,2012,2018,2025,2027",,,0,False,False,,,,,,
atto_19922025__Vai_3.php,unknown,Contabilità,,ml_predicted,text,7fc5350a8ce2a81b9c01a7f9f06b720d3cf3754fb0c2b5168ffe43312f410112,430,74,46,0,,,0,0,1,"2000,2025",,,0,False,False,,,,,,
atto_19922025__Vai_4.php,AttestazionePubblicazione,Contenzioso,Nomina,high,text,310936208ac8c6dbe61659706afd9342451c521b92031c83987a0b6be50736ac,802,126,94,0,,,0,0,3,"2000,2025",,,0,False,False,,,,,,
atto_1__Vai_1.php,unknown,Contabilità,,ml_predicted,ocr,b54d110040cc191d5ec270759f541774fa5b1fa97bc2d3f16cb8278983ec017d,278,44,32,0,,,0,0,0,2025,,,0,False,False,,,,,,
atto_1__Vai_2.php,Decreto,Contabilità,Bando,ml_predicted,text,fa414edeac0422f11ac1a2ce3bd6e51392686284a45ae5696160a556085bfb9b,1450,242,139,0,,,0,0,2,"2000,2002,2025",,,0,False,False,,,,,,
atto_2072024__Vai_1.php,Delibera,Personale,,high,text,bf46d4f13cf39ce1f445c8d54cfc267296e824ca563d3dad493f56a1bbf70e52,16452,2597,630,0,,,0,0,5,"2000,2001,2006,2007,2010,2017,2022,2024,2025,2027",,,0,True,True,,,,,,
atto_2072024__Vai_2.php,Decreto,Personale,,high,text,d9cf977b8fc1f0e48749c676eb669d74b2e3a2669990af993bd5dbf01302c7e6,10155,1588,529,0,,,0,0,1,"2000,2001,2006,2007,2010,2017,2022,2024,2025,2027",,,0,False,False,,,,,,
atto_2072024__Vai_3.php,AttestazionePubblicazione,Pubblicazione e Trasparenza,,ml_predicted,text,223052e1889e654587cabe31ad374ade79190db4a09759451aeb31736efa5296,774,123,87,0,,,0,0,3,"2000,2024,2025,2027",,,0,False,False,,,,,,
atto_212__Vai_1.php,Delibera,Servizi Demografici,,high,text,6babff7872c6b703da06f70e375d5136b75e2e2834d1c19db3455f3a1fac7c80,6582,1053,383,0,,,0,0,6,"2000,2013,2025",,,0,False,False,,,,,,
atto_212__Vai_2.php,AttestazionePubblicazione,Servizi Demografici,,high,text,e93a7c7f71d10a91a003a7e3cdae95b587ca3a18faa779737a207cbd67fa5505,871,132,96,0,,,0,0,3,"2000,2025",,,0,False,False,,,,,,
atto_22102021__Vai_1.php,Decreto,Contabilità,Liquidazione,ml_predicted,text,acdd3f1b3d3d4573c28f4309a62b8a9b1d204916c5ed223a99f900cc67d15204,8000,1307,459,4,Z7F2DC6AE0,,3,1,10,"2000,2001,2010,2021,2022,2023,2024,2025",1120.0,2240.0,3,False,False,,2732480641.0,,,,
atto_22102021__Vai_2.php,VistoContabile,Contabilità,Liquidazione,high,text,4e3452aeef9c4260d1679ac1174e46dbce3dfdef30d482f83e8e596ac6a4b21c,1268,206,125,3,Z7F2DC6AEO,,1,1,1,"2000,2021,2025",1120.0,2240.0,3,True,False,,2732480641.0,,,,
atto_229__Vai_1.php,Decreto,Cultura e Turismo,Bando,high,text,1020c39079b2933fef07377cae8bdfb5022b670d7c075e8976461085167a2faa,16739,2665,774,11,B80258E1B0,J39I25000810006,3,3,16,"2000,2009,2011,2012,2013,2014,2020,2021,2023,2024,2025,2027",132000.0,477853.93,12,False,False,,1825970625.0,,36/2023,,
atto_229__Vai_2.php,VistoContabile,Contabilità,,high,text,9ee982bbae5731380c3fcac5ebd0b497414edb026026a0983479c4416c300a98,1548,241,151,3,B80258E1B0,,1,1,2,"2000,2014,2020,2021,2025,2027",48000.0,48000.0,3,True,False,,1825970625.0,,,,
atto_241__Vai_1.php,Delibera,Servizi Sociali,,ml_predicted,text,d755eedde88dd5cf00f9a4ac0cafeef321cd045eadd9c189a53604a806781f20,14825,2282,773,0,,,0,0,3,"2000,2003,2010,2011,2016,2018,2021,2024,2025,2050",,,0,False,False,,,,,,
atto_241__Vai_2.php,unknown,Ambiente,,high,ocr,8a86e577f16c63a0ddf52f42d92740086a97f3334542a6c9eab0a8c86ad92d71,11499,1731,707,3,,,0,0,1,"2000,2003,2010,2011,2016,2018,2021,2024,2025,2050",,,0,False,False,,,,,,
atto_241__Vai_3.php,AttestazionePubblicazione,Pubblicazione e Trasparenza,,high,text,9c9d027c8b324c5946217821b9947c7742d1eaf17cf9442c7b6b5782843ae730,833,130,92,0,,,0,0,3,"2000,2025",,,0,False,False,,,,,,
atto_252025__Vai_1.php,Decreto,Personale,,high,text,e9652e074aeea26563a675a46e42bda725d60a65fe25b594a95fb6e7b1e80007,13282,2214,562,2,,,0,0,10,"2000,2001,2013,2019,2020,2021,2022,2023,2024,2025",9296.22,,0,False,False,,,,,,
atto_252025__Vai_2.php,Determinazione,Personale,Nomina,high,text,8fb88d58ae5067059256e54b5b5623b2f9d59da24c80a356fdafc26dc381a041,11310,1788,610,0,,,0,0,0,"2000,2001,2013,2019,2022,2025",,,0,True,True,,,,,,
atto_252025__Vai_3.php,VistoContabile,Contabilità,,high,text,d8eaa49197fcc0765144e03664b8f6bd317351dee84ae09e3f65b415153bf7d8,482,89,53,0,,,0,0,1,"2000,2025",,,0,True,False,,,,,,
atto_252025__Vai_4.php,AttestazionePubblicazione,Pubblicazione e Trasparenza,,high,text,b1b7685c83d1b5fcca1e3a2c687f3e86b936668f1a376ec5011af9f8e8c46682,980,161,106,0,,,0,0,3,"2000,2019,2025",,,0,False,False,,,,,,
atto_2672000__Vai_1.php,Delibera,Regolamenti,Liquidazione,ml_predicted,text,9f3a59c9debd6b7a68048068f18eb603ef48e37de089ee677e1fe67b2c446560,11854,1899,592,2,,,0,0,6,"2000,2011,2016,2018,2020,2024,2025,2027",,,0,True,True,,,,,,
atto_2672000__Vai_2.php,unknown,,,,text,e3b0c44298fc1c149afbf4c8996fb92427ae41e4649b934ca495991b7852b855,0,0,0,0,,,0,0,0,,,,0,False,False,,,,,,
atto_2672000__Vai_3.php,Delibera,Regolamenti,Liquidazione,ml_predicted,text,828345389339fb1af6e43acd6373f888ad4d341993927b7e95dedbeb16c4ec5e,29736,5160,1101,6,,,0,0,6,"2000,2006,2011,2016,2019,2020,2023,2024,2025,2026,2027,2028",2503119.99,2503119.99,1,True,False,,,,,,
atto_2672000__Vai_4.php,Delibera,Contabilità,Liquidazione,ml_predicted,text,7c7aa777c8d60374ecb271bc0d0d25f2a49c1a206a74fdf820c1f44b21f2eb1a,29331,5407,826,0,,,0,0,12,"2025,2026,2027",,,0,True,True,,,,,,
atto_2672000__Vai_5.php,Delibera,Pubblicazione e Trasparenza,,high,ocr,b39dfeba972f6c7c77882e6964c85a2381d77fb13091d2e56f17c28040b1707d,1539,231,141,1,,,0,0,0,2025,,,0,False,False,,,,,,
atto_2672000__Vai_6.php,AttestazionePubblicazione,Pubblicazione e Trasparenza,,high,text,61e0a5030a4f06abdb02b61a407c9c2a94b631e3c203c4d90fe64f2fc3b95d87,769,123,82,0,,,0,0,3,"2000,2025,2027",,,0,False,False,,,,,,
atto_267__Vai_1.php,Determinazione,Contabilità,Liquidazione,ml_predicted,text,88e5194f6c2e53921739630d89a31e75ddcebb404a50ea43bf3267c9e12dae10,13549,2136,618,4,,,0,0,6,"2000,2001,2002,2011,2024,2025",2513755.54,6167511.08,4,True,False,,,,,,
atto_267__Vai_2.php,AttestazionePubblicazione,Pubblicazione e Trasparenza,,high,text,907ff3f9eabd01e625955539259cf1a430fa67c1f550547376b7ce9df9d56a3a,707,113,81,0,,,0,0,3,"2000,2025",,,0,False,False,,,,,,
atto_28__Vai_1.php,VistoContabile,Contabilità,Liquidazione,high,text,5ed44a383735a847f21b01bac3893c14c172a1550735f9ac7d1bdae0ff9b92ff,7101,1151,370,8,,,2,2,15,"2000,2018,2022,2023,2024,2025",3304.58,7380.01,7,True,False,,4798780658.0,,,,
atto_28__Vai_2.php,VistoContabile,Contabilità,Liquidazione,high,text,fd4f795594d13be6a1376394cdcf3a50fe182bb3a8a2436612d810842c7601ff,1834,281,121,6,,,2,2,1,"2000,2022,2025",2941.6,4075.43,6,True,False,,4798780658.0,,,,
atto_2__Vai_1.php,Determinazione,Contabilità,Liquidazione,high,text,b2e251821888d2535c5ec49bf02002ff5da870fbac27edc96b3c6bf1bbcca366,21607,3452,895,26,B85ECC83F5,,6,4,16,"2000,2001,2006,2009,2010,2011,2014,2015,2016,2017,2018,2019,2023,2024,2025,2026",27511.0,156710.0,21,True,False,,3743021218.0,,36/2023,,
atto_2__Vai_2.php,VistoContabile,Contabilità,,high,text,7f3c003d83a85cfaa1f52d7768e2110c75ca2a7b7df251ec9f4f7610c3d0cbc0,2864,428,133,12,,,4,4,1,"2000,2025",5246.0,11773.0,12,True,False,,3743021218.0,,,,
atto_2__Vai_3.php,VistoContabile,Contabilità,,high,text,16254afc0d3f3567b05c506365cafc10e3ed6606225e454f085da9cb5e5ddf3d,482,89,53,0,,,0,0,1,"2000,2025",,,0,True,False,,,,,,
atto_3112004__Vai_1.php,Delibera,Servizi Sociali,,high,text,6c1a0f9aff90d121ada82b466a0fa2d2eee173ab4f9081a53657c0bfbebcfb42,12185,2006,550,0,,,0,0,3,"2000,2001,2004,2014,2018,2025,2027",,,0,True,True,,,,,,
atto_3112004__Vai_2.php,Decreto,Personale,,high,text,6dcd62b3984a2efab3591e9baa183a17ca828a262ffb4bb3637cf17ad7aebb2c,7252,1204,441,0,,,0,0,1,"2000,2001,2004,2014,2018,2025,2027",,,0,False,False,,,,,,
atto_3112004__Vai_3.php,AttestazionePubblicazione,Pubblicazione e Trasparenza,,high,text,1b576c12859d2f02d0db4ddd783ca974f3a8b659d02a33799a047c8fc4733b1f,885,144,103,0,,,0,0,3,"2000,2004,2025",,,0,False,False,,,,,,
atto_33__Vai_1.php,Decreto,Regolamenti,,ml_predicted,text,9c164813df615369f672e644017fa54edbc1a7736466a38f5809937a5cd54a78,4721,781,346,0,,,0,0,7,"2000,2002,2025",,,0,False,False,,,,,,
atto_362023__Vai_1.php,Decreto,Ambiente,Liquidazione,ml_predicted,text,03dfe47fb48f73f58f15218d210a1146d14adbd0fd73f317aceaa7f0cfae4167,13086,2114,524,11,B6752C3D90,,2,1,10,"2000,2009,2010,2011,2012,2013,2016,2023,2025,2027",60000.0,225540.0,12,False,False,,3143860645.0,,36/2023,,
atto_362023__Vai_2.php,VistoContabile,Contabilità,Liquidazione,high,text,1934ec6da7e7a2ef702c108ce7bf3f2a498436b2dfc03fe978ab9a583349e969,1471,229,143,3,B6752C3D90,,1,1,1,"2000,2023,2025",4668.0,4668.0,3,True,False,,3143860645.0,,36/2023,,
atto_37282023__Vai_1.php,Decreto,Contenzioso,Liquidazione,high,text,17a0eaf06727e8b5f0cdba29f2d82bf6a8aec62bffbd359d99df67e0a2e69d41,8814,1516,463,10,,,1,1,10,"2000,2001,2023,2024,2025",1100.0,5496.0,9,False,False,,2353110642.0,,36/2023,,
atto_37282023__Vai_2.php,VistoContabile,Contabilità,Liquidazione,high,text,a43e822a0949e954db5cc0a740ad7d17942e3d75ff7915ab153a1e9fccbc1b63,1346,219,132,3,,,1,1,1,"2000,2023,2025",1100.0,1100.0,3,True,False,,2353110642.0,,,,
atto_38__Vai_1.php,Decreto,Contabilità,Liquidazione,high,text,e8705b8017f9585cdacfc3d23314586f2f5877d66a650a2bff811a1550b89c3d,7965,1343,472,6,,,1,1,16,"2000,2001,2010,2012,2016,2024,2025,2026",71720.0,216061.0,6,False,False,euro settantunomilasettecentoventi/00,2349750642.0,,50/2016,,
atto_38__Vai_2.php,VistoContabile,Contabilità,Liquidazione,high,text,2334997b815d9a4f1e2519f42af4f67fbde3eb83e361b1ae75a1ea9ced44336b,1124,185,110,3,,,1,1,1,"2000,2025",48714.0,48714.0,3,True,False,,2349750642.0,,,,
atto_3__Vai_1.php,Decreto,Contabilità,,ml_predicted,text,fcd47eb944a115997d4a7c097d1205f6357a9ba0ba75cf3f791d2186741c3ef2,930,139,93,0,,,0,0,1,2025,,,0,False,False,,,,,,
atto_3__Vai_2.php,VistoContabile,Contabilità,Liquidazione,high,text,f1e7679607aacbe452295d06a6be7d98f21c3f148bc34378ba86157f2247ad58,2078,310,143,6,A02B19B569,J23G23000020004,2,2,1,"2000,2023,2025",40000.0,85612.23,6,True,False,,2448090643.0,,,,
atto_417__Vai_1.php,Determinazione,Contabilità,Liquidazione,high,text,18a0778712f18e856621fea823bdad81c80d757d4b5cd46ccd010252b763165e,4899,814,311,3,,,0,0,25,"2000,2023,2025",3304.58,6609.16,2,True,False,,,,,,
atto_45632020__Vai_1.php,Decreto,Contabilità,Liquidazione,high,text,542e117f311ee8e214cfe13fdb9a87fa92fea7359d4409e38d371e04f3f8bdc6,8686,1449,488,5,,,1,1,10,"2000,2001,2006,2010,2012,2013,2020,2023,2024,2025,2027",634.4,634.4,3,False,False,,2009360641.0,,,,
atto_45632020__Vai_2.php,VistoContabile,Contabilità,Liquidazione,high,text,e54d36133f4e12ffc47b25bbd8d76aae5da93e597ba36d8d31d5c4caca1733dd,1349,222,137,3,,,1,1,1,"2000,2020,2025",634.4,634.4,3,True,False,,,,,,
atto_4592001__Vai_1.php,unknown,Regolamenti,Nomina,ml_predicted,text,334694c10b7665f406de136d9d75855569e2741523d475030c13d30d402ee639,4915,785,366,0,,,0,0,4,"2000,2001,2003,2025",,,0,False,False,,,,,,
atto_46__Vai_1.php,unknown,,,,text,e3b0c44298fc1c149afbf4c8996fb92427ae41e4649b934ca495991b7852b855,0,0,0,0,,,0,0,0,,,,0,False,False,,,,,,
atto_46__Vai_2.php,unknown,Regolamenti,,ml_predicted,text,153c7e4b5ffbdd0c76398ca360b187248ddd3814d10f40f9679f7083dfa3d34b,6955,1050,438,0,,,0,0,4,"2001,2004,2025",,,0,False,False,,,,,,
atto_4717970__Vai_1.php,VistoContabile,Contabilità,Liquidazione,high,text,ed6ee62fabb6e386867c3f505c566418f9a5c33f0d339f8abb3218472e4f4b52,8445,1365,381,16,B3F5F972E5,,7,4,16,"2000,2021,2024,2025",16433.33,61317.33,16,True,False,,3743021218.0,,,,
atto_4717970__Vai_2.php,VistoContabile,Contabilità,Liquidazione,high,text,ac5363ca9e579a52ade8db3c31ea80acaeb88aa8f4f2b5cba75ffa4964b3fd0c,3155,474,131,12,B3F5F972E5,,4,4,1,"2000,2024,2025",16433.33,41553.33,12,True,False,,3743021218.0,,,,
atto_482025__Vai_1.php,Decreto,Contabilità,Liquidazione,high,text,708f0975bea46c3b7fd209646b9fdddc13d7c90911cbbd670e215a33ad96afd8,9619,1586,485,21,,,4,4,10,"2000,2001,2010,2018,2019,2020,2021,2022,2023,2024,2025",47317.56,105916.25,15,False,False,,2133681003.0,,,,
atto_482025__Vai_2.php,VistoContabile,Contabilità,,high,text,bfded844eca96cb5d6510a48cee967b9c25e1cf721d95a2546a531c9cd53295b,2694,416,130,12,,,4,4,1,"2000,2023,2024,2025",11288.13,24693.0,12,True,False,,234552.0,,,,Partita IVA 00000234552 formalmente errata (Checksum fallito)
atto_51392020__Vai_1.php,Decreto,Contabilità,Liquidazione,ml_predicted,text,47a5fc628928cb29c832490fa94ed59ec1ee8beae18d1a9b981caca4d5b61c66,9103,1491,491,11,Z98312CD68,,5,2,10,"2000,2001,2006,2010,2012,2013,2020,2021,2022,2025",1986.0,3972.0,6,False,False,comprensiva di oneri di legge,2756680647.0,,,,
atto_51392020__Vai_2.php,VistoContabile,Contabilità,Liquidazione,high,text,9b1cafcba1d046481471aba38648e6ac8a5f09ff0f4f737dcab932b6b110ab4d,1871,289,128,6,Z98312CD68,,4,2,1,"2000,2021,2022,2025",1986.0,3972.0,6,True,False,,2756680647.0,,,,
atto_53622024__Vai_1.php,Decreto,Contabilità,Liquidazione,high,text,3cdf74d4ec4b69d158ab3fefb4b8e48651f6da11ad9cbea43d575333a9911762,9150,1527,484,5,,,1,1,10,"2000,2001,2006,2010,2012,2013,2023,2024,2025,2027",1500.0,1500.0,3,False,False,comprensiva di oneri di legge,3003110644.0,,,,
atto_53622024__Vai_2.php,VistoContabile,Contabilità,Liquidazione,high,text,31e6f405e57bafcc9f9eeccf0e2f8eb1a63713ffb84658a96309259105268ced,1314,217,133,3,,,1,1,1,"2000,2024,2025",1500.0,1500.0,3,True,False,,3003110644.0,,,,
atto_62025__Vai_1.php,Decreto,Contabilità,Liquidazione,high,text,5cfeb3ced76c255828d910fbdd173e56fb6f7cbfd841b707af01cfcdfec60283,16643,2607,742,11,,E99J21007460005,1,3,27,"2000,2001,2012,2014,2016,2018,2020,2021,2022,2023,2025",115098.69,229964.92,11,False,False,,3036570640.0,,50/2016,,
atto_62025__Vai_2.php,VistoContabile,Contabilità,Liquidazione,high,text,dd6188c76c81d51645fe23a93ac48b2048e2b67443a510e77b79020bcca74eb4,1480,233,143,3,,,1,1,2,"2000,2025",11440.0,11440.0,3,True,False,,3036570640.0,,,,
atto_621__Vai_1.php,Decreto,Contabilità,Liquidazione,high,text,60c01e8898a3988015a43c421efbe9bafe93cc0b8ce90e26bfabc70dc7009deb,7286,1196,431,10,,,1,1,10,"2000,2011,2012,2019,2020,2021,2022,2023,2024,2025",2456.86,7370.58,10,False,False,,,,36/2023,,
atto_621__Vai_2.php,VistoContabile,Contabilità,Liquidazione,high,text,a82f7a436c0ffe949bcaf6cd38b74d2190f7556d0f6e72650e0005eb966808c3,1286,208,128,3,,,1,1,1,"2000,2019,2024,2025",2456.86,2456.86,3,True,False,,,,,,
atto_652025__Vai_1.php,Decreto,Personale,Concorso,high,text,87e7faba802c2fb18e2ff32211a726ce00be0196aadfa9c2c58e96f5206dd6fd,10701,1744,543,1,,,0,0,10,"2000,2001,2003,2004,2013,2019,2020,2025,2027",6051.27,,0,False,False,,,,,,
atto_652025__Vai_2.php,VistoContabile,Contabilità,,high,text,5a3b24f7d32f18b72f9301de320547309c01f45fdb51a43637ee407034ffef41,482,89,53,0,,,0,0,1,"2000,2025",,,0,True,False,,,,,,
atto_739__Vai_1.php,Determinazione,Lavori Pubblici,Liquidazione,high,text,d9e05be2525d9cdbbfc3179004cdbdf3776f4e3bb70f2470d13e453a0a32a50a,24110,3875,953,25,,J24J25000320002,5,10,26,"2000,2002,2005,2006,2012,2013,2014,2018,2020,2021,2022,2023,2024,2025,2027",920939.4,6652900.600000001,22,True,False,,23452517.0,,36/2023,,Partita IVA 00023452517 formalmente errata (Checksum fallito)
atto_739__Vai_2.php,VistoContabile,Contabilità,,high,text,bed6c0c7853a5ebedcb872a5037b73e77d96d5de98fab2222e958063e80eca09,2672,389,130,9,,,3,3,1,"2000,2002,2025",675000.0,682150.0,9,True,False,,23452517.0,,,,Partita IVA 00023452517 formalmente errata (Checksum fallito)
atto_78__Vai_1.php,Decreto,Regolamenti,,ml_predicted,text,f449d87c4de1e4edec57c81ab1a66bc91c158a18e42f364963a6fbfb81d93464,4497,744,335,0,,,0,0,7,"2000,2002,2025",,,0,False,False,,,,,,
atto_802021__Vai_1.php,Decreto,Personale,Liquidazione,high,text,ff67c5fa7747edcf1b9c5e7bc2137ce3417f6b626a4bb1c27cd5d71e4955612d,11768,1891,543,11,,,2,2,10,"2000,2001,2019,2020,2021,2025,2027",4804.0,4960.0,6,False,False,,2345602.0,,,,Partita IVA 00002345602 formalmente errata (Checksum fallito)
atto_802021__Vai_2.php,VistoContabile,Contabilità,Liquidazione,ml_predicted,text,5d004d66b6f094198c553d6f8630c9072edc0e04d06191656f7c6701dc2a46c6,1808,275,120,6,,,2,2,1,"2000,2025",4804.0,4960.0,6,True,False,,2345602.0,,,,Partita IVA 00002345602 formalmente errata (Checksum fallito)
atto_82025__Vai_1.php,Decreto,Contabilità,Liquidazione,high,text,6db23020ad80ae621112ebe8d569caa8242d286308a97fa8c976e60eff1dcd9a,16622,2595,744,11,,E99J21007460005,1,3,27,"2000,2001,2012,2014,2016,2018,2020,2021,2022,2023,2025",115098.69,206864.92,11,False,False,,3036570640.0,,50/2016,,
atto_82025__Vai_2.php,VistoContabile,Contabilità,Liquidazione,high,text,fd083e36fda4e5f4cc543179807db22847040872d506d94aaa6c412cda8aba72,1475,231,142,3,,,1,1,2,"2000,2025",5720.0,5720.0,3,True,False,,3036570640.0,,,,
atto_83832024__Vai_1.php,Delibera,Contenzioso,Nomina,high,text,b94db5570d3bee39928d00e2a59006a316036b7c80042c538550497dacce87af,8780,1450,416,0,,,0,0,5,"2000,2016,2018,2020,2024,2025,2027",,,0,True,True,,,,50/2016,,
atto_83832024__Vai_2.php,Decreto,Contenzioso,Nomina,high,text,90609acd031c023df657710022507959da57a057ea084f49ebb4db7274b69fb8,3787,636,302,0,,,0,0,1,"2000,2016,2018,2020,2024,2025,2027",,,0,False,False,,,,50/2016,,
atto_83832024__Vai_3.php,AttestazionePubblicazione,Contenzioso,Nomina,high,text,4cb8ace33a674979cbd1fbc7aa5667678b2cbce9b42978a78e2c07d8d6713e6b,806,128,95,0,,,0,0,3,"2000,2024,2025",,,0,False,False,,,,,,
atto_883__Vai_1.php,Determinazione,Contabilità,,ml_predicted,ocr,a02ded4f188840b256f25c4e5d3f01d89f503192f4aa208b433c990d6926256e,2343,402,191,1,,,0,0,0,"2001,2012,2022,2023,2025",1482.61,1482.61,1,True,False,,,,,,
atto_9253__Vai_1.php,Decreto,Contenzioso,Liquidazione,high,text,79bdea6871a81be73c9dd64f64d1ddb95bc4fce5ae1b7c79f6deb5e4782f07e5,12090,1988,604,4,,,1,1,10,"2000,2001,2006,2010,2012,2014,2016,2018,2021,2023,2024,2025,2026",2188.68,2188.68,3,False,False,,3110370651.0,,50/2016,,
atto_9253__Vai_2.php,VistoContabile,Contabilità,Nomina,high,text,81131e370df46bbef66e7f2e4f16046835ef09b4e71ac3bc41442a4369659e95,1273,209,136,3,,,1,1,1,"2000,2025",2188.68,2188.68,3,True,False,,3110370651.0,,,,
atto__01012024_Vai_1.php,Decreto,Contabilità,Liquidazione,high,text,09d9e4274de1ff08afc4ccaeed3055f4a8b758730fde3c27f0c58e1ce8ed3707,6763,1139,398,6,9372131F27,,2,1,25,"2000,2001,2010,2013,2022,2024,2025,2027",13453.2,25303.2,4,False,False,,1241921210.0,,,,
atto__01012024_Vai_2.php,VistoContabile,Contabilità,Liquidazione,high,text,185035c41364f826ac97d422767b71df61c12b1d624f21f2c6394fe5a5faa701,1188,191,113,3,,,1,1,1,"2000,2024,2025",13453.2,13453.2,3,True,False,,1241921210.0,,,,
atto__16112022_Vai_1.php,Decreto,Contabilità,Liquidazione,ml_predicted,text,774a5b2c1d0a5e43b0674a4ebc0bebee7f270b287110cc24e7ee56fb2aef1478,7780,1169,426,3,,,0,0,12,"2000,2019,2021,2022,2024,2025",3000.0,7.0,2,False,False,lordi,,,,,
atto__19102025_Vai_1.php,Ordinanza,Affari Generali,,high,text,dd0300d2bd6b900ec566ba616b4f800a85ff74fcdeabaa2d006401df638a70eb,4950,783,357,0,,,0,0,10,"2000,2002,2019,2020,2025",,,0,False,False,,,,,,
atto__19102025_Vai_2.php,Ordinanza,Affari Generali,,high,text,79bd50ca6cf42460369b22d9d31ed3ed3578ecfd65f74071d29d318e62f1a423,540,89,58,0,,,0,0,3,2025,,,0,False,False,,,,,,
atto__25052025_Vai_1.php,Decreto,Servizi Demografici,,high,text,836902f09385bed4e33d51979c08f6449c7710b5b3043fc71205e58976784c6b,3270,530,226,0,,,0,0,9,"2000,2025",,,0,False,False,,,,,,
atto___Vai_1.php,Decreto,Contabilità,Liquidazione,high,text,c8ea9c058e06686c3435ba9fe7bc7af8111bd0f0d2b6d5a40fb0c9c85e6f69c5,7653,1263,404,9,ZC428C8C26,,4,2,11,"2000,2001,2012,2024,2025",7000.0,14000.0,6,False,False,,5692591000.0,,,,
atto___Vai_2.php,VistoContabile,Contabilità,Liquidazione,high,text,dd7599a9d84a4a601cb09a96014f9912d039666a8be9450e7f42710269fd6380,1850,294,127,6,ZC428C8C26,,2,2,1,"2000,2024,2025",7000.0,14000.0,6,True,False,,1114601006.0,,,,
atto___Vai_3.php,AttestazionePubblicazione,Pubblicazione e Trasparenza,,ml_predicted,text,88c98f81d2459be6cdd5bc16153fe5d2c3cd8ab0a7767000da88fb2dcdeb2355,768,121,89,0,,,0,0,3,"2000,2025",,,0,False,False,,,,,,
atto___Vai_4.php,unknown,Contabilità,,high,text,3ff4cde069dd68f0e9e83fb41150dbb330d539960bfca6d98f40a7592df2a683,442,80,53,0,,,0,0,1,"2000,2025",,,0,True,True,,,,,,
atto___Vai_5.php,AttestazionePubblicazione,Pubblicazione e Trasparenza,Variazione di Bilancio,high,text,8aa783b80141264f0662202acf82aca4081c3e616688fb5f50b5183d6e2e1ee5,714,115,79,0,,,0,0,3,"2000,2025,2027",,,0,False,False,,,,,,
atto___Vai_6.php,unknown,Servizi Sociali,Liquidazione,high,text,9eb6df7daf0a82d1fcbd5123d11312d62e63eaeeb055e5c0b9dab07c2cd61709,7467,1187,387,7,,,0,0,0,"2000,2017,2019,2020,2021,2022,2023,2024",45000.0,45000.0,1,True,False,,,,,,
atto___Vai_7.php,unknown,Servizi Sociali,,high,text,b5af21312a33fa6946a13e0b837b2079ddb27f6b6b2d5decbaad1ecbc1a437f3,2642,424,163,0,,,0,0,0,2024,,,0,True,True,,,,,,
atto___Vai_8.php,AttestazionePubblicazione,Regolamenti,,high,text,3fbd837a6c4b05bc1bfc1b572aa1eab0a18771989aac821cf19d82747706ab41,895,150,91,0,,,0,0,3,"2000,2011,2024,2025",,,0,False,False,,,,,,
Avviso_2__Vai_1.php,Avviso,Personale,Bando,high,text,180c4ce58edbfea2e4cf2bd409a935d301a5c6399969a8de6b5a45e0883a919d,16531,2508,690,0,,,0,0,7,"2001,2004,2019,2021,2022,2023,2024,2025,2027",,,0,True,True,,,,,,
Avviso_2__Vai_2.php,Avviso,Personale,Concorso,high,text,e6abef90799a1bc3f520a5ed9f9134ca1ee99ae7480f4e83513dad650bf15bda,2137,271,158,0,,,0,0,2,"2000,2025",,,0,False,False,,,,,,
Avviso_2__Vai_3.php,Avviso,Personale,Concorso,high,text,d37260eef72e2ceb80b68a91a03a461a26f9fa1b8582a05242515ec21ff5e1a2,1971,247,150,0,,,0,0,0,2000,,,0,False,False,,,,,,
Avviso_2__Vai_4.php,Avviso,Contabilità,,high,text,4082a4c28c353ed40d083e0dbdd6af2cfe79abddffa6a1e731730c22857a05ee,482,89,53,0,,,0,0,1,"2000,2025",,,0,True,True,,,,,,
Avviso_802021__Vai_1.php,Avviso,Personale,Bando,high,text,dd8356daf8dddbcf2203bd39f1feb3e1e77dde29dd0af11e8100819392e496c7,17298,2850,752,0,,,0,0,10,"2000,2001,2006,2021,2022,2023,2024,2025,2027",,,0,True,True,,,,,,
Avviso_802021__Vai_2.php,Avviso,Contabilità,,high,text,b17b8ac276bd04bb67c1e275a9ffb551ad9f932dec946f07b4f51f3841d75e41,482,89,53,0,,,0,0,1,"2000,2025",,,0,True,True,,,,,,
Avviso___Vai_1.php,Avviso,Regolamenti,Bando,ml_predicted,text,33cf1b9e4c7c376f6161d5dde7ba650f89a7dddfcae07ccf418f64b0d0acc442,3085,476,260,0,,,0,0,2,"2000,2003,2016,2025",,,0,True,True,,,,,,
Avviso___Vai_2.php,Avviso,Cultura e Turismo,Bando,high,text,c9f7e9e5657fd58f8b9067fc7f67215ed10c755dd5c8dbcfafa3b47d4f7af296,7236,1049,436,1,,,0,0,8,"2016,2024,2025,2026",500.0,,0,True,True,,,,,,
Avviso___Vai_3.php,Avviso,Contabilità,Bando,ml_predicted,text,d0d29810490c257d44d10f85d1980e2408bb698eeedec455e80ed28dd50f0178,5485,822,353,13,,,0,0,0,"2000,2003,2013,2016,2025,2026",7.0,7.0,3,True,False,,,,,,
Avviso___Vai_4.php,Avviso,Servizi Demografici,,high,text,bedfc9de57de67fea86d79c8dc0fb3378d25ebac16f53ce8fd539666070b70df,1991,245,161,1,,,0,0,2,"2000,2003,2025,2026",,,0,False,False,,,,,,
Avviso___Vai_5.php,Avviso,Regolamenti,,high,text,2617313ed4e144841d0d50ac706f8142b1d6fdea59909f62e729873000339271,2866,367,218,1,,,0,0,0,"2000,2016,2021,2027",,,0,False,False,,,,,,
Avviso___Vai_6.php,Avviso,Contabilità,Bando,high,text,f97e17dd81137740b04cd3acf0827cf160c71ba44b8b21fee21c8fedc64a6eb9,2060,307,127,6,,,2,2,1,"2000,2025,2026",2900.0,4900.0,6,True,False,,,,,,
Bando_178__Vai_1.php,Bando,Urbanistica,Approvazione Progetto,high,text,d5fe04f12d20d5ec4b1ae5eeca03375c7853c2f3ea7f257fb77e1217f4f65a8e,11967,1878,508,2,,J27D25000050006,0,6,7,"2000,2001,2020,2023,2024,2025",4518910.41,9037820.82,2,True,False,,,,36/2023,,
Bando_178__Vai_2.php,Bando,Urbanistica,Approvazione Progetto,high,text,f157e4efddb10f1451861e7bb47ef263cc14f34dc4cbefc7dcaf9e93198abfe1,1003,156,108,0,,J27D25000050006,0,1,3,"2000,2020,2025",,,0,True,True,,,,,,
Bando_44__Vai_1.php,Bando,Contabilità,,ml_predicted,text,e130798fc9680a267d4ded6aa4b023e392ad6bac29537fa5b8a7b037538b88d2,1681,196,119,0,,,0,0,0,2025,,,0,False,False,,,,,,
Bando_44__Vai_2.php,Bando,Affari Generali,Bando,high,text,134dbd1bfd40b7d4d615055ca589397cffa1a6960c18b41148c87de6ed8f21fc,2362,377,203,0,,,0,0,3,"2016,2025",,,0,False,False,,,,,,
Bando___Vai_1.php,Bando,Regolamenti,,high,text,7d248438e1027e1a2b777a8f4e2ff967be0faf1cf7deec969c7f0330d877a376,4262,605,315,9,,,0,0,1,"2000,2016,2023,2025,2026",13300.0,13300.0,1,False,False,,,,,,
Bando___Vai_2.php,Bando,Regolamenti,Bando,ml_predicted,text,f7376f246d194a4aae1295bb2e317563cb3fd6bfa0344c17691d21ca32d7d39e,5482,844,398,9,,,0,0,3,"2000,2003,2013,2025,2026",13300.0,69132.02,8,True,False,,,,,,
Delibera_105__Vai_1.php,Delibera,Lavori Pubblici,,high,text,c31c7324633ef5c39220b265287446b8359ec02f74de3eb52e5b02685b4f93f1,7804,1272,418,4,,J24J25000320002,0,9,9,"2000,2009,2012,2013,2014,2016,2019,2020,2021,2023,2024,2025,2027",920939.4,4604697.0,5,True,False,,,,50/2016,,
Delibera_107__Vai_1.php,Delibera,Regolamenti,,high,text,761ee2b1f2000fc76b11b5ef8d9cebb898409bf42b3ab3aeaaf1a0d862f36458,4140,638,272,0,,,0,0,4,"2000,2024,2025,2027",,,0,False,False,,,,,,
Delibera_107__Vai_2.php,Delibera,Pubblicazione e Trasparenza,,high,text,18792e6533ac75771ac235d3b6908d6a0cd65a85eede039ed3394cf07f0d4827,865,138,93,0,,,0,0,3,"2000,2025,2027",,,0,False,False,,,,,,
Delibera_113__Vai_1.php,Delibera,Regolamenti,,high,text,de5cc87419327760e335c38f821d20d5bc92f9c45ee3d069ae963a9b2800e67a,5401,862,336,0,,,0,0,5,"2000,2011,2024,2025,2027",,,0,True,True,,,,,,
Delibera_113__Vai_2.php,Delibera,Pubblicazione e Trasparenza,,high,text,c620cc11c5a74a5e6e74a894c965983e7730f4cea3070e2c1afe9b15fb656144,728,118,78,0,,,0,0,3,"2000,2025",,,0,False,False,,,,,,
Delibera_352024__Vai_1.php,Delibera,Contabilità,Liquidazione,high,text,485d4b34a26b4828473a97d107abd15166449f51dff2b2d339540aa6ce43f78b,5567,877,305,7,,,1,1,12,"2000,2024,2025",5000.0,11000.0,7,True,False,mille/00,234516.0,,,,Partita IVA 00000234516 formalmente errata (Checksum fallito)
Delibera_352024__Vai_2.php,Delibera,Contabilità,Liquidazione,high,text,a35a8afdf64bb97ecaa789d541eda0efa0f319275323d3bb15caebf16b3c686d,1193,188,113,3,,,1,1,1,"2000,2024,2025",2000.0,2000.0,3,True,False,,234516.0,,,,Partita IVA 00000234516 formalmente errata (Checksum fallito)
Delibera_76__Vai_1.php,Delibera,Regolamenti,,high,text,08e490f8ef5a362602d9bea7c87955af13a7e3e6a23bdba84f9c0a29a2e40054,5350,860,333,0,,,0,0,5,"2000,2011,2024,2025,2027",,,0,True,True,,,,,,
Delibera_76__Vai_2.php,Delibera,Pubblicazione e Trasparenza,,high,ocr,b39dfeba972f6c7c77882e6964c85a2381d77fb13091d2e56f17c28040b1707d,1539,231,141,1,,,0,0,0,2025,,,0,False,False,,,,,,
Delibera_76__Vai_3.php,Delibera,Pubblicazione e Trasparenza,,high,text,9357103e2103a17aa50ea6656a7c3ecbbcf6abcb210699a1995aeb3331a8f13b,727,118,76,0,,,0,0,3,"2000,2025",,,0,False,False,,,,,,
Delibera_85__Vai_1.php,Delibera,Regolamenti,Bando,high,text,77b139684e68e93f146a9dbb2944b4f3296dd29aefbc664e9b129b82a24b398f,11006,1836,518,33,,J29I25000450007,0,5,5,"2000,2021,2023,2025,2027",1000000.0,7410000.0,32,True,False,,,,36/2023,,
Delibera_85__Vai_2.php,Delibera,Pubblicazione e Trasparenza,,high,text,cf17158515ddff7712ad8a01e32b62d6c24920ad87333eaa87e52b5412b5b5be,1016,161,108,0,,J29I25000450007,0,1,3,"2000,2023,2025",,,0,True,True,,,,36/2023,,
Delibera_86__Vai_1.php,Delibera,Regolamenti,Bando,high,text,4fcb7baedd9d1467fd2dfbbd1a6e965cd1ee540de2f3be65ab2769b8c09d0d68,11180,1866,524,33,,J29I25000440007,0,5,5,"2000,2021,2023,2025,2027",1155963.18,8585779.09,32,True,False,,,,36/2023,,
Delibera_86__Vai_2.php,Delibera,Pubblicazione e Trasparenza,,high,text,d4e9de9cf347647d6c2ad6b21b1684275c4b2afb68520df72a807fe97b3936b0,1017,161,109,0,,J29I25000450007,0,1,3,"2000,2023,2025",,,0,True,True,,,,36/2023,,
Delibera_8__Vai_1.php,Delibera,Contabilità,Liquidazione,high,text,cf88d638ed2578eebe2b457775c99c31d0ac1de0cd1e7c1b0226f78e60a52e9a,11274,1880,549,20,993307157F,F29H10000830003,4,4,11,"2000,2001,2006,2010,2012,2013,2014,2015,2016,2023,2024,2025,2027",8326621.32,19222450.43,16,True,False,,2561540648.0,,,,
Delibera_8__Vai_2.php,Delibera,Contabilità,Liquidazione,high,text,161137d8460a391ec857a80d67c3f2716624861e2c4aa522d9ec62d7b4cf3044,1456,233,141,3,993307157F,F29H10000830003,1,1,1,"2000,2012,2023,2025",327782.16,327782.16,3,True,False,,2561540648.0,,,,
Delibera___Vai_1.php,Delibera,Regolamenti,,ml_predicted,text,fe637e5dc89a656d085e3b72568e93dbfb58ad649adbfe0d5c6e322ee1ffd154,5373,821,335,0,,,0,0,3,"2000,2025",,,0,True,True,,,,,,
Delibera___Vai_2.php,Delibera,Pubblicazione e Trasparenza,,high,text,2858f36eae7425533f8382e8aae7a059b6ed3a875416e29a7cd88e6b02a085e0,814,126,88,0,,,0,0,3,"2000,2025",,,0,False,False,,,,,,
Determinazione_172025__Vai_1.php,Determinazione,Personale,Bando,high,text,d8e838f6dea79acefcb57049491c9cbb44df1f38ae209b9b196b82b2a7496f11,20174,3308,779,0,,,0,0,10,"2000,2001,2006,2021,2022,2023,2024,2025,2027",,,0,True,True,,,,,,
Determinazione_172025__Vai_2.php,Determinazione,Contabilità,,high,text,28ce5b394f148ee3ea90a1e9423564f0a4b004b92df14f843b4ada4de4761052,482,89,53,0,,,0,0,1,"2000,2025",,,0,True,True,,,,,,
Determinazione_212__Vai_1.php,Determinazione,Servizi Demografici,,high,text,8a27290660ea87d7c574471871f4c2b13b0f19864eb92601f71030d84f556b45,10921,1739,406,0,,,0,0,9,"2000,2013,2025",,,0,True,True,,,,,,
Determinazione_212__Vai_2.php,Determinazione,Servizi Demografici,,high,text,2574568cde31ef0757196a79f81cae548040491f9c97aa2d8cc7ab3239f375a3,886,134,98,0,,,0,0,3,"2000,2025",,,0,False,False,,,,,,
Determinazione_362023__Vai_1.php,Determinazione,Servizi Demografici,Liquidazione,high,text,6b3b11905fda7eb999161a3414d34f6479c6d963075f57e69723ee039b3211bb,11026,1807,571,9,B84E93E648,,3,1,10,"2000,2006,2009,2013,2014,2022,2023,2025",616.1,6848.3,6,True,False,,2137910648.0,,36/2023,,
Determinazione_362023__Vai_2.php,Determinazione,Contabilità,,ml_predicted,text,b2ae0809f8cd7d894fe7973095b68a0ed75a84824487728c80d191ad558cb08f,1251,206,129,3,B84E93E648,,1,1,1,"2000,2023,2025",616.1,616.1,3,True,False,,2137910648.0,,36/2023,,
Determinazione_560__Vai_1.php,Determinazione,Servizi Demografici,,high,text,8b801ffae6c7f89d37ffb24541df49b1d976105cafce9da2a3cd64d7a1a0760a,3932,645,245,0,,,0,0,13,"2000,2011,2023,2025,2027",,,0,True,True,,,,,,
Determinazione___Vai_1.php,Determinazione,Contabilità,Liquidazione,high,text,4e34a21ed7e6d3e7c7bcde8e252a116e8a09b313860bbffe3d35643807740e80,11316,1878,486,15,,J25E24000050006,3,3,12,"2000,2001,2012,2023,2024,2025,2026,2027",35000.0,174999.96,15,True,False,euro trentacinquemila/00,,IT84J0306975793100000003453,,,
Determinazione___Vai_2.php,Determinazione,Contabilità,Liquidazione,high,text,345d8f40aaeb232368e3372cb93f04299c4a3ac27935cf6bdc1cefd13a99316a,3179,494,145,9,,J25E24000050006,3,3,1,"2000,2024,2025",11666.66,34999.98,9,True,False,,,,,,
Ordinanza_12025__Vai_1.php,Ordinanza,Contenzioso,Liquidazione,high,text,be7e8b4bed81f46db1070be953f73682bd53c1927104be8d742eeead76bc76cb,8969,1479,512,5,B61102E182,,5,1,15,"2000,2001,2006,2012,2013,2018,2023,2024,2025",11142.13,13635.23,5,False,False,,2961561210.0,,36/2023,,
Ordinanza_12025__Vai_2.php,Ordinanza,Contabilità,Liquidazione,high,text,34be10c0ff67c859b54c4ea7a079e0c546a6b56793278b8d259d0d2f25d8865c,1370,220,125,3,B61102E182,,2,1,1,"2000,2025",1320.0,1320.0,3,False,False,,2961561210.0,,,,
Ordinanza_40__Vai_1.php,Ordinanza,Contenzioso,,high,text,4c305cc07ad3d44f4a8326aa7ce4c47e8eef92abb81035f124f4ba2cdd96e751,4138,700,303,0,,,0,0,6,"2000,2014,2018,2025",,,0,False,False,,2561540648.0,,,,
Ordinanza_4102025__Vai_1.php,Ordinanza,Contenzioso,Nomina,high,text,d93460374f4fbc407b19c9f29058725b81cdb302df2e62e29973dbdf668c94ba,9296,1513,528,4,,,1,1,11,"2000,2001,2012,2013,2016,2018,2023,2024,2025",1500.0,3000.0,4,False,False,,3110370651.0,,50/2016,,
Ordinanza_4102025__Vai_2.php,Ordinanza,Contabilità,Nomina,high,text,cad3929d0366b7ec7d4e3a84864bc6cb0c0e00f3d612bb5174f13252d9060057,1223,197,124,3,,,1,1,1,"2000,2025",1500.0,1500.0,3,False,False,,3110370651.0,,,,
Ordinanza_41__Vai_1.php,Ordinanza,Affari Generali,,ml_predicted,text,3afd8b8463fdbd85e5d915c9a9391a8e892f1906fd0099b01577e84fed62836f,5180,831,337,0,,,0,0,6,"2000,2025",,,0,False,False,,,,,,
Ordinanza___Vai_1.php,Ordinanza,Contenzioso,,ml_predicted,text,631bd970a57e379301e194b9f93cce61b837e0c7cdc4a8112ccf08f79c0c89a3,4181,697,313,0,,,0,0,6,"2000,2003,2016,2018,2025",,,0,False,False,,,,,,
